CustomerID,Recency,Frequency,Monetary,Monetary_log,Cluster,Segment
12346.0,326,1,77183.6,11.253955234248428,0,Loyal Customers
12347.0,2,7,4310.0,8.368925174747135,0,Loyal Customers
12348.0,75,4,1797.24,7.494563687769957,0,Loyal Customers
12349.0,19,1,1757.55,7.472244884833674,0,Loyal Customers
12350.0,310,1,334.40000000000003,5.815323849389109,2,Hibernating
12352.0,36,7,1665.74,7.418624901780156,0,Loyal Customers
12353.0,204,1,89.0,4.499809670330265,2,Hibernating
12354.0,232,1,1079.4,6.985086621918461,2,Hibernating
12355.0,214,1,459.40000000000003,6.132095676847728,2,Hibernating
12356.0,23,3,2811.43,7.941804157314053,0,Loyal Customers
12357.0,33,1,6207.67,8.733701981297274,0,Loyal Customers
12358.0,2,2,1168.06,7.063955286074528,1,At Risk
12359.0,58,4,6310.03,8.750054175177759,0,Loyal Customers
12360.0,52,3,2662.06,7.887231116540211,0,Loyal Customers
12361.0,287,1,189.9,5.251749730731702,2,Hibernating
12362.0,3,10,5226.2300000000005,8.56163678004062,0,Loyal Customers
12363.0,110,2,552.0,6.315358001522335,1,At Risk
12364.0,8,4,1313.1,7.180907299649593,0,Loyal Customers
12365.0,291,1,320.69,5.773588348900164,2,Hibernating
12367.0,4,1,168.9,5.135210028677887,1,At Risk
12370.0,51,4,3541.94,8.172712169921061,0,Loyal Customers
12371.0,45,2,1887.96,7.543781692052325,0,Loyal Customers
12372.0,72,3,1298.04,7.169380809114136,1,At Risk
12373.0,311,1,364.6,5.901539839579995,2,Hibernating
12374.0,25,1,742.9300000000001,6.6119469443852195,1,At Risk
12375.0,11,2,457.5,6.127960291696519,1,At Risk
12377.0,315,2,1628.1200000000001,7.395795270713971,2,Hibernating
12378.0,130,1,4008.62,8.29645175271804,0,Loyal Customers
12379.0,82,2,852.24,6.749040867823617,1,At Risk
12380.0,22,4,2724.81,7.910520910634419,0,Loyal Customers
12381.0,5,5,1845.31,7.520944331624911,0,Loyal Customers
12383.0,185,5,1850.56,7.523783805985769,0,Loyal Customers
12384.0,29,2,585.27,6.373780434317173,1,At Risk
12386.0,338,2,401.9,5.998688392197302,2,Hibernating
12388.0,16,6,2780.6600000000003,7.930803150780257,0,Loyal Customers
12390.0,80,1,549.84,6.311444385858925,1,At Risk
12391.0,22,1,439.66,6.0882736030360425,1,At Risk
12393.0,72,4,1582.6000000000001,7.3674560152319755,0,Loyal Customers
12394.0,64,2,1272.48,7.149508589545504,1,At Risk
12395.0,19,12,3018.63,8.012889586306857,0,Loyal Customers
12397.0,36,2,2409.9,7.7877554007552545,0,Loyal Customers
12398.0,46,1,1635.6599999999999,7.4004128587924045,1,At Risk
12399.0,119,4,1108.65,7.011799929268738,1,At Risk
12401.0,303,1,84.3,4.446174454497633,2,Hibernating
12402.0,323,1,225.60000000000002,5.423186348593906,2,Hibernating
12403.0,50,1,427.7,6.0607573736039315,1,At Risk
12405.0,149,1,1710.39,7.445061184797548,1,At Risk
12406.0,22,2,3415.3,8.136313373066384,0,Loyal Customers
12407.0,50,5,1708.12,7.4437338971514055,0,Loyal Customers
12408.0,33,5,2888.55,7.968856059639959,0,Loyal Customers
12409.0,79,3,11072.67,9.312325497408466,0,Loyal Customers
12410.0,309,2,693.33,6.542947351813216,2,Hibernating
12412.0,75,3,1226.88,7.1130443840624835,1,At Risk
12413.0,67,3,758.1,6.632133521022722,1,At Risk
12414.0,217,3,562.4100000000001,6.334007604663526,2,Hibernating
12415.0,24,21,124914.53,11.735393027855736,0,Loyal Customers
12417.0,3,9,3649.1,8.202509843461513,0,Loyal Customers
12418.0,113,1,668.58,6.506650650150935,1,At Risk
12420.0,64,1,600.39,6.3992436425478765,1,At Risk
12421.0,16,4,807.04,6.69461156224626,1,At Risk
12422.0,96,3,803.5600000000001,6.690295544136225,1,At Risk
12423.0,1,8,1859.31,7.528498419486568,0,Loyal Customers
12424.0,163,2,1760.96,7.474182104762846,1,At Risk
12425.0,78,1,777.2,6.6569835605504535,1,At Risk
12426.0,195,1,582.73,6.369438547154207,2,Hibernating
12427.0,22,3,825.8000000000001,6.717562827807614,1,At Risk
12428.0,26,8,7405.26,8.9100808675276,0,Loyal Customers
12429.0,9,4,3750.4,8.22988438262624,0,Loyal Customers
12430.0,43,1,256.4,5.5506312951620265,1,At Risk
12431.0,36,15,6419.95,8.767321360814657,0,Loyal Customers
12432.0,43,5,5059.32,8.529185001388596,0,Loyal Customers
12433.0,1,7,13375.87,9.50128237507538,0,Loyal Customers
12434.0,85,2,806.14,6.6934971352559,1,At Risk
12435.0,80,2,7829.89,8.965831447914955,0,Loyal Customers
12436.0,100,1,509.01,6.234430333369278,1,At Risk
12437.0,2,18,4951.41,8.507629605767502,0,Loyal Customers
12438.0,14,2,2906.85,7.9751692554798295,0,Loyal Customers
12441.0,367,1,173.55,5.162211233551045,2,Hibernating
12442.0,3,1,172.06,5.153638355178593,1,At Risk
12444.0,21,5,5005.46,8.518484357502437,0,Loyal Customers
12445.0,22,1,133.4,4.900820428089049,1,At Risk
12446.0,58,1,1002.3100000000001,6.9110598129904375,1,At Risk
12447.0,243,1,476.49,6.168543217293113,2,Hibernating
12448.0,44,1,449.45,6.110247083097449,1,At Risk
12449.0,22,4,4067.29,8.310978042729836,0,Loyal Customers
12450.0,156,2,197.88,5.292701627762401,2,Hibernating
12451.0,11,5,9035.52,9.109029423519523,0,Loyal Customers
12452.0,17,2,430.57000000000005,6.067429722163682,1,At Risk
12453.0,134,1,707.09,6.562571204258897,1,At Risk
12454.0,56,1,3528.34,8.168866163607964,0,Loyal Customers
12455.0,73,6,2466.86,7.81110665732229,0,Loyal Customers
12456.0,44,3,3181.04,8.065277779528966,0,Loyal Customers
12457.0,66,7,2363.23,7.768207666517555,0,Loyal Customers
12458.0,71,2,947.4,6.854776354191251,1,At Risk
12461.0,94,2,826.88,6.718868216346018,1,At Risk
12462.0,19,2,1189.59,7.082204261557526,1,At Risk
12463.0,53,4,1344.78,7.204729049594601,1,At Risk
12464.0,10,8,1212.05,7.100893128209941,0,Loyal Customers
12465.0,17,2,742.19,6.610951732080795,1,At Risk
12468.0,188,2,729.54,6.593783986707386,2,Hibernating
12471.0,2,29,19758.65,9.891397258594383,0,Loyal Customers
12472.0,32,7,6572.11,8.790742363252102,0,Loyal Customers
12473.0,54,3,2873.73,7.963714035777866,0,Loyal Customers
12474.0,17,18,7324.09,8.899060720499207,0,Loyal Customers
12475.0,54,1,723.38,6.585316116572351,1,At Risk
12476.0,16,11,6816.42,8.82723638014411,0,Loyal Customers
12477.0,23,6,13219.74,9.489542087633343,0,Loyal Customers
12478.0,4,1,680.99,6.525014994979364,1,At Risk
12479.0,11,1,527.2,6.269474999863032,1,At Risk
12480.0,28,4,3281.63,8.096400209353131,0,Loyal Customers
12481.0,23,10,5579.82,8.62709099798378,0,Loyal Customers
12483.0,17,8,2484.98,7.8184222269860015,0,Loyal Customers
12484.0,33,6,4527.32,8.418106288764006,0,Loyal Customers
12488.0,10,3,1298.66,7.169857970780942,1,At Risk
12489.0,336,1,334.93,5.816902804925467,2,Hibernating
12490.0,5,10,5417.93,8.597653657970227,0,Loyal Customers
12491.0,39,1,460.40000000000003,6.134265345739653,1,At Risk
12492.0,63,2,263.21000000000004,5.5767442414854775,1,At Risk
12493.0,166,2,433.74,6.0747481512447195,2,Hibernating
12494.0,16,7,1246.1,7.128576134926702,0,Loyal Customers
12497.0,82,1,1043.1,6.950910549296065,1,At Risk
12498.0,21,3,403.70000000000005,6.00314605188182,1,At Risk
12500.0,23,11,4257.82,8.356747405587967,0,Loyal Customers
12501.0,337,1,2169.39,7.682662153888476,2,Hibernating
12502.0,96,5,3723.87,8.222787230875806,0,Loyal Customers
12504.0,18,2,482.04999999999995,6.180120167963518,1,At Risk
12506.0,233,1,73.5,4.310799125385514,2,Hibernating
12507.0,134,3,1304.81,7.174578816863813,1,At Risk
12508.0,26,2,397.88,5.988660619775247,1,At Risk
12509.0,284,1,176.5,5.178970608915471,2,Hibernating
12510.0,143,2,982.5699999999999,6.8911888096735625,1,At Risk
12512.0,66,2,132.18,4.891701596682476,1,At Risk
12513.0,113,1,612.29,6.418837907265026,1,At Risk
12514.0,267,1,1017.6800000000001,6.926262950537877,2,Hibernating
12515.0,353,1,383.7,5.95246380975825,2,Hibernating
12516.0,78,2,1312.06,7.180115570136106,1,At Risk
12517.0,28,5,2481.6,7.817061677081847,0,Loyal Customers
12518.0,1,5,2056.89,7.629436465014086,0,Loyal Customers
12519.0,64,1,330.84000000000003,5.804652925041163,1,At Risk
12520.0,79,5,2634.26,7.876737127834484,0,Loyal Customers
12521.0,143,1,599.68,6.39806234681208,1,At Risk
12522.0,39,2,192.72,5.266413817535028,1,At Risk
12523.0,19,11,1789.77,7.490400973937009,0,Loyal Customers
12524.0,9,8,4485.72,8.408877201532766,0,Loyal Customers
12526.0,1,3,1316.66,7.183612715167257,1,At Risk
12527.0,82,3,348.71000000000004,5.857104239599851,1,At Risk
12528.0,9,6,1933.48,7.567593835498341,0,Loyal Customers
12530.0,60,4,1662.28,7.416546835435133,0,Loyal Customers
12531.0,15,1,125.22,4.838026416156094,1,At Risk
12532.0,30,1,349.83000000000004,5.860301775655642,1,At Risk
12534.0,131,1,1089.18,6.9940980992041535,1,At Risk
12535.0,92,2,716.35,6.575563866544399,1,At Risk
12536.0,59,1,4279.71,8.361874162668443,0,Loyal Customers
12538.0,29,1,363.95,5.899760357897641,1,At Risk
12539.0,22,4,5568.35,8.625033629522884,0,Loyal Customers
12540.0,20,17,13400.24,9.503102518971122,0,Loyal Customers
12541.0,30,3,981.18,6.889774590946187,1,At Risk
12544.0,36,1,372.7,5.923453336491439,1,At Risk
12545.0,75,2,1000.39,6.9091443138264115,1,At Risk
12546.0,47,2,1161.5,7.058328137461511,1,At Risk
12547.0,198,2,207.8,5.341376856008484,2,Hibernating
12548.0,166,1,95.19999999999999,4.566429357671661,2,Hibernating
12550.0,79,1,964.83,6.872987835288763,1,At Risk
12551.0,358,1,168.0,5.1298987149230735,2,Hibernating
12552.0,39,2,437.82,6.084089306213804,1,At Risk
12553.0,8,10,3692.28,8.214270231095687,0,Loyal Customers
12556.0,50,2,599.56,6.397862553264747,1,At Risk
12557.0,16,5,11990.960000000001,9.391991704219834,0,Loyal Customers
12558.0,8,1,269.96,5.601971208509516,1,At Risk
12559.0,311,2,561.71,6.33276439774036,2,Hibernating
12560.0,5,3,2134.01,7.666226609492505,0,Loyal Customers
12561.0,303,1,238.85,5.480013727948073,2,Hibernating
12562.0,8,7,3781.7400000000002,8.23820389374878,0,Loyal Customers
12564.0,261,1,456.90000000000003,6.12665081966305,2,Hibernating
12565.0,289,1,145.92000000000002,4.989888220951467,2,Hibernating
12566.0,86,1,351.65,5.865476063654188,1,At Risk
12567.0,23,10,9401.28,9.148707492038316,0,Loyal Customers
12569.0,2,32,4124.6900000000005,8.324988557507531,0,Loyal Customers
12571.0,40,2,519.61,6.255001200981438,1,At Risk
12572.0,9,2,1020.4200000000001,6.928949094989139,1,At Risk
12573.0,227,1,160.54000000000002,5.08475279001415,2,Hibernating
12574.0,316,1,218.45000000000002,5.391124416134243,2,Hibernating
12576.0,36,5,1315.83,7.182982612166326,0,Loyal Customers
12577.0,35,3,622.65,6.435589313571718,1,At Risk
12578.0,21,2,2794.51,7.935769837637909,0,Loyal Customers
12579.0,78,1,440.42,6.0899968031722285,1,At Risk
12580.0,247,1,415.7,6.032366538428407,2,Hibernating
12581.0,40,1,197.71,5.291846475417725,1,At Risk
12582.0,239,2,511.36,6.239027502962935,2,Hibernating
12583.0,3,15,7281.38,8.89321301083995,0,Loyal Customers
12584.0,4,9,2338.15,7.757542894498013,0,Loyal Customers
12585.0,234,2,2040.1,7.621244157199997,2,Hibernating
12586.0,17,1,196.94000000000003,5.2879639544685455,1,At Risk
12587.0,8,1,144.0,4.976733742420574,1,At Risk
12588.0,39,1,214.89999999999998,5.3748153375207615,1,At Risk
12589.0,29,2,646.68,6.473396747218992,1,At Risk
12590.0,211,2,9864.26,9.196774773912752,0,Loyal Customers
12591.0,317,1,452.84999999999997,6.117766746972636,2,Hibernating
12592.0,92,2,437.6,6.083587835983788,1,At Risk
12593.0,109,3,418.1,6.038109554931026,1,At Risk
12594.0,38,10,3338.2200000000003,8.113492525763553,0,Loyal Customers
12596.0,51,2,618.27,6.428541364981557,1,At Risk
12597.0,19,4,3811.22,8.245966975595675,0,Loyal Customers
12598.0,10,8,3023.08,8.01436219197595,0,Loyal Customers
12599.0,29,7,1032.58,6.940783782995926,0,Loyal Customers
12600.0,29,10,2599.04,7.863282108506616,0,Loyal Customers
12601.0,190,5,577.0600000000001,6.359677669513258,2,Hibernating
12602.0,59,1,153.12,5.037731519757957,1,At Risk
12603.0,22,1,739.1999999999999,6.606920419952056,1,At Risk
12604.0,79,2,254.18,5.541969178493598,1,At Risk
12607.0,60,1,1579.51,7.3655028587473295,1,At Risk
12609.0,78,3,1126.85,7.0280684444921455,1,At Risk
12610.0,23,5,2099.54,7.6499497335130995,0,Loyal Customers
12611.0,52,1,1193.32,7.085332264745334,1,At Risk
12612.0,74,1,704.04,6.558254538791405,1,At Risk
12613.0,57,5,3344.38,8.115335568501695,0,Loyal Customers
12614.0,278,1,315.6,5.757639147446912,2,Hibernating
12615.0,2,4,2291.19,7.73726297143202,0,Loyal Customers
12616.0,95,2,713.3,6.571303042160927,1,At Risk
12617.0,29,1,352.98,5.869240414362608,1,At Risk
12618.0,22,1,177.31,5.183523608545955,1,At Risk
12619.0,16,8,3251.56,8.087197657564705,0,Loyal Customers
12620.0,15,3,1339.41,7.20073081629489,1,At Risk
12621.0,2,20,13689.67,9.524469857917655,0,Loyal Customers
12622.0,232,1,180.1,5.199049364889367,2,Hibernating
12623.0,276,1,305.1,5.723911845951367,2,Hibernating
12624.0,106,2,641.13,6.464790775403018,1,At Risk
12625.0,212,2,2683.82,7.895368965589599,2,Hibernating
12626.0,23,9,6620.4800000000005,8.798074188898816,0,Loyal Customers
12627.0,11,7,4478.53,8.407273409191232,0,Loyal Customers
12628.0,4,3,786.46,6.668812575758953,1,At Risk
12630.0,10,2,1270.88,7.1482513998271635,1,At Risk
12631.0,57,1,640.5,6.463809184055691,1,At Risk
12633.0,59,4,2163.98,7.6801664025186325,0,Loyal Customers
12635.0,90,2,1689.18,7.432590311121191,1,At Risk
12637.0,67,8,6002.9,8.70016453705169,0,Loyal Customers
12638.0,33,1,671.69,6.511284599453549,1,At Risk
12639.0,239,1,486.1,6.188469440812497,2,Hibernating
12640.0,24,3,1174.58,7.06951692181073,1,At Risk
12641.0,115,1,185.9,5.230573714461517,1,At Risk
12642.0,25,3,1013.26,6.9219145615400475,1,At Risk
12643.0,128,6,3344.64,8.11541328460481,0,Loyal Customers
12644.0,130,1,477.90999999999997,6.171512688316606,1,At Risk
12645.0,34,4,1775.18,7.482220269767765,0,Loyal Customers
12646.0,5,2,1346.97,7.206355036031724,1,At Risk
12647.0,22,12,3722.82,8.222505302105255,0,Loyal Customers
12648.0,155,1,318.05,5.765347830314356,2,Hibernating
12649.0,107,3,623.51,6.4369673422476765,1,At Risk
12650.0,3,1,314.44,5.753968489569372,1,At Risk
12651.0,335,1,114.0,4.74493212836325,2,Hibernating
12652.0,331,1,919.98,6.82543832049292,2,Hibernating
12653.0,149,2,2209.85,7.701132335950876,0,Loyal Customers
12654.0,11,5,601.98,6.401884028681278,1,At Risk
12656.0,17,5,4051.17,8.30700781907883,0,Loyal Customers
12657.0,11,4,1643.18,7.4049970586737315,0,Loyal Customers
12658.0,19,1,686.05,6.532407069777784,1,At Risk
12659.0,30,1,91.68,4.529152699564175,1,At Risk
12660.0,11,1,245.10000000000002,5.50573795739701,1,At Risk
12662.0,1,11,3849.78,8.256031004164345,0,Loyal Customers
12664.0,8,9,4881.88,8.49349048870337,0,Loyal Customers
12665.0,325,1,63.0,4.1588830833596715,2,Hibernating
12667.0,58,1,620.13,6.431540399799522,1,At Risk
12668.0,12,4,3807.15,8.244898785891763,0,Loyal Customers
12669.0,151,2,1607.73,7.383200326820626,1,At Risk
12670.0,10,5,2996.05,8.005383750527514,0,Loyal Customers
12672.0,330,1,225.9,5.424509391785796,2,Hibernating
12673.0,5,2,610.52,6.415947661051908,1,At Risk
12674.0,39,4,1970.6,7.586600674831223,0,Loyal Customers
12676.0,25,6,1331.39,7.194729601037682,0,Loyal Customers
12678.0,42,12,17628.46,9.777326645314199,0,Loyal Customers
12679.0,59,4,1113.02,7.015730373647435,1,At Risk
12680.0,1,4,862.81,6.761352837213469,1,At Risk
12681.0,15,22,13787.54,9.531593091360708,0,Loyal Customers
12682.0,4,31,12279.82,9.415793974716065,0,Loyal Customers
12683.0,4,15,8476.57,9.045179131116987,0,Loyal Customers
12684.0,8,6,2253.63,7.720741158651595,0,Loyal Customers
12685.0,28,6,2863.08,7.960002460651312,0,Loyal Customers
12686.0,372,1,89.14,4.501364017262502,2,Hibernating
12688.0,114,1,4873.81,8.491836408313453,0,Loyal Customers
12689.0,26,2,1247.6100000000001,7.1297862115656185,1,At Risk
12690.0,206,1,389.01,5.966172379820607,2,Hibernating
12691.0,28,6,1035.8,6.94389432559801,1,At Risk
12693.0,127,4,855.91,6.753332895580138,1,At Risk
12694.0,70,2,869.67,6.769263030204804,1,At Risk
12695.0,7,4,582.1,6.368358698228111,1,At Risk
12697.0,29,3,957.59,6.865463454791294,1,At Risk
12700.0,8,4,4939.99,8.505320994961897,0,Loyal Customers
12701.0,80,2,797.71,6.682997926190526,1,At Risk
12702.0,20,1,219.0,5.393627546352361,1,At Risk
12703.0,71,1,283.55,5.650908985049133,1,At Risk
12704.0,7,8,2340.84,7.758692224146705,0,Loyal Customers
12705.0,15,9,6868.29,8.834816031986259,0,Loyal Customers
12707.0,292,1,603.42,6.404269320519532,2,Hibernating
12708.0,30,10,2712.91,7.906145678459555,0,Loyal Customers
12709.0,15,15,9706.52,9.180656121866384,0,Loyal Customers
12710.0,97,3,1149.02,7.047534612510416,1,At Risk
12712.0,29,13,4396.13,8.388707334356674,0,Loyal Customers
12713.0,1,1,848.55,6.744706797531768,1,At Risk
12714.0,9,5,4708.86,8.45741346257719,0,Loyal Customers
12715.0,106,1,343.36,5.841687621789754,1,At Risk
12716.0,4,2,1053.49,6.960812516706486,1,At Risk
12717.0,151,2,1030.98,6.939234566008755,1,At Risk
12718.0,71,1,238.25,5.477509030333064,1,At Risk
12719.0,5,2,644.95,6.47072210140631,1,At Risk
12720.0,3,25,5781.7300000000005,8.662631168498327,0,Loyal Customers
12721.0,32,6,2656.13,7.885001871924596,0,Loyal Customers
12722.0,85,4,997.63,6.906384339674138,1,At Risk
12723.0,4,5,725.07,6.587646428909592,1,At Risk
12724.0,5,4,1031.41,6.9396511539657,1,At Risk
12725.0,371,1,427.8,6.060990609756592,2,Hibernating
12726.0,28,7,2609.1,7.867143813759015,0,Loyal Customers
12727.0,11,7,3980.7000000000003,8.2894641427604,0,Loyal Customers
12728.0,71,4,836.33,6.7302182580203365,1,At Risk
12729.0,114,1,453.01,6.118119224230488,1,At Risk
12731.0,24,12,18895.91,9.846753695617958,0,Loyal Customers
12732.0,180,1,236.26000000000002,5.469156586232957,2,Hibernating
12733.0,234,1,383.95,5.953113455724059,2,Hibernating
12734.0,353,1,110.39999999999999,4.713127327493184,2,Hibernating
12735.0,315,2,779.5699999999999,6.660024422032584,2,Hibernating
12736.0,333,1,234.0,5.459585514144159,2,Hibernating
12738.0,372,1,155.35,5.05209708390385,2,Hibernating
12739.0,78,2,1013.04,6.921697631104842,1,At Risk
12740.0,64,1,427.6,6.060524083039477,1,At Risk
12743.0,134,2,540.13,6.293659545728696,1,At Risk
12744.0,56,4,9120.39,9.118377483735507,0,Loyal Customers
12747.0,2,11,4196.01,8.342127645985029,0,Loyal Customers
12748.0,1,206,31654.78,10.362676033331734,3,Champions
12749.0,4,5,4090.88,8.316759801128319,0,Loyal Customers
12750.0,129,1,275.88,5.623584199327089,1,At Risk
12752.0,81,1,4366.78,8.38201014985595,0,Loyal Customers
12753.0,23,6,21429.39,9.972565287088774,0,Loyal Customers
12754.0,236,3,3010.74,8.010273263812737,2,Hibernating
12755.0,281,2,3811.9500000000003,8.246158446737232,2,Hibernating
12756.0,87,1,112.08,4.72809553282539,1,At Risk
12757.0,16,9,4232.75,8.350843404131982,0,Loyal Customers
12758.0,117,2,2791.59,7.934724759609325,0,Loyal Customers
12759.0,52,3,1531.44,7.334616515331031,0,Loyal Customers
12762.0,8,2,1898.52,7.549356501658852,0,Loyal Customers
12763.0,138,2,494.08,6.204719365671822,1,At Risk
12764.0,317,1,1693.88,7.435367220848186,2,Hibernating
12766.0,4,7,6989.63,8.852325959921869,0,Loyal Customers
12769.0,239,1,1143.6,7.042810509975002,2,Hibernating
12770.0,211,1,1351.45,7.209673041460572,2,Hibernating
12772.0,60,1,892.47,6.795112758210396,1,At Risk
12775.0,17,5,1386.04,7.23492725912033,0,Loyal Customers
12778.0,20,6,822.23,6.713235627004493,1,At Risk
12779.0,38,8,3981.36,8.289629887368429,0,Loyal Customers
12781.0,64,2,826.74,6.718699095412067,1,At Risk
12782.0,5,5,2330.92,7.754447241564618,0,Loyal Customers
12783.0,2,4,1603.87,7.380798035398956,0,Loyal Customers
12784.0,9,2,532.82,6.280058703484731,1,At Risk
12785.0,364,1,311.95,5.74604343337071,2,Hibernating
12787.0,10,3,463.66,6.141305955347142,1,At Risk
12789.0,65,1,91.85,4.530985287798715,1,At Risk
12790.0,192,1,324.92,5.786651952478496,2,Hibernating
12791.0,374,1,192.60000000000002,5.265794174842477,2,Hibernating
12792.0,257,1,400.54,5.995307154825432,2,Hibernating
12793.0,335,2,545.48,6.303497710423594,2,Hibernating
12794.0,53,2,860.41,6.758570581561217,1,At Risk
12795.0,19,1,430.48,6.067221159507229,1,At Risk
12797.0,366,1,254.03,5.541381185297377,2,Hibernating
12798.0,10,3,6977.04,8.85052335403181,0,Loyal Customers
12802.0,187,1,427.58,6.060477418394936,2,Hibernating
12808.0,37,3,483.65000000000003,6.183426980938617,1,At Risk
12809.0,178,1,489.31,6.1950378441253156,2,Hibernating
12811.0,261,3,514.85,6.245816025546385,2,Hibernating
12812.0,45,1,229.64000000000001,5.440858053330147,1,At Risk
12814.0,102,1,125.92,4.843556966714995,1,At Risk
12815.0,148,2,1063.46,6.970222907300612,1,At Risk
12816.0,96,2,572.2,6.351234695954017,1,At Risk
12817.0,281,1,166.04000000000002,5.118233304694274,2,Hibernating
12818.0,262,1,1542.08,7.341535698070348,2,Hibernating
12820.0,3,4,942.34,6.849426769082011,1,At Risk
12821.0,214,1,92.72,4.540311613639595,2,Hibernating
12822.0,71,2,948.88,6.856335660826602,1,At Risk
12823.0,75,5,1759.5,7.473353138595107,0,Loyal Customers
12824.0,60,1,397.12,5.986753467377863,1,At Risk
12826.0,3,7,1474.72,7.296901285267718,0,Loyal Customers
12827.0,6,3,430.15,6.066456057398334,1,At Risk
12828.0,3,6,1018.71,6.927273552128017,1,At Risk
12829.0,337,2,293.0,5.683579767338681,2,Hibernating
12830.0,38,6,6814.64,8.826975250212882,0,Loyal Customers
12831.0,262,1,215.05,5.3755098623779425,2,Hibernating
12832.0,32,2,383.03000000000003,5.950720674536128,1,At Risk
12833.0,145,1,417.38,6.0363901104609745,1,At Risk
12834.0,283,1,312.38,5.7474165116762626,2,Hibernating
12836.0,59,4,2610.36,7.867626437402386,0,Loyal Customers
12837.0,173,1,134.1,4.906015244966153,2,Hibernating
12838.0,34,2,671.95,6.5116710326797245,1,At Risk
12839.0,3,14,5591.42,8.629167388389371,0,Loyal Customers
12840.0,144,4,2726.77,7.911239704558553,0,Loyal Customers
12841.0,5,25,3991.58,8.292192917458863,0,Loyal Customers
12842.0,70,2,1118.99,7.0210750356778515,1,At Risk
12843.0,66,8,1702.26,7.440299340765267,0,Loyal Customers
12844.0,29,2,325.96000000000004,5.789837839256022,1,At Risk
12845.0,267,4,354.09000000000003,5.872371278471126,2,Hibernating
12847.0,22,1,843.64,6.738910501075306,1,At Risk
12849.0,31,2,992.65,6.901385031974294,1,At Risk
12851.0,97,1,131.81,4.8889195354121595,1,At Risk
12852.0,295,1,311.55,5.744764456377822,2,Hibernating
12853.0,135,6,1957.1000000000001,7.579729894309281,0,Loyal Customers
12854.0,79,3,1316.25,7.183301509089395,1,At Risk
12855.0,373,1,38.1,3.66612246699132,2,Hibernating
12856.0,8,6,2170.78,7.683302386789297,0,Loyal Customers
12857.0,211,2,1106.4,7.009770204388867,2,Hibernating
12863.0,52,1,521.2,6.258050656265029,1,At Risk
12864.0,138,1,147.12,4.998022756045412,1,At Risk
12865.0,26,2,1568.23,7.358340332174572,1,At Risk
12866.0,283,1,559.12,6.3281510464875765,2,Hibernating
12867.0,26,7,4009.34,8.296631304736238,0,Loyal Customers
12868.0,186,6,1607.0600000000002,7.3827837624756185,2,Hibernating
12871.0,84,2,380.64,5.9444777558836455,1,At Risk
12872.0,327,2,599.97,6.398545016483998,2,Hibernating
12873.0,282,1,374.0,5.926926025970411,2,Hibernating
12875.0,143,2,343.2300000000001,5.841310038608051,1,At Risk
12876.0,58,2,2218.02,7.704820935960926,0,Loyal Customers
12877.0,4,12,1535.77,7.337438090181038,0,Loyal Customers
12878.0,236,2,854.99,6.752258693830513,2,Hibernating
12879.0,45,3,573.22,6.353012598149689,1,At Risk
12881.0,276,1,298.0,5.700443573390686,2,Hibernating
12882.0,9,2,1463.04,7.288955016552379,1,At Risk
12883.0,25,4,703.47,6.5574457470395595,1,At Risk
12884.0,88,1,309.05,5.736733574795887,1,At Risk
12885.0,63,3,1175.22,7.0700611857921905,1,At Risk
12886.0,68,2,1378.4,7.229403900997191,1,At Risk
12888.0,214,2,354.12,5.87245576052578,2,Hibernating
12890.0,24,1,376.71999999999997,5.934153180394868,1,At Risk
12891.0,186,3,331.0,5.805134968916488,2,Hibernating
12893.0,31,1,176.55,5.179252259389097,1,At Risk
12895.0,42,2,372.8,5.923720895021463,1,At Risk
12897.0,205,2,216.5,5.382198850528739,2,Hibernating
12901.0,9,28,17654.54,9.778804894130932,0,Loyal Customers
12902.0,265,1,138.68,4.939354092091292,2,Hibernating
12904.0,18,2,496.06,6.208710743156108,1,At Risk
12906.0,12,5,2919.81,7.979616254055095,0,Loyal Customers
12908.0,176,2,750.0,6.621405651764134,2,Hibernating
12909.0,40,5,2178.67,7.68692876817782,0,Loyal Customers
12910.0,23,8,3075.04,8.031398334442155,0,Loyal Customers
12912.0,3,5,1662.3,7.416558859796489,0,Loyal Customers
12913.0,5,5,2483.63,7.817879034084852,0,Loyal Customers
12915.0,149,2,363.65,5.898937989430242,1,At Risk
12916.0,139,4,2944.95,7.988186624712898,0,Loyal Customers
12917.0,128,1,594.0,6.38856140554563,1,At Risk
12919.0,8,6,1335.19,7.197577559553778,0,Loyal Customers
12920.0,17,1,162.78,5.098524063842042,1,At Risk
12921.0,9,37,16587.09,9.716440246960428,0,Loyal Customers
12922.0,161,1,405.38,6.007288682454868,2,Hibernating
12923.0,64,1,171.57,5.150802951259488,1,At Risk
12924.0,88,4,925.75,6.8316838420308414,1,At Risk
12925.0,5,2,694.05,6.5439837854231016,1,At Risk
12928.0,35,5,2062.7,7.632255767200078,0,Loyal Customers
12929.0,312,1,117.85,4.777862193806203,2,Hibernating
12930.0,78,2,415.8,6.032606490439157,1,At Risk
12931.0,22,15,42055.96,10.646780168946005,0,Loyal Customers
12933.0,24,3,607.53,6.411046212773516,1,At Risk
12935.0,2,7,2160.7,7.678650228164007,0,Loyal Customers
12936.0,17,4,1063.9,6.970636177021338,1,At Risk
12937.0,15,4,1504.27,7.316727563085719,0,Loyal Customers
12938.0,26,1,114.14,4.7461487792476635,1,At Risk
12939.0,64,8,11581.8,9.357276518099342,0,Loyal Customers
12940.0,55,2,899.69,6.803161136252212,1,At Risk
12942.0,131,3,675.6,6.517080256346608,1,At Risk
12944.0,36,2,604.51,6.406071078133402,1,At Risk
12945.0,288,1,462.95,6.139776787799188,2,Hibernating
12947.0,144,6,1603.99,7.380872805015112,0,Loyal Customers
12948.0,16,7,2064.95,7.63334544803145,0,Loyal Customers
12949.0,31,8,4167.22,8.335244365149629,0,Loyal Customers
12950.0,2,3,1843.0,7.519692404116539,0,Loyal Customers
12951.0,9,6,1064.07,6.970795803683085,0,Loyal Customers
12952.0,6,4,1387.79,7.236188143419333,0,Loyal Customers
12953.0,10,1,329.85,5.801665100458068,1,At Risk
12955.0,1,11,4757.16,8.46761631787212,0,Loyal Customers
12956.0,306,1,108.07,4.691989877940651,2,Hibernating
12957.0,10,8,4017.54,8.298673931566155,0,Loyal Customers
12962.0,7,2,266.39,5.588708266810736,1,At Risk
12963.0,8,8,1856.63,7.527056760684021,0,Loyal Customers
12965.0,89,1,769.8100000000001,6.647441909990047,1,At Risk
12966.0,10,1,160.18,5.0825217528963655,1,At Risk
12967.0,358,2,1660.9,7.415716805133478,2,Hibernating
12968.0,112,1,135.95,4.919615895709087,1,At Risk
12970.0,7,4,405.47,6.00751012552645,1,At Risk
12971.0,4,86,11189.91,9.322857120608939,3,Champions
12974.0,198,1,144.8,4.982235819574558,2,Hibernating
12976.0,212,1,738.6,6.60610949951297,2,Hibernating
12977.0,156,1,39.239999999999995,3.6948615257914836,2,Hibernating
12980.0,158,9,7374.900000000001,8.905973207660795,0,Loyal Customers
12981.0,30,2,372.21999999999997,5.922168058105326,1,At Risk
12982.0,243,1,390.54,5.970087681348397,2,Hibernating
12984.0,19,1,97.5,4.590056548178043,1,At Risk
12985.0,1,2,1239.38,7.123173063265281,1,At Risk
12987.0,74,2,558.7,6.327400925897314,1,At Risk
12988.0,292,1,505.82,6.228155910967461,2,Hibernating
12989.0,3,15,6924.11,8.842909215405916,0,Loyal Customers
12990.0,31,3,409.5,6.017375928892483,1,At Risk
12991.0,23,2,503.76,6.22408306878471,1,At Risk
12993.0,23,4,414.76,6.030108170700187,1,At Risk
12994.0,4,3,974.42,6.882868147474188,1,At Risk
12995.0,85,1,211.32,5.358094570583897,1,At Risk
12997.0,22,4,1226.89,7.113052528147638,1,At Risk
12999.0,196,3,455.88,6.124420774356607,2,Hibernating
13000.0,107,3,534.85,6.283854271159006,1,At Risk
13001.0,4,13,9785.970000000001,9.18880718813043,0,Loyal Customers
13002.0,318,1,120.95,4.80361112466193,2,Hibernating
13003.0,106,3,149.05,5.010968571886377,1,At Risk
13004.0,12,18,5655.91,8.640633085723934,0,Loyal Customers
13005.0,174,2,513.7,6.243584206658709,2,Hibernating
13006.0,56,1,81.57,4.413646418429337,1,At Risk
13008.0,323,1,229.47,5.4401207021224,2,Hibernating
13011.0,372,1,50.550000000000004,3.942552210462969,2,Hibernating
13012.0,9,8,1646.8400000000001,7.407220618377492,0,Loyal Customers
13013.0,1,13,4810.9400000000005,8.478855608188903,0,Loyal Customers
13014.0,11,10,3466.28,8.151125703889235,0,Loyal Customers
13015.0,53,5,3339.64,8.113917684381065,0,Loyal Customers
13016.0,73,3,789.89,6.673158893621945,1,At Risk
13017.0,7,1,204.0,5.3230099791384085,1,At Risk
13018.0,16,28,7277.7,8.892707553816384,0,Loyal Customers
13021.0,4,9,2616.38,7.869929096421559,0,Loyal Customers
13023.0,64,2,689.9,6.537995095494749,1,At Risk
13026.0,1,5,975.36,6.883831370862763,1,At Risk
13027.0,114,6,6912.0,8.841158975945264,0,Loyal Customers
13028.0,23,2,661.3199999999999,6.49574882283055,1,At Risk
13029.0,31,3,1247.5,7.129698109719828,1,At Risk
13030.0,11,2,752.44,6.6246493864952445,1,At Risk
13032.0,52,2,1010.1800000000001,6.918873244715984,1,At Risk
13033.0,357,1,190.55,5.255148871146658,2,Hibernating
13034.0,55,2,642.77,6.467341519456512,1,At Risk
13035.0,74,2,921.88,6.827499215216475,1,At Risk
13037.0,138,3,881.07,6.782271417936915,1,At Risk
13038.0,80,3,908.46,6.812851016782114,1,At Risk
13040.0,9,2,676.99,6.519132538569087,1,At Risk
13043.0,273,1,516.42,6.248854923817375,2,Hibernating
13044.0,291,1,560.47,6.330558344434147,2,Hibernating
13045.0,99,1,305.28000000000003,5.724499716244923,1,At Risk
13046.0,31,2,629.31,6.446211761854101,1,At Risk
13047.0,57,9,3232.59,8.081348254116124,0,Loyal Customers
13048.0,14,4,1819.41,7.506817029425575,0,Loyal Customers
13049.0,64,2,656.6800000000001,6.488718490843878,1,At Risk
13050.0,15,17,5833.11,8.671477005237914,0,Loyal Customers
13052.0,212,1,348.15000000000003,5.8555016292920445,2,Hibernating
13055.0,78,3,1214.41,7.102836747411359,1,At Risk
13058.0,25,3,271.40000000000003,5.607271574275358,1,At Risk
13059.0,250,1,183.4,5.2171073111224935,2,Hibernating
13060.0,254,1,307.53000000000003,5.731819083350057,2,Hibernating
13061.0,72,1,248.61,5.519899699795292,1,At Risk
13062.0,191,1,346.98,5.85214500685857,2,Hibernating
13064.0,13,4,1105.59,7.009038493734221,1,At Risk
13065.0,373,1,205.86,5.3320422359496575,2,Hibernating
13066.0,24,2,470.8,6.1565551669735745,1,At Risk
13067.0,82,1,115.46000000000001,4.757547866408974,1,At Risk
13068.0,10,2,344.0,5.84354441703136,1,At Risk
13069.0,1,24,4431.44,8.396705501477726,0,Loyal Customers
13070.0,192,1,228.8,5.437209365414655,2,Hibernating
13072.0,267,1,177.15,5.1826258920518455,2,Hibernating
13075.0,130,1,919.61,6.825036493805135,1,At Risk
13077.0,1,4,728.02,6.5917011664745795,1,At Risk
13078.0,3,26,12627.94,9.443746284664895,0,Loyal Customers
13079.0,4,5,220.10000000000002,5.3986150878634005,1,At Risk
13080.0,179,1,58.08,4.078892457663179,2,Hibernating
13081.0,12,11,28337.38,10.251972348590337,0,Loyal Customers
13082.0,126,9,3613.63,8.192744778040643,0,Loyal Customers
13083.0,4,2,303.75,5.719491768361381,1,At Risk
13085.0,158,2,416.08,6.0332780499213925,2,Hibernating
13089.0,3,97,58762.08,10.98126904552405,3,Champions
13090.0,9,13,8895.82,9.093449188501387,0,Loyal Customers
13091.0,28,1,345.82,5.848805913370403,1,At Risk
13092.0,71,5,477.83,6.171345628362577,1,At Risk
13093.0,276,8,7832.47,8.966160858120457,0,Loyal Customers
13094.0,21,12,1927.3200000000002,7.564404436501881,0,Loyal Customers
13095.0,71,1,74.39999999999999,4.32280727501391,1,At Risk
13097.0,33,10,6003.22,8.70021783432055,0,Loyal Customers
13098.0,1,28,28882.44,10.271023699486712,0,Loyal Customers
13099.0,99,1,207.36,5.339267352876991,1,At Risk
13101.0,234,1,101.19,4.626833825624118,2,Hibernating
13102.0,1,24,6424.09,8.767965917447414,0,Loyal Customers
13103.0,40,1,243.94,5.501013282593141,1,At Risk
13104.0,3,6,1098.48,7.0025926197429715,0,Loyal Customers
13106.0,133,1,76.5,4.350277936359301,2,Hibernating
13107.0,44,4,1531.6200000000001,7.334733968170588,0,Loyal Customers
13108.0,373,1,350.06,5.8609571490281995,2,Hibernating
13109.0,60,2,786.54,6.668914163060628,1,At Risk
13110.0,31,7,1488.67,7.306309897899894,0,Loyal Customers
13113.0,1,24,12245.960000000001,9.41303302190997,0,Loyal Customers
13115.0,12,4,2294.78,7.7388279340332105,0,Loyal Customers
13116.0,138,1,501.14,6.218878965272838,1,At Risk
13117.0,22,8,984.91,6.893565072546089,0,Loyal Customers
13118.0,20,5,1197.81,7.089084677082725,0,Loyal Customers
13120.0,239,1,30.6,3.4531571205928664,2,Hibernating
13121.0,269,1,283.73,5.6515413628105104,2,Hibernating
13122.0,94,2,922.39,6.828051680471256,1,At Risk
13124.0,90,3,3756.33,8.231463877756003,0,Loyal Customers
13126.0,5,8,2099.64,7.6499973391858,0,Loyal Customers
13127.0,78,1,259.17,5.561335263505108,1,At Risk
13130.0,94,1,64.0,4.174387269895637,1,At Risk
13131.0,23,3,1073.3,6.979424565672496,1,At Risk
13132.0,262,1,77.3,4.360547602996757,2,Hibernating
13133.0,274,2,109.8,4.707726774313183,2,Hibernating
13134.0,86,4,1793.58,7.4925262902571115,0,Loyal Customers
13135.0,197,1,3096.0,8.038189179973203,0,Loyal Customers
13136.0,56,5,2607.61,7.866572791402729,0,Loyal Customers
13137.0,11,8,3603.29,8.189880081639725,0,Loyal Customers
13138.0,22,6,962.39,6.870458314237744,1,At Risk
13139.0,16,7,5064.9400000000005,8.530294986827844,0,Loyal Customers
13140.0,108,3,422.47,6.048482673330305,1,At Risk
13141.0,85,5,2388.75,7.778944036943872,0,Loyal Customers
13142.0,19,1,307.09000000000003,5.7303919480814,1,At Risk
13144.0,333,1,110.95,4.718052343044764,2,Hibernating
13145.0,40,4,618.52,6.428944984648157,1,At Risk
13146.0,26,1,228.91,5.437687927995845,1,At Risk
13147.0,10,4,712.8,6.57060281105606,1,At Risk
13148.0,29,12,3683.26,8.211824970346322,0,Loyal Customers
13149.0,14,4,1676.06,7.424797539358498,0,Loyal Customers
13151.0,296,1,1257.8700000000001,7.1379697721602025,2,Hibernating
13153.0,6,1,486.22,6.188715766456242,1,At Risk
13155.0,33,4,971.76,6.880137391945464,1,At Risk
13157.0,49,4,1741.22,7.462915441057162,0,Loyal Customers
13158.0,95,4,1201.06,7.091792030654675,1,At Risk
13159.0,9,4,1429.35,7.26567444855103,0,Loyal Customers
13160.0,22,1,91.8,4.530446639792155,1,At Risk
13161.0,313,1,112.75,4.7340030578310595,2,Hibernating
13162.0,122,4,1688.29,7.432063601299488,0,Loyal Customers
13165.0,46,2,1021.48,6.929986327823459,1,At Risk
13166.0,283,1,417.2,6.035959786994534,2,Hibernating
13167.0,19,4,779.33,6.659716907134908,1,At Risk
13168.0,36,4,1299.59,7.170573286646459,1,At Risk
13169.0,64,2,712.88,6.570714880987815,1,At Risk
13170.0,27,1,108.81,4.698751599609622,1,At Risk
13171.0,22,3,468.41,6.151476586982076,1,At Risk
13173.0,4,2,353.65000000000003,5.871131387648096,1,At Risk
13174.0,16,3,2738.82,7.915647503793551,0,Loyal Customers
13176.0,46,1,481.49,6.178960195175666,1,At Risk
13177.0,65,1,282.45,5.6470357407703125,1,At Risk
13178.0,26,11,5725.47,8.652854564021988,0,Loyal Customers
13182.0,45,1,121.18,4.805495367221621,1,At Risk
13183.0,8,9,3957.78,8.283691175973804,0,Loyal Customers
13184.0,15,10,1667.95,7.419949965154366,0,Loyal Customers
13185.0,268,1,71.4,4.282206299391671,2,Hibernating
13186.0,40,3,1575.89,7.363209831835215,0,Loyal Customers
13187.0,337,1,236.02,5.4681445257603025,2,Hibernating
13188.0,11,1,114.6,4.750135956238277,1,At Risk
13189.0,19,2,260.68,5.567122383230129,1,At Risk
13192.0,95,2,911.94,6.81667016102037,1,At Risk
13193.0,61,1,112.08,4.72809553282539,1,At Risk
13194.0,136,1,60.7,4.122283930911342,2,Hibernating
13196.0,11,4,1797.78,7.4948639363112814,0,Loyal Customers
13198.0,10,6,3401.2400000000002,8.132189317204716,0,Loyal Customers
13199.0,4,37,9802.12,9.190455981337472,0,Loyal Customers
13200.0,19,4,870.09,6.769745301020691,1,At Risk
13203.0,10,4,869.46,6.769021807549381,1,At Risk
13207.0,15,2,250.26000000000002,5.526488259576272,1,At Risk
13208.0,59,5,1193.17,7.085206662377146,1,At Risk
13209.0,30,8,5891.61,8.681454302434094,0,Loyal Customers
13210.0,94,1,353.48,5.8706519268912345,1,At Risk
13211.0,10,3,1095.42,6.999805605779951,1,At Risk
13212.0,20,3,786.83,6.669282330542903,1,At Risk
13213.0,57,5,1520.58,7.327504547645857,0,Loyal Customers
13216.0,268,1,333.74,5.813354111085492,2,Hibernating
13217.0,122,3,533.98,6.282229363019668,1,At Risk
13218.0,127,1,62.64,4.153242203469586,2,Hibernating
13220.0,78,4,819.2900000000001,6.7096579362724444,1,At Risk
13221.0,240,2,844.86,6.740353861278561,2,Hibernating
13223.0,200,2,163.2,5.101085197018328,2,Hibernating
13224.0,60,2,2152.95,7.675058644819247,0,Loyal Customers
13225.0,3,7,6463.84,8.774133542253146,0,Loyal Customers
13226.0,273,1,108.21000000000001,4.693272634209637,2,Hibernating
13227.0,202,1,257.7,5.5556690891919835,2,Hibernating
13228.0,81,1,358.0,5.883322388488279,1,At Risk
13229.0,226,1,160.95,5.087287645617338,2,Hibernating
13230.0,4,14,2755.63,7.921764198172896,0,Loyal Customers
13232.0,13,7,1327.75,7.1919939296561575,0,Loyal Customers
13233.0,74,2,605.12,6.407077986267962,1,At Risk
13235.0,212,1,1031.07,6.939321773198559,2,Hibernating
13236.0,25,2,744.85,6.614524507599939,1,At Risk
13238.0,17,4,700.73,6.553548714657728,1,At Risk
13239.0,262,1,329.56,5.800788185931274,2,Hibernating
13240.0,96,4,648.7,6.476510717886486,1,At Risk
13242.0,112,3,270.40000000000003,5.603593747400769,1,At Risk
13243.0,203,1,585.12,6.373524546769825,2,Hibernating
13244.0,93,1,121.74000000000001,4.810068296960951,1,At Risk
13245.0,51,1,430.5,6.067267510523482,1,At Risk
13246.0,18,6,1961.52,7.581984640687438,0,Loyal Customers
13247.0,18,4,501.12,6.218839134950008,1,At Risk
13248.0,125,2,465.68,6.145643797955656,1,At Risk
13249.0,92,3,711.41,6.56865358837482,1,At Risk
13253.0,157,2,1030.4,6.9386723816168585,1,At Risk
13255.0,9,2,399.51,5.992738734985712,1,At Risk
13258.0,12,3,672.83,6.512977853578813,1,At Risk
13259.0,62,1,283.18,5.64960784020993,1,At Risk
13260.0,61,1,557.62,6.325469456665338,1,At Risk
13261.0,269,2,944.1,6.8512907420010105,2,Hibernating
13262.0,263,1,200.29,5.3047466543129405,2,Hibernating
13263.0,1,34,7411.71,8.910951373427444,0,Loyal Customers
13265.0,53,5,2092.66,7.646669009574865,0,Loyal Customers
13266.0,11,12,3834.2599999999998,8.251992508113439,0,Loyal Customers
13267.0,3,19,4521.49,8.416818006100614,0,Loyal Customers
13268.0,18,10,3152.71,8.056334816561318,0,Loyal Customers
13269.0,1,15,5343.28,8.583782109053482,0,Loyal Customers
13270.0,366,1,590.0,6.3818160174060985,2,Hibernating
13271.0,37,1,211.49,5.358894928433641,1,At Risk
13272.0,31,2,276.56,5.626037126031348,1,At Risk
13273.0,113,1,138.98,4.941499555261394,1,At Risk
13276.0,64,2,590.9300000000001,6.383388384649479,1,At Risk
13277.0,16,4,258.4,5.5583712718823435,1,At Risk
13278.0,41,1,542.73,6.298452800117238,1,At Risk
13279.0,78,1,137.75,4.932673752626544,1,At Risk
13280.0,122,3,798.46,6.68393649975286,1,At Risk
13282.0,18,3,1132.14,7.032747819149021,1,At Risk
13283.0,60,2,93.66,4.5502915244781015,1,At Risk
13284.0,331,1,201.19,5.309207849379209,2,Hibernating
13285.0,23,4,2709.12,7.904748193336201,0,Loyal Customers
13291.0,156,1,361.11,5.8919480330707374,2,Hibernating
13292.0,39,2,578.94,6.362924649913461,1,At Risk
13294.0,190,2,873.74,6.773926699344786,2,Hibernating
13295.0,360,1,201.20000000000002,5.309257306586371,2,Hibernating
13296.0,137,1,87.4,4.481871969643597,2,Hibernating
13297.0,8,4,2089.85,7.645325960844005,0,Loyal Customers
13298.0,1,1,360.0,5.8888779583328805,1,At Risk
13299.0,268,1,142.5,4.966335035199676,2,Hibernating
13300.0,169,1,371.89,5.921283469984221,2,Hibernating
13301.0,104,4,600.1899999999999,6.398911024340616,1,At Risk
13302.0,155,1,63.75,4.1705337005796475,2,Hibernating
13304.0,351,1,300.42,5.7085046409915305,2,Hibernating
13305.0,4,10,2000.86,7.601832027360015,0,Loyal Customers
13307.0,120,1,15.0,2.772588722239781,2,Hibernating
13308.0,23,3,1385.51,7.23454507743516,1,At Risk
13309.0,7,5,1456.79,7.2846768692730555,0,Loyal Customers
13310.0,28,3,1132.03,7.032650739053453,1,At Risk
13311.0,4,2,598.57,6.396212731621162,1,At Risk
13313.0,22,5,1555.3200000000002,7.35007933912113,0,Loyal Customers
13314.0,2,3,775.94,6.655363127308804,1,At Risk
13316.0,37,4,5732.93,8.654156438485995,0,Loyal Customers
13317.0,66,6,2273.68,7.729594662150938,0,Loyal Customers
13318.0,1,3,640.76,6.464214402021743,1,At Risk
13319.0,5,26,10845.550000000001,9.29160233605445,0,Loyal Customers
13320.0,78,4,1532.2,7.3351123335064,0,Loyal Customers
13321.0,72,2,567.36,6.342755020769874,1,At Risk
13322.0,17,1,199.48000000000002,5.300714491147758,1,At Risk
13323.0,3,5,787.85,6.670576188703463,1,At Risk
13324.0,36,10,7121.95,8.871077244439467,0,Loyal Customers
13325.0,82,1,675.3,6.516636764580894,1,At Risk
13327.0,39,8,3627.77,8.196649026863438,0,Loyal Customers
13328.0,316,1,1308.48,7.177385390826169,2,Hibernating
13329.0,32,2,789.0,6.672032945461067,1,At Risk
13330.0,93,3,1140.93,7.040475092365302,1,At Risk
13332.0,14,1,350.90000000000003,5.86334704432754,1,At Risk
13334.0,82,3,3502.32,8.161466369296502,0,Loyal Customers
13336.0,77,1,795.12,6.67974992825102,1,At Risk
13338.0,158,1,487.02,6.190356388619899,2,Hibernating
13339.0,201,1,860.12,6.758233867538541,2,Hibernating
13340.0,45,7,10736.48,9.28149570365981,0,Loyal Customers
13341.0,261,1,775.85,6.65524728153801,2,Hibernating
13343.0,178,1,353.43,5.870510865261174,2,Hibernating
13344.0,68,3,2511.69,7.829109171398687,0,Loyal Customers
13345.0,288,1,389.5,5.967427969279741,2,Hibernating
13347.0,70,1,341.36,5.835862815013409,1,At Risk
13348.0,64,1,233.76000000000002,5.458563715690134,1,At Risk
13349.0,11,1,247.32,5.514718236994854,1,At Risk
13350.0,16,2,979.12,6.887675013147945,1,At Risk
13351.0,66,1,373.94,5.926766013169045,1,At Risk
13352.0,60,1,397.98,5.988911290320265,1,At Risk
13354.0,71,1,743.53,6.612753146812557,1,At Risk
13355.0,122,1,674.7,6.515749190558129,1,At Risk
13356.0,80,1,768.24,6.645403014442646,1,At Risk
13357.0,257,1,609.4,6.414114479970247,2,Hibernating
13358.0,269,1,439.03000000000003,6.086842906406214,2,Hibernating
13359.0,64,1,439.56,6.088046644954226,1,At Risk
13362.0,9,4,3090.7400000000002,8.036489318202769,0,Loyal Customers
13363.0,18,2,992.5,6.901234061991872,1,At Risk
13364.0,71,1,134.96,4.9123607248279155,1,At Risk
13365.0,34,2,2225.37,7.708127735453272,0,Loyal Customers
13366.0,50,1,56.16,4.045854353061666,1,At Risk
13368.0,257,2,623.4,6.436791188641277,2,Hibernating
13369.0,366,1,308.28000000000003,5.734247015460021,2,Hibernating
13370.0,372,1,754.87,6.62786940372116,2,Hibernating
13372.0,90,1,378.64,5.939223435262291,1,At Risk
13373.0,61,3,3312.25,8.105684859760789,0,Loyal Customers
13375.0,89,1,778.65,6.658845101030894,1,At Risk
13376.0,99,3,1019.76,6.928302726869797,1,At Risk
13379.0,26,3,572.56,6.351862551846838,1,At Risk
13381.0,32,6,3639.31,8.199824121839633,0,Loyal Customers
13382.0,281,1,222.99,5.411601408001375,2,Hibernating
13384.0,31,7,4151.93,8.331569388203366,0,Loyal Customers
13385.0,330,1,534.57,6.283331600299074,2,Hibernating
13388.0,131,2,677.1,6.519294769689797,1,At Risk
13389.0,11,3,797.96,6.683310881934879,1,At Risk
13390.0,75,1,544.08,6.30093257288162,1,At Risk
13391.0,204,1,59.8,4.107589788972121,2,Hibernating
13394.0,2,8,2520.02,7.832418860516229,0,Loyal Customers
13395.0,185,1,307.72,5.7324347172293635,2,Hibernating
13396.0,29,2,1360.99,7.216702144538598,1,At Risk
13397.0,73,5,1544.13,7.342863328186895,0,Loyal Customers
13398.0,192,1,457.34000000000003,6.127611266781323,2,Hibernating
13402.0,127,2,621.23,6.433309799308897,1,At Risk
13403.0,18,1,75.0,4.330733340286331,1,At Risk
13404.0,1,2,252.49,5.5353243745214,1,At Risk
13405.0,204,2,557.45,6.325165088986836,2,Hibernating
13408.0,2,62,28117.04,10.244166642215127,3,Champions
13410.0,24,5,1003.06,6.911807059422235,1,At Risk
13411.0,107,1,213.55,5.368542811437534,1,At Risk
13414.0,134,3,1390.5,7.238137580965946,1,At Risk
13416.0,44,2,712.5,6.570182436916891,1,At Risk
13417.0,5,2,640.83,6.4643234711171225,1,At Risk
13418.0,12,18,6127.43,8.720693878671442,0,Loyal Customers
13419.0,64,1,221.06,5.40294761562612,1,At Risk
13420.0,150,2,159.85,5.080472253685035,2,Hibernating
13421.0,40,2,1823.21,7.5089022955860925,0,Loyal Customers
13422.0,64,1,2626.3,7.8737119818711125,0,Loyal Customers
13425.0,108,3,1624.21,7.393392317183492,1,At Risk
13426.0,1,10,3641.32,8.200376120238847,0,Loyal Customers
13427.0,19,3,582.6,6.369215816648631,1,At Risk
13428.0,10,1,201.78,5.3121216475244335,1,At Risk
13429.0,11,4,1006.8,6.915525016246498,1,At Risk
13430.0,19,2,679.45,6.5227543440063265,1,At Risk
13431.0,67,2,1269.1,7.146850916510274,1,At Risk
13434.0,74,2,534.24,6.282715244436788,1,At Risk
13435.0,5,7,3809.89,8.245618036642021,0,Loyal Customers
13436.0,2,1,196.89,5.287711320760812,1,At Risk
13437.0,14,7,3408.06,8.134191872452362,0,Loyal Customers
13439.0,255,1,283.71,5.651471118359793,2,Hibernating
13441.0,92,1,296.64,5.69588470252906,1,At Risk
13447.0,23,3,1129.14,7.030096797837492,1,At Risk
13448.0,17,6,3534.69,8.170663750231064,0,Loyal Customers
13449.0,24,1,291.88,5.679762968811981,1,At Risk
13450.0,27,6,2043.72,7.623016139787193,0,Loyal Customers
13451.0,26,5,2898.2599999999998,7.972210810998752,0,Loyal Customers
13452.0,259,2,590.0,6.3818160174060985,2,Hibernating
13453.0,166,2,356.98,5.880477118918354,2,Hibernating
13455.0,25,2,1058.34,6.965401351674954,1,At Risk
13456.0,18,6,1766.72,7.477445859614847,0,Loyal Customers
13458.0,7,14,9646.57,9.174461349151194,0,Loyal Customers
13460.0,29,2,183.44,5.217324207338505,1,At Risk
13461.0,39,3,1445.0,7.27655640271871,1,At Risk
13462.0,253,1,151.5,5.0271645960474665,2,Hibernating
13464.0,58,1,674.68,6.515719591185634,1,At Risk
13466.0,184,1,307.90000000000003,5.733017599924536,2,Hibernating
13467.0,11,2,1071.91,6.978129862132399,1,At Risk
13468.0,2,37,5704.97,8.64926827413607,0,Loyal Customers
13470.0,99,2,165.0,5.111987788356544,1,At Risk
13471.0,1,4,2501.84,7.825181366096544,0,Loyal Customers
13473.0,61,2,422.64,6.048884037975468,1,At Risk
13474.0,236,1,226.84,5.428643628223611,2,Hibernating
13475.0,191,4,1431.78,7.2673718919667785,2,Hibernating
13476.0,179,2,1238.47,7.122439147874555,2,Hibernating
13477.0,38,6,1454.58,7.283159725605137,0,Loyal Customers
13479.0,201,2,300.95,5.71026144075391,2,Hibernating
13481.0,46,5,1804.56,7.498626071957096,0,Loyal Customers
13482.0,232,1,184.64000000000001,5.223809314372975,2,Hibernating
13483.0,66,1,140.34,4.951168335262708,1,At Risk
13484.0,241,1,313.8,5.751937516543248,2,Hibernating
13485.0,233,1,454.24,6.120824752413689,2,Hibernating
13486.0,78,3,1122.41,7.024123981607583,1,At Risk
13487.0,58,3,575.4,6.356801864125367,1,At Risk
13488.0,17,13,8968.31,9.101564029017187,0,Loyal Customers
13489.0,105,4,449.52,6.110402471179496,1,At Risk
13491.0,52,10,1215.82,7.103996177364903,0,Loyal Customers
13492.0,136,3,1269.84,7.147433378135437,1,At Risk
13493.0,275,2,618.63,6.429122525704993,2,Hibernating
13494.0,312,1,316.26000000000005,5.759721626980309,2,Hibernating
13495.0,8,5,2044.8700000000001,7.623578405880983,0,Loyal Customers
13496.0,11,2,653.33,6.483611811351871,1,At Risk
13497.0,283,2,348.05,5.855215178416411,2,Hibernating
13499.0,18,5,1159.1100000000001,7.056270107190766,1,At Risk
13500.0,23,3,1166.77,7.062851226189096,1,At Risk
13501.0,288,1,1340.32,7.201409482704207,2,Hibernating
13502.0,17,3,292.0,5.680172609017068,1,At Risk
13503.0,71,1,216.85,5.383806752563451,1,At Risk
13504.0,64,1,295.93,5.693496420787701,1,At Risk
13505.0,73,4,4393.63,8.388138619999735,0,Loyal Customers
13506.0,316,2,458.52,6.130182466419805,2,Hibernating
13507.0,3,4,2479.16,7.816078353206984,0,Loyal Customers
13508.0,244,1,110.97,4.718230978272105,2,Hibernating
13509.0,9,7,979.72,6.888286995786739,0,Loyal Customers
13510.0,1,4,1791.56,7.4914000447169204,0,Loyal Customers
13512.0,261,1,251.21,5.530262073815315,2,Hibernating
13513.0,127,1,205.1,5.328361487896413,1,At Risk
13514.0,74,1,152.20000000000002,5.031744257306491,1,At Risk
13515.0,73,4,891.12,6.793600652679757,1,At Risk
13516.0,21,3,1389.41,7.2373539466601775,1,At Risk
13517.0,60,3,2128.42,7.663604921153483,0,Loyal Customers
13518.0,86,1,627.16,6.442794911088096,1,At Risk
13519.0,78,1,122.75,4.8182634014487995,1,At Risk
13520.0,59,6,3624.35,8.195706114352095,0,Loyal Customers
13521.0,1,3,1070.47,6.976786816388219,1,At Risk
13522.0,30,1,125.80000000000001,4.842611042003125,1,At Risk
13523.0,33,5,3964.88,8.285483051435902,0,Loyal Customers
13524.0,41,5,680.1800000000001,6.523826588404497,1,At Risk
13525.0,15,2,628.78,6.445370552049637,1,At Risk
13527.0,34,7,2242.36,7.7157300209728215,0,Loyal Customers
13529.0,79,2,307.76,5.7325642760816535,1,At Risk
13531.0,205,2,483.8,6.1837364347551045,2,Hibernating
13532.0,34,1,210.31,5.353326249578836,1,At Risk
13533.0,183,3,269.09,5.598755236788495,2,Hibernating
13534.0,2,25,5870.08,8.677793882270105,0,Loyal Customers
13536.0,1,7,3444.39,8.144792384587438,0,Loyal Customers
13538.0,43,7,1280.85,7.156059625954846,0,Loyal Customers
13539.0,86,3,631.34,6.449427224173901,1,At Risk
13544.0,40,2,276.06,5.624234089229733,1,At Risk
13546.0,12,3,621.09,6.433084776805697,1,At Risk
13548.0,96,2,678.16,6.520856740447811,1,At Risk
13549.0,26,7,918.2,6.823503726534546,1,At Risk
13551.0,319,1,91.80000000000001,4.530446639792155,2,Hibernating
13552.0,66,12,3740.07,8.227126945747532,0,Loyal Customers
13555.0,74,4,4098.88,8.318712983971391,0,Loyal Customers
13557.0,28,2,584.0600000000001,6.371714406075083,1,At Risk
13558.0,6,4,594.52,6.389434973453886,1,At Risk
13560.0,7,1,171.42000000000002,5.149933360781779,1,At Risk
13561.0,216,1,141.85999999999999,4.961865129726826,2,Hibernating
13562.0,82,3,1799.3300000000002,7.495725260414088,0,Loyal Customers
13563.0,84,2,777.53,6.657407526177046,1,At Risk
13564.0,354,2,1174.03,7.069048958167219,2,Hibernating
13565.0,19,2,240.22,5.485709380155097,1,At Risk
13566.0,41,2,856.84,6.75441760191189,1,At Risk
13568.0,173,1,187.05,5.2367078849163455,2,Hibernating
13569.0,17,2,337.12,5.823400862060727,1,At Risk
13570.0,243,1,239.49,5.482678508639762,2,Hibernating
13571.0,13,12,2088.94,7.644890636412799,0,Loyal Customers
13572.0,206,1,1384.25,7.233635907747459,2,Hibernating
13573.0,50,2,290.25,5.67418200487991,1,At Risk
13575.0,23,5,732.07,6.597241195280628,1,At Risk
13576.0,10,18,6717.34,8.812596379192264,0,Loyal Customers
13577.0,25,4,1687.6000000000001,7.4316550622354,0,Loyal Customers
13579.0,15,2,467.04,6.148553762350757,1,At Risk
13581.0,309,1,118.0,4.77912349311153,2,Hibernating
13583.0,156,1,781.03,6.661893102980819,1,At Risk
13584.0,307,1,142.4,4.96563792816552,2,Hibernating
13587.0,64,1,712.4,6.570042272924791,1,At Risk
13588.0,16,9,2478.95,7.815993677665464,0,Loyal Customers
13589.0,15,2,379.65,5.941880317752221,1,At Risk
13590.0,11,6,1981.92,7.592325784791223,0,Loyal Customers
13591.0,65,3,1117.13,7.019412926024925,1,At Risk
13592.0,36,4,247.95999999999998,5.5172922409900265,1,At Risk
13593.0,108,5,2011.88,7.607321811344266,0,Loyal Customers
13594.0,53,1,396.97,5.986376625559036,1,At Risk
13596.0,6,2,664.11,6.499952440510379,1,At Risk
13598.0,47,1,160.04,5.081652781331536,1,At Risk
13599.0,1,21,5149.92,8.546930618480117,0,Loyal Customers
13600.0,312,1,219.52,5.395988393721483,2,Hibernating
13601.0,45,2,693.32,6.54293294933599,1,At Risk
13602.0,65,1,428.89,6.063529362008149,1,At Risk
13603.0,26,1,164.34,5.108003959824529,1,At Risk
13606.0,29,3,276.75,5.6267214285197396,1,At Risk
13607.0,40,1,675.51,6.516947229467592,1,At Risk
13610.0,12,7,1082.33,6.987794909727863,0,Loyal Customers
13611.0,89,3,1154.4,7.052201883347165,1,At Risk
13614.0,24,4,1585.46,7.369260397972974,0,Loyal Customers
13615.0,319,1,417.69,6.037130789291114,2,Hibernating
13617.0,40,3,544.18,6.301116015363744,1,At Risk
13618.0,174,1,177.34,5.183691840706733,2,Hibernating
13621.0,117,1,213.85,5.3699401102210045,1,At Risk
13623.0,31,5,727.74,6.591317015443623,1,At Risk
13626.0,253,1,257.23,5.5538506606638975,2,Hibernating
13627.0,59,5,1638.47,7.402128297855622,0,Loyal Customers
13629.0,23,11,7792.36,8.961027368080067,0,Loyal Customers
13630.0,5,7,2031.78,7.617159593311352,0,Loyal Customers
13631.0,100,11,3070.42,8.029895274358873,0,Loyal Customers
13632.0,25,5,2118.93,7.659138348252998,0,Loyal Customers
13634.0,33,5,1547.3600000000001,7.344951585251755,0,Loyal Customers
13635.0,68,1,1071.03,6.977309326313799,1,At Risk
13636.0,37,5,949.12,6.856588292406893,1,At Risk
13637.0,52,3,803.05,6.689661456300033,1,At Risk
13638.0,16,1,122.64,4.817374117263916,1,At Risk
13639.0,74,1,1033.34,6.941518821134943,1,At Risk
13642.0,216,1,312.28,5.7470973593421455,2,Hibernating
13643.0,31,3,519.44,6.254674607635275,1,At Risk
13644.0,16,4,2624.26,7.87293521773988,0,Loyal Customers
13645.0,120,1,252.1,5.533784667551078,1,At Risk
13647.0,10,4,1648.1200000000001,7.4079970912884825,0,Loyal Customers
13649.0,257,2,346.6,5.851052393391237,2,Hibernating
13650.0,17,6,1836.3400000000001,7.516074152465826,0,Loyal Customers
13651.0,40,1,79.2,4.384523514872469,1,At Risk
13652.0,46,3,1095.08,6.999495457544853,1,At Risk
13654.0,43,6,2707.33,7.90408748775984,0,Loyal Customers
13655.0,114,2,932.97,6.83944431779864,1,At Risk
13656.0,165,2,379.65,5.941880317752221,2,Hibernating
13657.0,11,2,382.14,5.948400457636955,1,At Risk
13658.0,10,5,2639.17,7.878598588006555,0,Loyal Customers
13659.0,206,2,1563.0,7.355001921105257,2,Hibernating
13662.0,86,3,881.26,6.782486797146852,1,At Risk
13663.0,179,1,189.47,5.249494701850468,2,Hibernating
13666.0,60,3,84.65,4.450269224770129,1,At Risk
13667.0,149,1,299.05,5.703949127435522,1,At Risk
13668.0,3,21,6309.83,8.750022484127467,0,Loyal Customers
13669.0,51,2,218.55,5.391579997007726,1,At Risk
13670.0,75,1,349.7,5.859931157146132,1,At Risk
13672.0,301,2,186.39000000000001,5.233192006587575,2,Hibernating
13673.0,19,2,387.44,5.962138717726154,1,At Risk
13675.0,151,2,486.82000000000005,6.189946485351331,1,At Risk
13678.0,152,1,232.6,5.453610250954072,2,Hibernating
13680.0,1,4,3719.12,8.221511204811428,0,Loyal Customers
13681.0,18,4,827.83,6.720015067761323,1,At Risk
13682.0,187,1,59.5,4.102643365036796,2,Hibernating
13684.0,286,1,65.13,4.191622501686571,2,Hibernating
13685.0,3,7,3119.44,8.045729296501372,0,Loyal Customers
13686.0,183,1,72.0,4.290459441148391,2,Hibernating
13689.0,63,1,910.0,6.814542897259958,1,At Risk
13690.0,59,1,172.25,5.1547356380700124,1,At Risk
13692.0,25,3,1488.32,7.30607491892943,0,Loyal Customers
13694.0,4,50,65039.62,11.082767276771584,3,Champions
13695.0,31,15,2504.13,7.826095908379989,0,Loyal Customers
13697.0,39,1,151.3,5.025852259901116,1,At Risk
13699.0,155,1,308.58000000000004,5.735216540145732,2,Hibernating
13700.0,26,10,2248.63,7.718521037231551,0,Loyal Customers
13703.0,318,1,99.5,4.61015772749913,2,Hibernating
13704.0,5,9,2308.06,7.744595794291895,0,Loyal Customers
13705.0,8,3,711.86,6.569285047698251,1,At Risk
13706.0,303,1,330.79,5.8045022386644325,2,Hibernating
13707.0,267,2,806.41,6.693831593776871,2,Hibernating
13708.0,271,1,283.33,5.6501355354254255,2,Hibernating
13709.0,4,13,6307.650000000001,8.74967698652825,0,Loyal Customers
13710.0,32,1,180.48,5.201145454795763,1,At Risk
13711.0,219,2,252.06,5.5336266147611175,2,Hibernating
13712.0,247,1,228.84,5.437383414671034,2,Hibernating
13715.0,281,5,1077.39,6.983224467118015,2,Hibernating
13716.0,269,1,138.28,4.936486295459933,2,Hibernating
13717.0,32,6,1445.01,7.276563318324119,0,Loyal Customers
13718.0,246,2,306.55,5.728637675654378,2,Hibernating
13719.0,15,5,1041.68,6.949549600639115,1,At Risk
13720.0,117,4,799.9,6.685736095329637,1,At Risk
13721.0,36,1,524.14,6.263664893709055,1,At Risk
13722.0,132,3,2375.41,7.773346224518516,0,Loyal Customers
13723.0,217,1,199.85000000000002,5.302558360805291,2,Hibernating
13725.0,50,8,1980.56,7.5916396922628975,0,Loyal Customers
13726.0,39,2,1079.66,6.985327244577022,1,At Risk
13727.0,29,2,333.48,5.81257708704831,1,At Risk
13728.0,37,6,1016.14,6.924750046357999,1,At Risk
13730.0,136,2,752.6,6.624861723262153,1,At Risk
13731.0,219,2,610.59,6.416062123365316,2,Hibernating
13732.0,28,1,491.86,6.200225158054739,1,At Risk
13735.0,25,4,2883.54,7.967120720822151,0,Loyal Customers
13736.0,5,2,729.8,6.594139824503852,1,At Risk
13737.0,200,1,339.6,5.830708768228588,2,Hibernating
13739.0,18,1,216.9,5.384036241950574,1,At Risk
13740.0,241,1,350.75,5.862920695994498,2,Hibernating
13741.0,72,3,668.4300000000001,6.50642660402637,1,At Risk
13742.0,17,12,3107.87,8.04201459509639,0,Loyal Customers
13743.0,3,7,1341.6,7.2023633115046515,0,Loyal Customers
13744.0,95,2,1080.52,6.9861227380561495,1,At Risk
13745.0,162,1,300.04,5.707243146285182,2,Hibernating
13747.0,374,1,79.6,4.389498649512583,2,Hibernating
13748.0,96,5,948.25,6.855672199111912,1,At Risk
13750.0,54,5,1647.26,7.407475465015805,0,Loyal Customers
13751.0,288,1,296.25,5.694573535570891,2,Hibernating
13752.0,124,6,1175.38,7.07019720551526,1,At Risk
13753.0,288,1,741.26,6.609699586102796,2,Hibernating
13754.0,152,2,282.6,5.647564794657972,2,Hibernating
13755.0,4,9,2108.06,7.653997629576229,0,Loyal Customers
13756.0,2,14,5189.52,8.55458916381921,0,Loyal Customers
13758.0,12,7,3190.55,8.068261971187837,0,Loyal Customers
13759.0,33,2,659.4100000000001,6.492860854269306,1,At Risk
13760.0,54,2,286.79,5.662231047497966,1,At Risk
13761.0,50,2,1070.65,6.976954795783142,1,At Risk
13762.0,219,1,306.72,5.729190278590734,2,Hibernating
13763.0,63,1,1714.96,7.447727969752915,1,At Risk
13764.0,71,3,1516.42,7.32476680325734,1,At Risk
13767.0,2,37,17220.36,9.753905752795765,0,Loyal Customers
13769.0,2,10,2796.51,7.936485014799888,0,Loyal Customers
13771.0,64,4,2634.45,7.876809224383177,0,Loyal Customers
13772.0,34,3,1122.63,7.024319794766853,1,At Risk
13774.0,82,1,345.0,5.846438775057724,1,At Risk
13777.0,1,33,25977.16,10.165011464005927,0,Loyal Customers
13778.0,103,1,178.7,5.191288793789513,1,At Risk
13780.0,7,2,360.01,5.888905658780245,1,At Risk
13781.0,251,1,127.84,4.858571324462998,2,Hibernating
13782.0,13,6,908.86,6.8132907415215165,1,At Risk
13784.0,10,11,2462.79,7.809456093748633,0,Loyal Customers
13786.0,367,1,230.4,5.444147814759576,2,Hibernating
13787.0,76,2,309.04,5.736701321413311,1,At Risk
13790.0,4,1,348.79999999999995,5.857361562584502,1,At Risk
13791.0,128,2,1516.0,7.324489979348532,1,At Risk
13792.0,66,2,195.55,5.280916851867869,1,At Risk
13798.0,1,57,37153.85,10.522849593441716,3,Champions
13799.0,117,2,688.86,6.5364886784538845,1,At Risk
13800.0,310,1,558.32,6.32672176017265,2,Hibernating
13801.0,67,1,324.8,5.786283696167945,1,At Risk
13802.0,139,3,4599.42,8.433902882657025,0,Loyal Customers
13803.0,255,1,277.07,5.627872880555851,2,Hibernating
13804.0,31,7,2588.39,7.85917760571858,0,Loyal Customers
13805.0,52,2,924.5999999999999,6.830442175879467,1,At Risk
13806.0,64,1,256.38,5.550553592065519,1,At Risk
13807.0,367,1,112.6,4.732683506287051,2,Hibernating
13808.0,6,5,1747.66,7.466605059322925,0,Loyal Customers
13809.0,305,1,155.05,5.0501764687167885,2,Hibernating
13810.0,29,2,899.51,6.80296126949605,1,At Risk
13811.0,184,2,591.75,6.384772724945515,2,Hibernating
13812.0,42,3,539.0,6.29156913955832,1,At Risk
13813.0,40,4,1366.8600000000001,7.221002753764198,0,Loyal Customers
13814.0,92,2,1579.12,7.365256072504094,1,At Risk
13815.0,22,4,4027.36,8.301114624224146,0,Loyal Customers
13816.0,24,2,571.6700000000001,6.3503096345809205,1,At Risk
13817.0,29,2,382.98,5.950590467898009,1,At Risk
13819.0,302,3,1140.35,7.039967051290641,2,Hibernating
13821.0,145,2,385.64,5.957494027536828,1,At Risk
13822.0,6,2,632.0,6.450470422144176,1,At Risk
13823.0,19,2,957.66,6.865536476045727,1,At Risk
13824.0,33,5,1698.94,7.438348235303808,0,Loyal Customers
13826.0,176,1,189.5,5.249652194566756,2,Hibernating
13827.0,58,3,409.8,6.018106478054404,1,At Risk
13828.0,22,1,209.49,5.349438146055751,1,At Risk
13831.0,16,6,2198.45,7.695962608091198,0,Loyal Customers
13832.0,19,1,52.2,3.9740583963475986,1,At Risk
13833.0,159,1,383.85,5.9528536479803265,2,Hibernating
13835.0,25,4,834.57,6.728114126692287,1,At Risk
13837.0,212,2,266.59000000000003,5.589455958348054,2,Hibernating
13838.0,6,4,674.82,6.515926768396882,1,At Risk
13841.0,253,1,85.0,4.454347296253507,2,Hibernating
13842.0,59,9,3385.62,8.127587652841866,0,Loyal Customers
13844.0,11,1,361.62,5.893355453997662,1,At Risk
13845.0,65,1,312.98,5.749329289612172,1,At Risk
13846.0,25,3,865.0600000000001,6.763954190227071,1,At Risk
13848.0,92,3,1255.0,7.135687347028144,1,At Risk
13849.0,52,2,1537.95,7.338855644682132,1,At Risk
13850.0,129,1,1595.48,7.375556484672672,1,At Risk
13851.0,96,3,2651.46,7.883242790261331,0,Loyal Customers
13853.0,57,1,1090.1399999999999,6.994978300240205,1,At Risk
13854.0,9,25,8109.5199999999995,9.000917263426343,0,Loyal Customers
13856.0,169,3,388.5,5.964863865310803,2,Hibernating
13858.0,57,1,216.17000000000002,5.38068045697316,1,At Risk
13859.0,326,1,201.16,5.309059463079938,2,Hibernating
13860.0,1,5,1245.9,7.1284157500025405,0,Loyal Customers
13862.0,18,8,2209.36,7.700910677173299,0,Loyal Customers
13863.0,248,1,305.78,5.726130878319963,2,Hibernating
13865.0,58,4,501.56,6.219715035790337,1,At Risk
13866.0,74,1,145.67,4.988185165258664,1,At Risk
13867.0,31,3,1005.09,6.913826809878765,1,At Risk
13868.0,7,2,3192.54,8.068885298365506,0,Loyal Customers
13869.0,123,4,3083.65,8.034193477715295,0,Loyal Customers
13870.0,2,8,2770.94,7.927302715053892,0,Loyal Customers
13871.0,23,13,6403.25,8.764717111455825,0,Loyal Customers
13873.0,120,3,389.6,5.967684018442578,1,At Risk
13874.0,358,1,540.45,6.294250726074389,2,Hibernating
13875.0,54,5,1786.79,7.488735499171278,0,Loyal Customers
13876.0,64,1,122.7,4.8178592793984425,1,At Risk
13877.0,86,1,117.24,4.772716457199891,1,At Risk
13878.0,55,1,1271.57,7.148793756734876,1,At Risk
13880.0,21,13,3219.77,8.077375740386112,0,Loyal Customers
13881.0,4,20,17159.52,9.75036667561313,0,Loyal Customers
13882.0,3,5,1191.13,7.083496902081326,0,Loyal Customers
13883.0,11,5,2674.48,7.891884082485147,0,Loyal Customers
13884.0,7,5,787.6,6.670259221443527,1,At Risk
13885.0,189,2,506.8,6.230087669270578,2,Hibernating
13886.0,71,1,243.56,5.499460677582579,1,At Risk
13887.0,204,1,349.55,5.859503349652977,2,Hibernating
13888.0,120,2,595.67,6.391364196743265,1,At Risk
13889.0,93,1,416.90000000000003,6.03524216945387,1,At Risk
13890.0,1,10,1883.81,7.541582299045909,0,Loyal Customers
13892.0,27,4,632.97,6.4520016347056774,1,At Risk
13893.0,298,1,821.1,6.711862042158088,2,Hibernating
13894.0,24,3,564.62,6.337922474636114,1,At Risk
13895.0,28,4,2593.07,7.860983349863101,0,Loyal Customers
13897.0,50,1,311.16,5.743515876874802,1,At Risk
13898.0,326,1,155.93,5.055799846050629,2,Hibernating
13899.0,16,2,388.52,5.9649152118744455,1,At Risk
13900.0,183,3,740.95,6.609281855452135,2,Hibernating
13901.0,72,5,2867.2000000000003,7.961439934295112,0,Loyal Customers
13904.0,37,2,332.64,5.810062567373411,1,At Risk
13908.0,80,4,2369.55,7.770877274716226,0,Loyal Customers
13911.0,57,9,2580.91,7.856284714098846,0,Loyal Customers
13914.0,12,2,626.45,6.441663986556317,1,At Risk
13917.0,50,2,272.04,5.609618304598452,1,At Risk
13918.0,50,2,1212.8400000000001,7.101544167216986,1,At Risk
13919.0,59,2,384.81,5.955345020301596,1,At Risk
13922.0,352,1,172.25,5.1547356380700124,2,Hibernating
13923.0,54,1,351.13,5.864000425598742,1,At Risk
13924.0,2,6,1838.8500000000001,7.517439325540823,0,Loyal Customers
13925.0,93,4,678.25,6.520989248306457,1,At Risk
13926.0,23,1,223.85000000000002,5.415433513216716,1,At Risk
13927.0,75,1,348.99,5.857904582646717,1,At Risk
13928.0,11,4,464.57,6.143262461351643,1,At Risk
13929.0,169,2,842.65,6.737737716644347,2,Hibernating
13930.0,58,2,337.34,5.824051307047146,1,At Risk
13931.0,96,2,1237.53,7.121680471486267,1,At Risk
13932.0,295,1,307.4,5.731397641689174,2,Hibernating
13933.0,109,2,608.79,6.413114635600407,1,At Risk
13934.0,264,1,922.1,6.8277375709961055,2,Hibernating
13936.0,180,1,376.58,5.933782466766897,2,Hibernating
13937.0,169,1,158.85,5.074235875505851,2,Hibernating
13938.0,35,1,71.66,4.2857910267930555,1,At Risk
13939.0,23,3,568.55,6.344846575345921,1,At Risk
13940.0,17,4,839.14,6.73356854461668,1,At Risk
13941.0,22,5,5112.96,8.539729334154528,0,Loyal Customers
13946.0,79,3,561.57,6.332515570780452,1,At Risk
13947.0,65,1,90.60000000000001,4.517431271680085,1,At Risk
13948.0,361,1,102.0,4.634728988229636,2,Hibernating
13949.0,3,6,2427.32,7.794954939211736,0,Loyal Customers
13950.0,11,4,745.0600000000001,6.61480602592395,1,At Risk
13951.0,176,3,674.45,6.5153791354156905,2,Hibernating
13952.0,218,2,3251.071,8.087047303147697,2,Hibernating
13953.0,7,7,3515.68,8.16527264169811,0,Loyal Customers
13954.0,2,2,439.92,6.088863453095115,1,At Risk
13955.0,154,2,322.96,5.780620051380789,2,Hibernating
13956.0,5,5,1019.27,6.927822577132249,1,At Risk
13959.0,79,3,594.04,6.388628630176759,1,At Risk
13960.0,21,2,230.22,5.443369638247176,1,At Risk
13962.0,22,2,169.54999999999998,5.139028508864655,1,At Risk
13963.0,308,4,664.54,6.500598741212994,2,Hibernating
13967.0,146,1,80.7,4.403054001865957,2,Hibernating
13969.0,7,18,9024.17,9.107772619588772,0,Loyal Customers
13971.0,19,8,2758.26,7.922717806819661,0,Loyal Customers
13972.0,71,2,190.25,5.253581472706645,1,At Risk
13973.0,287,1,264.7,5.582367852765768,2,Hibernating
13974.0,49,1,413.59000000000003,6.027290080077415,1,At Risk
13975.0,31,6,2461.2400000000002,7.808826783715542,0,Loyal Customers
13976.0,207,1,357.98,5.8832666766299955,2,Hibernating
13978.0,15,2,196.79,5.287205861793318,1,At Risk
13979.0,73,1,869.87,6.769492711981713,1,At Risk
13980.0,60,1,200.14,5.304001183016334,1,At Risk
13982.0,39,4,1871.81,7.535195255760907,0,Loyal Customers
13983.0,30,12,2603.43,7.864969120264265,0,Loyal Customers
13984.0,27,5,920.51,6.8260136289229445,1,At Risk
13985.0,4,15,7060.13,8.862360374336811,0,Loyal Customers
13986.0,17,1,320.46,5.7728731191409945,1,At Risk
13988.0,20,6,4147.96,8.330612979409075,0,Loyal Customers
13989.0,66,2,1266.08,7.144470319606423,1,At Risk
13990.0,213,1,311.3,5.7439642642890325,2,Hibernating
13991.0,12,6,851.88,6.74861885764222,1,At Risk
13992.0,30,1,76.8,4.354141431184346,1,At Risk
13993.0,43,9,3466.36,8.151148776464021,0,Loyal Customers
13994.0,4,6,2274.14,7.729796867953175,0,Loyal Customers
13995.0,15,5,1393.69,7.240427447338227,0,Loyal Customers
13999.0,10,12,3901.81,8.269452085493503,0,Loyal Customers
14000.0,211,1,635.66,6.456235761113554,2,Hibernating
14001.0,46,3,2043.0800000000002,7.622703089500935,0,Loyal Customers
14002.0,134,2,529.73,6.274253417348632,1,At Risk
14004.0,43,7,4582.64,8.430248721279204,0,Loyal Customers
14005.0,10,5,2874.72,7.964058356660503,0,Loyal Customers
14006.0,116,3,962.19,6.870250692440862,1,At Risk
14009.0,198,2,695.61,6.546225713269575,2,Hibernating
14012.0,278,1,328.8,5.7984864101254985,2,Hibernating
14013.0,110,3,473.02,6.161249514897758,1,At Risk
14014.0,77,1,505.18,6.226892337255411,1,At Risk
14015.0,53,1,917.34,6.8225676924206855,1,At Risk
14016.0,162,4,4341.21,8.376138714077541,0,Loyal Customers
14019.0,47,3,1421.6100000000001,7.260248491657529,1,At Risk
14020.0,17,2,642.8,6.467388118864708,1,At Risk
14021.0,155,3,631.9,6.45031243178126,1,At Risk
14022.0,225,1,440.0,6.089044875446846,2,Hibernating
14023.0,7,2,584.07,6.371731498193053,1,At Risk
14024.0,122,2,327.7,5.795145480670174,1,At Risk
14027.0,61,1,104.82,4.661739537475985,1,At Risk
14029.0,63,2,467.66,6.149877558850261,1,At Risk
14030.0,18,8,2358.84,7.766349099111192,0,Loyal Customers
14031.0,7,19,17286.86,9.757759800051202,0,Loyal Customers
14032.0,2,11,2975.59,7.998533628991687,0,Loyal Customers
14034.0,22,3,648.89,6.476803117799309,1,At Risk
14035.0,29,5,1428.02,7.264744173633186,0,Loyal Customers
14036.0,285,1,626.65,6.441982686264217,2,Hibernating
14037.0,176,2,147.20000000000002,4.998562712861987,2,Hibernating
14038.0,78,3,1560.38,7.353325324586606,1,At Risk
14039.0,33,1,152.2,5.0317442573064906,1,At Risk
14040.0,41,12,3560.32,8.177886541638598,0,Loyal Customers
14041.0,266,1,141.41,4.958710221231336,2,Hibernating
14044.0,27,4,646.42,6.472995233816948,1,At Risk
14045.0,109,4,1659.75,7.415024586545351,0,Loyal Customers
14046.0,284,1,151.59,5.0277545859036445,2,Hibernating
14047.0,9,5,1308.6100000000001,7.177484661947137,0,Loyal Customers
14048.0,305,1,409.93,6.018422883689063,2,Hibernating
14049.0,17,4,5578.72,8.626893874904868,0,Loyal Customers
14050.0,32,2,746.36,6.616546996753798,1,At Risk
14051.0,1,23,15610.390000000001,9.655756055028828,0,Loyal Customers
14052.0,20,1,225.35999999999999,5.422126652274323,1,At Risk
14053.0,124,2,260.25,5.565477803279021,1,At Risk
14054.0,65,1,92.46000000000001,4.53753353727228,1,At Risk
14055.0,106,1,725.6400000000001,6.588431169193958,1,At Risk
14056.0,1,23,8152.71,9.006228317380044,0,Loyal Customers
14057.0,24,17,6211.66,8.734344424600405,0,Loyal Customers
14059.0,267,1,183.6,5.218191322068752,2,Hibernating
14060.0,5,19,6140.42,8.722811264760628,0,Loyal Customers
14062.0,10,12,10464.85,9.255872854706382,0,Loyal Customers
14064.0,29,5,1334.34,7.1969412200564244,0,Loyal Customers
14066.0,267,1,152.55,5.034026246886832,2,Hibernating
14067.0,64,2,374.7,5.928790952579924,1,At Risk
14068.0,320,1,265.85,5.586686702779954,2,Hibernating
14071.0,4,8,1422.75,7.261049514761392,0,Loyal Customers
14073.0,32,1,151.04,5.024143644121048,1,At Risk
14075.0,5,3,942.26,6.849341960431477,1,At Risk
14076.0,129,1,118.67,4.784737954585425,1,At Risk
14077.0,41,5,499.42,6.2154477458196355,1,At Risk
14078.0,102,6,1049.37,6.956897762032364,1,At Risk
14079.0,125,1,375.1,5.929855065476291,1,At Risk
14080.0,33,1,45.599999999999994,3.8416005411316,1,At Risk
14081.0,302,2,921.62,6.827217448755657,2,Hibernating
14082.0,365,1,182.25,5.2108513407667605,2,Hibernating
14083.0,4,9,1002.9,6.911647693697481,0,Loyal Customers
14085.0,2,18,4421.29,8.394412940452025,0,Loyal Customers
14087.0,3,1,191.47,5.259940297427033,1,At Risk
14088.0,10,13,50491.81,10.829586228889369,0,Loyal Customers
14089.0,57,1,158.75,5.073610093257644,1,At Risk
14090.0,325,1,76.32000000000001,4.34795265434013,2,Hibernating
14092.0,8,14,4076.9100000000003,8.313339881248881,0,Loyal Customers
14093.0,12,1,433.86,6.075024140206913,1,At Risk
14096.0,4,17,53258.43,10.882930157095108,0,Loyal Customers
14098.0,37,1,147.35,4.99957434673683,1,At Risk
14099.0,16,11,3104.17,8.040823743271407,0,Loyal Customers
14100.0,138,1,191.95,5.262431087983628,1,At Risk
14101.0,74,6,5976.79,8.695806213421232,0,Loyal Customers
14102.0,5,5,1105.8799999999999,7.009300525748804,1,At Risk
14104.0,155,2,216.21,5.380864627515602,2,Hibernating
14105.0,239,1,1266.23,7.144588695022355,2,Hibernating
14107.0,52,7,2703.23,7.902572492717126,0,Loyal Customers
14108.0,31,2,597.91,6.395111336409363,1,At Risk
14109.0,73,1,144.2,4.978112102390695,1,At Risk
14110.0,4,12,5683.15,8.645436878735076,0,Loyal Customers
14111.0,14,4,692.85,6.54225579881702,1,At Risk
14112.0,23,7,2915.15,7.978019532134758,0,Loyal Customers
14113.0,4,4,1840.42,7.518292292095946,0,Loyal Customers
14114.0,274,2,386.53,5.959793265151517,2,Hibernating
14116.0,20,5,1382.74,7.2325452572578,0,Loyal Customers
14117.0,144,1,90.0,4.51085950651685,2,Hibernating
14121.0,4,4,2780.15,7.930619790211972,0,Loyal Customers
14124.0,84,1,419.58,6.041634711020558,1,At Risk
14125.0,11,3,2720.63,7.908986244508535,0,Loyal Customers
14126.0,8,3,706.1300000000001,6.56121452452395,1,At Risk
14127.0,123,3,709.71,6.566264470368445,1,At Risk
14128.0,61,2,637.5,6.459121675472594,1,At Risk
14129.0,2,5,1123.8600000000001,7.025413862450224,1,At Risk
14130.0,319,1,480.91,6.177757374624178,2,Hibernating
14132.0,2,11,3586.03,8.185079841032296,0,Loyal Customers
14133.0,130,3,605.64,6.4079355343926805,1,At Risk
14135.0,2,15,4690.31,8.453467140135627,0,Loyal Customers
14138.0,2,2,965.88,6.874074392613249,1,At Risk
14139.0,46,1,415.82,6.032654473932845,1,At Risk
14140.0,4,2,935.05,6.841668893854277,1,At Risk
14141.0,3,4,915.13,6.820158276001622,1,At Risk
14142.0,373,1,311.81,5.745595977469612,2,Hibernating
14143.0,134,1,115.8,4.760463070394127,1,At Risk
14145.0,47,4,3742.2,8.227696139552007,0,Loyal Customers
14146.0,9,5,4191.0,8.340933226000878,0,Loyal Customers
14147.0,78,2,483.4,6.182911011678937,1,At Risk
14148.0,234,1,157.2,5.063860055333554,2,Hibernating
14149.0,221,1,446.62,6.103944658191983,2,Hibernating
14150.0,36,2,658.64,6.49169423166057,1,At Risk
14152.0,75,2,621.29,6.433406222026163,1,At Risk
14154.0,239,2,1345.62,7.205353028221294,2,Hibernating
14155.0,266,1,118.75,4.785406236291025,2,Hibernating
14156.0,10,55,117210.08,11.671731690905643,3,Champions
14157.0,20,2,424.89000000000004,6.054181096963448,1,At Risk
14158.0,40,1,507.65999999999997,6.231779816930511,1,At Risk
14159.0,20,11,4627.98,8.440091820434336,0,Loyal Customers
14161.0,216,3,1097.6200000000001,7.001810125730978,2,Hibernating
14162.0,174,2,289.36,5.67112153241664,2,Hibernating
14163.0,87,4,2445.91,7.802581283035999,0,Loyal Customers
14164.0,71,2,1631.77,7.398033237980444,1,At Risk
14165.0,276,1,120.44,4.79942031364732,2,Hibernating
14167.0,39,4,562.59,6.334327036786916,1,At Risk
14171.0,98,1,363.79,5.899321845543751,1,At Risk
14173.0,11,4,450.84,6.1133281348648225,1,At Risk
14174.0,33,1,134.46,4.908676393786758,1,At Risk
14175.0,60,3,3222.3,8.078160958464125,0,Loyal Customers
14176.0,297,4,576.9000000000001,6.359400843323733,2,Hibernating
14177.0,86,4,549.46,6.310754292305705,1,At Risk
14178.0,9,7,1580.26,7.365977276566505,0,Loyal Customers
14179.0,41,2,701.57,6.554745040371868,1,At Risk
14180.0,11,25,4748.52,8.465798839290947,0,Loyal Customers
14184.0,67,1,452.89,6.1178548779353035,1,At Risk
14185.0,331,1,197.65,5.291544482260608,2,Hibernating
14188.0,31,6,2054.36,7.628206294069428,0,Loyal Customers
14189.0,2,15,4654.08,8.44571437538519,0,Loyal Customers
14191.0,2,13,4684.76,8.452283401366893,0,Loyal Customers
14193.0,68,2,853.39,6.750387764017587,1,At Risk
14194.0,5,21,11349.52,9.337018836838048,0,Loyal Customers
14195.0,202,2,1012.0,6.920671504248683,2,Hibernating
14196.0,107,1,335.52,5.818657582682613,1,At Risk
14198.0,18,4,701.4,6.554503042320907,1,At Risk
14199.0,218,1,185.39999999999998,5.2278949022514904,2,Hibernating
14201.0,60,7,747.44,6.617991040326031,1,At Risk
14204.0,2,1,150.61,5.021311434093491,1,At Risk
14205.0,17,2,466.7,6.147827064731841,1,At Risk
14206.0,239,1,328.15999999999997,5.796543954737512,2,Hibernating
14208.0,95,1,151.74,5.0287371294602385,1,At Risk
14209.0,11,6,2073.43,7.637441696132993,0,Loyal Customers
14210.0,106,6,1905.8400000000001,7.553202700664662,0,Loyal Customers
14211.0,53,9,2241.1,7.715168205670426,0,Loyal Customers
14212.0,90,1,1070.48,6.976796149317125,1,At Risk
14214.0,31,5,1004.38,6.913120858480547,1,At Risk
14215.0,12,6,1789.72,7.490373052597007,0,Loyal Customers
14216.0,3,4,1839.3,7.517683880791149,0,Loyal Customers
14217.0,2,17,2004.98,7.603887998382448,0,Loyal Customers
14218.0,43,1,169.48000000000002,5.1386179877903615,1,At Risk
14219.0,4,1,89.94,4.510199948396864,1,At Risk
14220.0,247,2,632.4000000000001,6.45110213410454,2,Hibernating
14221.0,42,9,3432.8,8.141422798643111,0,Loyal Customers
14222.0,177,1,683.17,6.528206424753791,2,Hibernating
14223.0,92,3,991.13,6.89985414708588,1,At Risk
14224.0,110,4,1009.73,6.918428121038441,1,At Risk
14226.0,29,5,2214.79,7.703364278033695,0,Loyal Customers
14227.0,26,10,3350.96,8.117300528356548,0,Loyal Customers
14229.0,52,3,1547.2,7.344848244770613,0,Loyal Customers
14231.0,184,3,925.71,6.831640679513165,2,Hibernating
14232.0,43,5,2048.07,7.625141310661702,0,Loyal Customers
14233.0,49,4,1462.72,7.288736419398736,0,Loyal Customers
14234.0,22,4,754.12,6.626876677016689,1,At Risk
14235.0,75,5,3144.86,8.053842581674434,0,Loyal Customers
14236.0,81,2,490.86,6.198194123153937,1,At Risk
14237.0,373,1,161.0,5.087596335232384,2,Hibernating
14238.0,326,1,146.85,4.996198246298486,2,Hibernating
14239.0,43,11,2380.85,7.775632775640216,0,Loyal Customers
14240.0,30,2,890.34,6.792725948397371,1,At Risk
14241.0,184,1,213.70000000000002,5.369241704884735,2,Hibernating
14242.0,235,2,280.55,5.640310051700627,2,Hibernating
14243.0,9,10,2588.77,7.859324347661553,0,Loyal Customers
14245.0,220,2,1693.45,7.435113483382488,2,Hibernating
14246.0,111,3,1474.06,7.296453945912695,1,At Risk
14247.0,278,1,136.77,4.925585628056508,2,Hibernating
14248.0,318,1,302.58,5.715645167198713,2,Hibernating
14250.0,7,3,1904.05,7.552263533935522,0,Loyal Customers
14251.0,2,5,2879.7000000000003,7.965788599152331,0,Loyal Customers
14256.0,260,2,969.0600000000001,6.8773579252545485,2,Hibernating
14257.0,64,5,3099.7200000000003,8.039389621570026,0,Loyal Customers
14258.0,9,9,12669.98,9.447069618390275,0,Loyal Customers
14259.0,142,1,120.0,4.795790545596741,2,Hibernating
14261.0,51,2,1163.45,7.060004151519799,1,At Risk
14262.0,8,8,2618.23,7.870635660430322,0,Loyal Customers
14264.0,155,2,333.97,5.814040975576219,2,Hibernating
14265.0,109,2,530.18,6.275100946851013,1,At Risk
14267.0,163,3,1516.24,7.3246481738226015,1,At Risk
14270.0,332,1,492.65000000000003,6.201826764057459,2,Hibernating
14271.0,226,1,112.32000000000001,4.730215674962316,2,Hibernating
14272.0,74,2,437.96,6.0844082927507195,1,At Risk
14273.0,51,4,559.97,6.329667428156979,1,At Risk
14276.0,99,3,1119.74,7.021744460399267,1,At Risk
14277.0,15,3,4188.0,8.340217320947035,0,Loyal Customers
14280.0,197,1,134.04,4.905571030847647,2,Hibernating
14282.0,3,15,3701.44,8.216747340743936,0,Loyal Customers
14284.0,31,2,595.25,6.390660042202551,1,At Risk
14285.0,21,4,1910.01,7.555387177088957,0,Loyal Customers
14286.0,24,3,4628.75,8.440258149942116,0,Loyal Customers
14287.0,8,3,176.63,5.179702735211794,1,At Risk
14288.0,213,1,426.6,6.05818817915089,2,Hibernating
14289.0,9,6,911.26,6.815925037163848,1,At Risk
14290.0,11,5,2314.65,7.747445704647496,0,Loyal Customers
14291.0,2,11,3883.25,8.264685193972111,0,Loyal Customers
14292.0,8,9,4871.93,8.491450677872692,0,Loyal Customers
14293.0,3,4,1046.56,6.954218929392177,1,At Risk
14295.0,40,1,166.20000000000002,5.119190700650601,1,At Risk
14297.0,18,4,1305.33,7.174976957856922,0,Loyal Customers
14298.0,8,44,51527.3,10.849886450287096,3,Champions
14299.0,8,9,3965.62,8.285669625656425,0,Loyal Customers
14300.0,19,1,43.2,3.7887247890836524,1,At Risk
14301.0,117,1,640.14,6.463247841809304,1,At Risk
14304.0,223,1,383.45,5.9518137414781895,2,Hibernating
14305.0,71,3,1858.96,7.528310261099659,0,Loyal Customers
14306.0,51,2,2093.32,7.646984197329087,0,Loyal Customers
14307.0,89,6,2995.7200000000003,8.005273636192019,0,Loyal Customers
14309.0,8,9,2352.53,7.763671607732549,0,Loyal Customers
14311.0,243,1,310.26,5.740628575776864,2,Hibernating
14312.0,47,6,1611.5900000000001,7.385596861065875,0,Loyal Customers
14314.0,107,1,120.0,4.795790545596741,1,At Risk
14315.0,45,6,2481.13,7.816872341508149,0,Loyal Customers
14317.0,65,1,508.58,6.233586857019973,1,At Risk
14320.0,207,2,477.79,6.17126208791851,2,Hibernating
14321.0,11,5,1530.75,7.334166151605764,0,Loyal Customers
14323.0,115,2,605.0600000000001,6.406978991069148,1,At Risk
14326.0,242,1,183.85,5.219544685382641,2,Hibernating
14327.0,163,1,311.65000000000003,5.745084354013307,2,Hibernating
14329.0,17,7,4975.24,8.512429864767167,0,Loyal Customers
14331.0,124,2,462.66,6.139151525006747,1,At Risk
14332.0,23,3,840.21,6.734841331537249,1,At Risk
14333.0,68,1,415.2,6.031165913959534,1,At Risk
14334.0,17,8,2552.21,7.845106670027843,0,Loyal Customers
14335.0,16,2,454.86,6.1221857448309915,1,At Risk
14336.0,17,4,1614.91,7.387653544460817,0,Loyal Customers
14338.0,161,2,588.22,6.3787996283436765,2,Hibernating
14339.0,243,1,309.52000000000004,5.73824831153748,2,Hibernating
14340.0,219,1,134.7,4.9104465668408235,2,Hibernating
14341.0,45,8,2166.98,7.6815511374247345,0,Loyal Customers
14342.0,21,4,668.5600000000001,6.506620780234419,1,At Risk
14344.0,127,8,889.9300000000001,6.7922658609726465,1,At Risk
14345.0,39,1,108.98,4.700298531079668,1,At Risk
14346.0,121,2,1021.58,6.9300841244652,1,At Risk
14348.0,260,1,409.57,6.017546438106483,2,Hibernating
14349.0,10,1,133.5,4.901564199041894,1,At Risk
14350.0,274,1,282.93,5.6487277289070565,2,Hibernating
14351.0,165,1,51.0,3.9512437185814275,2,Hibernating
14352.0,157,4,1078.96,6.984679282395341,1,At Risk
14353.0,215,1,90.6,4.517431271680085,2,Hibernating
14354.0,6,2,163.62,5.103639787544498,1,At Risk
14355.0,366,1,174.4,5.1670690799380825,2,Hibernating
14356.0,80,2,701.23,6.5542609856927125,1,At Risk
14357.0,43,1,225.12,5.42106583180709,1,At Risk
14359.0,19,3,912.1800000000001,6.816933013408364,1,At Risk
14360.0,32,4,2118.03,7.658713715789601,0,Loyal Customers
14362.0,22,1,151.5,5.0271645960474665,1,At Risk
14364.0,109,8,3717.35,8.221035300483413,0,Loyal Customers
14367.0,8,16,9227.82,9.13008647533716,0,Loyal Customers
14368.0,320,1,155.0,5.049856007249537,2,Hibernating
14371.0,295,1,100.5,4.620058798481842,2,Hibernating
14373.0,358,1,76.55,4.350922889622548,2,Hibernating
14375.0,185,1,235.56,5.466201875544222,2,Hibernating
14377.0,191,2,617.05,6.426569360333832,2,Hibernating
14379.0,44,2,348.1,5.855358414110991,1,At Risk
14381.0,52,1,202.68,5.316550134809097,1,At Risk
14382.0,26,1,615.49,6.424042101872681,1,At Risk
14383.0,38,3,1247.69,7.129850280760371,1,At Risk
14385.0,9,3,202.10999999999999,5.3137477042033945,1,At Risk
14386.0,297,1,142.4,4.96563792816552,2,Hibernating
14387.0,33,3,1727.6,7.455067111318538,0,Loyal Customers
14388.0,10,8,3212.84,8.07522176285542,0,Loyal Customers
14389.0,65,2,1043.46,6.9512552844279885,1,At Risk
14390.0,10,9,4642.57,8.443238745938231,0,Loyal Customers
14393.0,218,1,67.95,4.233381604239311,2,Hibernating
14395.0,2,9,3479.91,8.15504903283773,0,Loyal Customers
14396.0,65,2,487.99,6.19234203936802,1,At Risk
14397.0,3,19,2612.96,7.868621591848266,0,Loyal Customers
14400.0,149,1,574.7,6.355586691681764,1,At Risk
14401.0,4,13,4051.48,8.307084318372484,0,Loyal Customers
14403.0,130,4,1475.81,7.297639635123279,1,At Risk
14404.0,34,6,1449.32,7.2795395007214125,0,Loyal Customers
14406.0,119,1,156.75,5.061011501421323,1,At Risk
14407.0,107,6,2157.73,7.677275364797242,0,Loyal Customers
14408.0,11,7,2599.03,7.8632782624045445,0,Loyal Customers
14409.0,71,6,2059.4500000000003,7.630679684529584,0,Loyal Customers
14410.0,92,9,1099.27,7.003310883212878,0,Loyal Customers
14411.0,311,1,1063.0,6.96979066990159,2,Hibernating
14412.0,43,2,770.03,6.647727283312172,1,At Risk
14413.0,362,1,121.05,4.804430796838969,2,Hibernating
14414.0,92,7,1496.98,7.311872812853191,0,Loyal Customers
14415.0,1,13,5855.57,8.675319386969873,0,Loyal Customers
14416.0,22,2,490.22,6.1968920926164115,1,At Risk
14418.0,4,3,1937.25,7.569540783099068,0,Loyal Customers
14419.0,11,6,1051.79,6.959199062045698,1,At Risk
14420.0,99,1,387.52,5.962344648534129,1,At Risk
14421.0,57,2,813.11,6.702095492007746,1,At Risk
14422.0,1,6,4263.64,8.358113048391361,0,Loyal Customers
14423.0,218,1,265.2,5.5842479059610115,2,Hibernating
14424.0,18,1,322.08,5.777899970574095,1,At Risk
14426.0,24,10,4481.67,8.407974130025062,0,Loyal Customers
14427.0,50,2,363.34000000000003,5.898087497602683,1,At Risk
14428.0,7,5,1224.06,7.110745101371203,0,Loyal Customers
14431.0,303,1,470.36,6.1556221332742656,2,Hibernating
14432.0,10,6,2248.5,7.7184632482812265,0,Loyal Customers
14434.0,22,6,1372.8,7.225335901779781,0,Loyal Customers
14436.0,99,1,89.06,4.500476114873425,1,At Risk
14437.0,366,1,63.0,4.1588830833596715,2,Hibernating
14438.0,306,1,131.9,4.8895969657192,2,Hibernating
14439.0,320,1,2661.24,7.8869231526671975,2,Hibernating
14440.0,8,5,2357.68,7.765857419506838,0,Loyal Customers
14441.0,1,4,1712.89,7.446520919735376,0,Loyal Customers
14442.0,205,2,1589.82,7.372004885545176,2,Hibernating
14443.0,54,4,1420.2,7.259256864146872,0,Loyal Customers
14446.0,1,4,1005.55,6.914283920944837,1,At Risk
14447.0,19,5,1163.23,7.059815203273879,1,At Risk
14448.0,9,2,375.35,5.930519561480541,1,At Risk
14449.0,19,4,885.8,6.787619477742156,1,At Risk
14450.0,181,3,483.25,6.182601302287106,2,Hibernating
14451.0,60,2,643.9,6.469095266016332,1,At Risk
14452.0,11,2,259.05,5.560873920219081,1,At Risk
14453.0,190,1,119.93,4.795211865797184,2,Hibernating
14456.0,5,9,3014.32,8.011461239515993,0,Loyal Customers
14457.0,311,1,113.64,4.741796783519916,2,Hibernating
14459.0,155,1,1837.92,7.516933721754878,1,At Risk
14460.0,110,3,434.34,6.076127334986691,1,At Risk
14461.0,148,3,2102.67,7.651438717449813,0,Loyal Customers
14462.0,66,11,1975.57,7.589118298249244,0,Loyal Customers
14463.0,98,3,529.62,6.2740461341708045,1,At Risk
14465.0,247,3,1038.44,6.946437385574481,2,Hibernating
14466.0,29,7,2272.4,7.72903178725261,0,Loyal Customers
14467.0,18,4,596.26,6.392352529473033,1,At Risk
14470.0,12,2,461.19,6.135976061950666,1,At Risk
14472.0,104,8,1852.67,7.524922736755564,0,Loyal Customers
14473.0,74,2,234.34,5.461031277035783,1,At Risk
14474.0,46,1,547.66,6.3074789418267985,1,At Risk
14475.0,72,3,925.85,6.831791740175098,1,At Risk
14476.0,257,1,193.0,5.267858159063328,2,Hibernating
14477.0,20,4,1309.6,7.178240326605397,0,Loyal Customers
14479.0,254,2,316.25,5.759690106594497,2,Hibernating
14480.0,11,1,279.05,5.634968158655841,1,At Risk
14481.0,165,2,636.51,6.457569963184063,2,Hibernating
14482.0,18,6,2022.81,7.6127371524831755,0,Loyal Customers
14483.0,282,1,137.1,4.9279780604152466,2,Hibernating
14484.0,50,1,321.92,5.777404614526815,1,At Risk
14485.0,39,1,162.8,5.098646171418969,1,At Risk
14487.0,27,6,1165.48,7.06174594600803,0,Loyal Customers
14488.0,68,1,1064.28,6.97099295438666,1,At Risk
14489.0,207,1,463.38,6.14070318257422,2,Hibernating
14491.0,175,2,340.93,5.834606037750557,2,Hibernating
14493.0,7,5,2383.2400000000002,7.7766356942591806,0,Loyal Customers
14494.0,26,1,139.56,4.945634443878841,1,At Risk
14495.0,51,2,123.80000000000001,4.826712455935327,1,At Risk
14496.0,312,2,538.8100000000001,6.2912172257920815,2,Hibernating
14497.0,309,1,475.37,6.166194863206115,2,Hibernating
14498.0,43,5,1957.32,7.579842241810434,0,Loyal Customers
14499.0,26,3,808.44,6.696342650543626,1,At Risk
14500.0,88,3,356.85,5.880113904184607,1,At Risk
14501.0,184,2,251.21,5.530262073815315,2,Hibernating
14502.0,20,11,2426.79,7.794736657499787,0,Loyal Customers
14503.0,3,6,3543.26,8.173084672465158,0,Loyal Customers
14504.0,47,4,673.26,6.513615793203887,1,At Risk
14505.0,17,8,5859.43,8.675978258718553,0,Loyal Customers
14506.0,17,5,1960.65,7.5815412348134545,0,Loyal Customers
14507.0,24,6,1367.88,7.2217481662237155,0,Loyal Customers
14508.0,22,2,268.05,5.594897235935429,1,At Risk
14511.0,11,5,1314.81,7.182207724562218,0,Loyal Customers
14512.0,188,2,275.28,5.621414844220772,2,Hibernating
14513.0,101,3,455.59000000000003,6.1237858328484185,1,At Risk
14514.0,61,3,990.2,6.898916330314933,1,At Risk
14515.0,18,6,2076.89,7.63910823474312,0,Loyal Customers
14517.0,33,2,330.45,5.8034769686874,1,At Risk
14518.0,64,1,174.37,5.166898027681201,1,At Risk
14520.0,2,2,270.6,5.604330395684541,1,At Risk
14522.0,24,4,974.54,6.882991163835519,1,At Risk
14523.0,108,1,241.09,5.489309557845162,1,At Risk
14524.0,32,9,1843.83,7.520142411307983,0,Loyal Customers
14525.0,20,9,4215.9,8.346855539924958,0,Loyal Customers
14527.0,3,55,8506.13,9.048659914391978,3,Champions
14528.0,37,1,364.21999999999997,5.900499911733888,1,At Risk
14529.0,60,3,578.61,6.362355463575814,1,At Risk
14530.0,26,6,2862.11,7.959663725596504,0,Loyal Customers
14532.0,236,4,932.85,6.839315825759616,2,Hibernating
14533.0,25,7,1949.72,7.575953814178117,0,Loyal Customers
14534.0,3,18,4395.65,8.388598166285497,0,Loyal Customers
14535.0,60,3,2854.84,7.957121299481198,0,Loyal Customers
14536.0,260,1,170.95,5.147203736878275,2,Hibernating
14537.0,58,1,355.56,5.876502528638301,1,At Risk
14538.0,65,2,388.25,5.964221810714108,1,At Risk
14539.0,16,2,537.48,6.288750355702458,1,At Risk
14540.0,10,3,952.66,6.860307213794826,1,At Risk
14541.0,59,8,1453.35,7.282314344394418,0,Loyal Customers
14542.0,186,1,103.25,4.646791860678911,2,Hibernating
14543.0,29,16,3565.08,8.179222232271277,0,Loyal Customers
14544.0,24,2,2004.3,7.603548954482988,0,Loyal Customers
14546.0,5,5,2573.93,7.853577628262313,0,Loyal Customers
14547.0,4,8,3974.75,8.287968688536026,0,Loyal Customers
14548.0,151,2,652.8,6.48280149429011,1,At Risk
14549.0,311,1,289.24,5.670708166926772,2,Hibernating
14550.0,11,2,757.37,6.631171393196389,1,At Risk
14551.0,18,2,186.23,5.232337807614061,1,At Risk
14552.0,152,1,164.22,5.10727791913436,2,Hibernating
14553.0,19,5,859.27,6.757246293462842,1,At Risk
14554.0,10,4,2279.4900000000002,7.7321456111388525,0,Loyal Customers
14555.0,57,2,312.54,5.747926943640385,1,At Risk
14557.0,85,1,788.38,6.671247827209794,1,At Risk
14560.0,7,22,2237.77,7.71368188689169,0,Loyal Customers
14561.0,76,3,1080.76,6.986344623342368,1,At Risk
14562.0,4,18,5006.77,8.518745985207708,0,Loyal Customers
14565.0,96,4,3099.12,8.039196099401456,0,Loyal Customers
14566.0,111,1,1432.0,7.267525427828172,1,At Risk
14567.0,57,2,1530.3600000000001,7.3339115084475965,1,At Risk
14569.0,1,1,227.39,5.431054693986231,1,At Risk
14570.0,281,2,217.21,5.385457901863037,2,Hibernating
14572.0,3,7,2804.54,7.93935131279746,0,Loyal Customers
14573.0,180,9,1639.82,7.402951395859895,0,Loyal Customers
14576.0,372,1,35.400000000000006,3.594568774642695,2,Hibernating
14577.0,13,4,859.71,6.757757630038034,1,At Risk
14578.0,3,1,168.63,5.133619594507631,1,At Risk
14581.0,17,1,138.6,4.938781190328272,1,At Risk
14582.0,41,1,114.11,4.74588819292697,1,At Risk
14583.0,6,5,986.96,6.895642211098335,1,At Risk
14584.0,169,4,1033.06,6.941248080464172,1,At Risk
14585.0,50,1,157.05,5.062911438661627,1,At Risk
14586.0,277,1,237.35999999999999,5.473782135878778,2,Hibernating
14587.0,19,9,1580.29,7.365996248598568,0,Loyal Customers
14589.0,372,1,39.75,3.7074558396868715,2,Hibernating
14591.0,15,4,1320.21,7.18630326236477,0,Loyal Customers
14592.0,35,3,557.94,6.326042132868397,1,At Risk
14593.0,22,3,617.15,6.426731146452936,1,At Risk
14594.0,7,2,363.33,5.898060050335743,1,At Risk
14595.0,20,6,1740.6000000000001,7.462559509920338,0,Loyal Customers
14597.0,11,2,866.24,6.76531575508289,1,At Risk
14598.0,44,1,221.97,5.40703723326228,1,At Risk
14600.0,306,1,393.33000000000004,5.977188122189173,2,Hibernating
14601.0,11,1,213.96,5.370451964307236,1,At Risk
14603.0,275,1,660.0,6.493753839851687,2,Hibernating
14606.0,1,91,12046.15,9.39658339642201,3,Champions
14607.0,16,12,15021.5,9.617304356208082,0,Loyal Customers
14608.0,4,4,1785.15,7.48781774447192,0,Loyal Customers
14609.0,72,4,601.56,6.401187245468788,1,At Risk
14616.0,243,3,406.08000000000004,6.009009726323731,2,Hibernating
14618.0,9,3,553.44,6.317958595345153,1,At Risk
14619.0,246,1,394.44,5.979999068998704,2,Hibernating
14620.0,206,2,412.78000000000003,6.0253344316155975,2,Hibernating
14621.0,1,5,1788.3600000000001,7.489613293002015,0,Loyal Customers
14622.0,185,1,320.58000000000004,5.773246346316266,2,Hibernating
14623.0,32,5,882.02,6.783347850404076,1,At Risk
14624.0,57,2,225.85,5.424289006109973,1,At Risk
14625.0,196,2,899.63,6.803094518438584,2,Hibernating
14626.0,24,4,2791.27,7.934610164077709,0,Loyal Customers
14628.0,91,2,671.96,6.511685892514335,1,At Risk
14629.0,4,2,955.26,6.863029842602406,1,At Risk
14631.0,51,3,1006.98,6.915703607164632,1,At Risk
14632.0,263,1,114.56,4.749789875598035,2,Hibernating
14633.0,266,1,344.90000000000003,5.846149715943123,2,Hibernating
14636.0,36,2,609.85,6.414851429850069,1,At Risk
14638.0,51,1,443.6,6.097175001530096,1,At Risk
14639.0,52,6,2984.4900000000002,8.001519166458744,0,Loyal Customers
14640.0,24,6,2107.38,7.653675159070001,0,Loyal Customers
14641.0,22,1,110.46000000000001,4.7136657821413905,1,At Risk
14642.0,59,1,96.12,4.575947327311188,1,At Risk
14643.0,170,2,693.8100000000001,6.54363842689435,2,Hibernating
14644.0,68,2,830.76,6.723543937669715,1,At Risk
14645.0,157,2,597.09,6.393741244298632,1,At Risk
14646.0,2,73,280206.02,12.5432839661044,3,Champions
14647.0,201,1,236.04000000000002,5.4682289032653095,2,Hibernating
14649.0,5,4,1402.59,7.246788519146775,0,Loyal Customers
14651.0,67,2,653.75,6.484253483387821,1,At Risk
14652.0,77,1,114.18,4.7464961220785264,1,At Risk
14653.0,1,7,1916.7,7.55888183027947,0,Loyal Customers
14655.0,8,4,1932.23,7.5669474581621285,0,Loyal Customers
14656.0,169,2,291.05,5.676925020486318,2,Hibernating
14657.0,18,4,848.22,6.744318281129723,1,At Risk
14658.0,5,2,247.15,5.51403340203345,1,At Risk
14659.0,9,9,2529.93,7.836342103110113,0,Loyal Customers
14660.0,87,2,285.74,5.6585758818181215,1,At Risk
14661.0,27,1,107.95,4.690889061390629,1,At Risk
14662.0,29,4,741.37,6.609847771172747,1,At Risk
14664.0,20,2,636.24,6.4571463507046944,1,At Risk
14665.0,61,5,1835.7,7.5157257621344895,0,Loyal Customers
14666.0,24,1,179.95,5.198220750009751,1,At Risk
14667.0,11,25,9170.79,9.123887747945949,0,Loyal Customers
14669.0,242,3,1259.24,7.139057457997714,2,Hibernating
14670.0,280,2,392.86,5.97599551620405,2,Hibernating
14672.0,235,2,765.5500000000001,6.641899927756463,2,Hibernating
14673.0,3,5,1736.4,7.46014502182582,0,Loyal Customers
14675.0,16,1,596.36,6.392519946727447,1,At Risk
14676.0,31,6,2548.2400000000002,7.843550554514272,0,Loyal Customers
14680.0,25,16,28754.11,10.266570769562204,0,Loyal Customers
14681.0,71,3,498.95,6.214508093421858,1,At Risk
14682.0,188,2,52.0,3.970291913552122,2,Hibernating
14684.0,26,5,1201.51,7.092166317953654,1,At Risk
14687.0,107,1,628.38,6.444735207830545,1,At Risk
14688.0,8,21,5579.1,8.626961976361729,0,Loyal Customers
14689.0,209,1,112.80000000000001,4.73444252169223,2,Hibernating
14690.0,44,2,355.05,5.875071170428134,1,At Risk
14691.0,31,5,2114.33,7.656966107678013,0,Loyal Customers
14692.0,137,4,591.55,6.384435257634458,1,At Risk
14693.0,265,1,172.9,5.158480421360237,2,Hibernating
14696.0,4,7,2078.95,7.640099133944896,0,Loyal Customers
14697.0,218,2,188.61,5.2449693310461125,2,Hibernating
14698.0,2,5,1217.27,7.105187098580444,0,Loyal Customers
14699.0,214,1,109.13000000000001,4.701661486176853,2,Hibernating
14700.0,32,3,2195.1,7.694438338933248,0,Loyal Customers
14701.0,11,9,2526.09,7.834823722108157,0,Loyal Customers
14702.0,1,17,3251.79,8.087268368594886,0,Loyal Customers
14703.0,15,1,318.17,5.765723876196384,1,At Risk
14704.0,20,7,1461.6200000000001,7.28798462702204,0,Loyal Customers
14705.0,199,1,179.0,5.19295685089021,2,Hibernating
14708.0,3,3,1126.3700000000001,7.027642765394543,1,At Risk
14709.0,15,13,4921.04,8.501478357695712,0,Loyal Customers
14710.0,14,4,599.48,6.39772933538671,1,At Risk
14711.0,10,11,2839.62,7.951777617188277,0,Loyal Customers
14712.0,29,3,917.07,6.822273640436711,1,At Risk
14713.0,9,11,2662.2,7.887283686260815,0,Loyal Customers
14714.0,24,1,160.19,5.08258379340884,1,At Risk
14715.0,25,4,867.38,6.766629406877568,1,At Risk
14716.0,43,2,307.51,5.73175425773095,1,At Risk
14719.0,2,5,1581.84,7.366975980862403,0,Loyal Customers
14720.0,6,3,663.81,6.499501285546037,1,At Risk
14722.0,147,1,180.42,5.200814785186798,2,Hibernating
14723.0,10,6,1120.66,7.022565009856652,0,Loyal Customers
14725.0,25,1,655.58,6.487044544658406,1,At Risk
14727.0,274,1,268.58,5.596865192310124,2,Hibernating
14729.0,374,1,313.49,5.750952279132591,2,Hibernating
14730.0,1,8,1897.57,7.548856250206247,0,Loyal Customers
14731.0,47,3,380.02,5.942851867187289,1,At Risk
14732.0,8,8,2702.4900000000002,7.902298809906397,0,Loyal Customers
14733.0,16,12,9585.91,9.168153905320404,0,Loyal Customers
14735.0,4,32,6065.6900000000005,8.710568430543226,0,Loyal Customers
14737.0,4,3,1164.55,7.060948357598531,1,At Risk
14738.0,43,7,1314.45,7.181934091396172,0,Loyal Customers
14739.0,4,7,3902.28,8.269572504294867,0,Loyal Customers
14740.0,197,3,1448.21,7.278773859355933,2,Hibernating
14741.0,12,6,1400.3400000000001,7.245184200691345,0,Loyal Customers
14744.0,16,7,1099.98,7.00395597125342,0,Loyal Customers
14745.0,113,5,1220.26,7.107638391655096,1,At Risk
14747.0,249,1,328.2,5.796665468802915,2,Hibernating
14748.0,29,5,1415.75,7.256120795049728,0,Loyal Customers
14752.0,44,1,389.64000000000004,5.967786419753405,1,At Risk
14753.0,87,1,563.15,6.335320173584455,1,At Risk
14754.0,45,2,638.05,6.459982698577723,1,At Risk
14755.0,10,11,5010.28,8.519446650469105,0,Loyal Customers
14756.0,15,1,738.96,6.606596130683188,1,At Risk
14757.0,75,1,420.5,6.04381977744191,1,At Risk
14758.0,145,4,1484.06,7.303210454460983,1,At Risk
14759.0,5,3,1625.97,7.394474668204541,0,Loyal Customers
14760.0,297,1,89.2,4.502029427068578,2,Hibernating
14761.0,59,2,255.9,5.548686904115838,1,At Risk
14762.0,264,1,300.52,5.70883634895888,2,Hibernating
14764.0,47,1,278.3,5.632286472951131,1,At Risk
14765.0,29,3,254.11,5.541694824693056,1,At Risk
14766.0,8,6,2473.37,7.813741097146052,0,Loyal Customers
14768.0,17,2,192.60000000000002,5.265794174842477,1,At Risk
14769.0,3,8,10415.33,9.251130045974135,0,Loyal Customers
14770.0,232,2,876.4200000000001,6.7769857830927895,2,Hibernating
14772.0,112,1,139.26,4.943497843108764,1,At Risk
14775.0,58,3,1011.9,6.9205727826927514,1,At Risk
14776.0,51,11,2538.2999999999997,7.839643731479347,0,Loyal Customers
14778.0,127,2,730.86,6.595589238838791,1,At Risk
14779.0,281,3,386.15,5.958812214832733,2,Hibernating
14780.0,55,2,447.68,6.106309938777023,1,At Risk
14782.0,320,1,200.10000000000002,5.303802296778606,2,Hibernating
14784.0,26,2,289.99,5.673288902319859,1,At Risk
14785.0,10,2,77.4,4.361823927356363,1,At Risk
14788.0,7,2,679.44,6.522739647741382,1,At Risk
14789.0,29,1,197.64,5.2914941411999115,1,At Risk
14790.0,17,4,745.06,6.61480602592395,1,At Risk
14792.0,64,1,6.2,1.9740810260220096,1,At Risk
14793.0,21,1,228.99,5.438035829717119,1,At Risk
14794.0,3,7,1319.91,7.186076171996967,0,Loyal Customers
14795.0,166,1,131.45000000000002,4.886205215718078,2,Hibernating
14796.0,1,17,7973.93,8.984058150185056,0,Loyal Customers
14798.0,53,3,173.74,5.163299154869948,1,At Risk
14799.0,51,1,157.7,5.0670156275323635,1,At Risk
14800.0,48,12,4331.79,8.373966955298872,0,Loyal Customers
14801.0,61,1,189.34,5.248811946644198,1,At Risk
14803.0,162,3,845.5500000000001,6.741169266574241,1,At Risk
14804.0,9,1,353.27,5.8700593342813,1,At Risk
14805.0,15,4,546.4,6.305179796606579,1,At Risk
14806.0,75,1,193.39000000000001,5.269866450374021,1,At Risk
14808.0,40,8,2718.6,7.908240089652304,0,Loyal Customers
14810.0,41,11,2085.33,7.643161820556003,0,Loyal Customers
14813.0,370,2,152.88,5.0361730778840945,2,Hibernating
14815.0,37,2,778.5,6.658652688497831,1,At Risk
14816.0,197,1,271.85,5.608922193632241,2,Hibernating
14817.0,200,2,1110.34,7.0133217734248765,2,Hibernating
14818.0,74,3,657.8,6.490419998303485,1,At Risk
14819.0,64,2,272.07,5.609728172573878,1,At Risk
14820.0,21,4,507.29,6.231052150838124,1,At Risk
14821.0,367,1,48.800000000000004,3.9080149840306073,2,Hibernating
14823.0,180,3,321.43,5.775886058412575,2,Hibernating
14824.0,10,4,1127.71,7.028830666672488,1,At Risk
14825.0,4,12,2221.01,7.706167470639493,0,Loyal Customers
14828.0,197,3,2139.76,7.668916185155464,2,Hibernating
14829.0,29,4,697.55,6.549006758096496,1,At Risk
14830.0,53,1,188.03,5.241905732622074,1,At Risk
14834.0,18,6,1720.3,7.4508350982774605,0,Loyal Customers
14836.0,10,3,102.45,4.639088404191552,1,At Risk
14837.0,90,4,1649.5,7.408833551293248,0,Loyal Customers
14840.0,268,1,62.85,4.156536582478548,2,Hibernating
14841.0,53,6,3295.76,8.10069544697357,0,Loyal Customers
14842.0,44,4,2824.69,7.946507861544517,0,Loyal Customers
14844.0,64,4,3189.81,8.068030082042343,0,Loyal Customers
14847.0,149,1,309.40000000000003,5.737861788309064,1,At Risk
14849.0,22,25,7930.54,8.978602495018041,0,Loyal Customers
14850.0,312,1,325.75,5.789195352504331,2,Hibernating
14851.0,23,2,511.35,6.239007985245727,1,At Risk
14852.0,58,6,2836.69,7.950745619900337,0,Loyal Customers
14853.0,24,2,475.8,6.16709711575114,1,At Risk
14854.0,78,7,2740.03,7.916089041153508,0,Loyal Customers
14855.0,119,2,645.65,6.471805189861254,1,At Risk
14856.0,36,3,1290.53,7.163582841069827,1,At Risk
14857.0,60,2,1173.1200000000001,7.068274209815247,1,At Risk
14859.0,13,4,1353.74,7.211364832983292,0,Loyal Customers
14860.0,19,1,170.32,5.14353315274717,1,At Risk
14861.0,52,1,125.79,4.842532174539857,1,At Risk
14862.0,26,2,841.2,6.736017515727827,1,At Risk
14863.0,29,1,266.76,5.590091056903071,1,At Risk
14865.0,7,2,52.2,3.9740583963475986,1,At Risk
14866.0,11,12,14389.9,9.574351341358595,0,Loyal Customers
14867.0,186,3,710.28,6.567066163812884,2,Hibernating
14868.0,3,8,2953.59,7.99111517232888,0,Loyal Customers
14869.0,9,2,721.45,6.5826482134396205,1,At Risk
14870.0,262,1,327.25,5.793775513182905,2,Hibernating
14871.0,3,4,501.28000000000003,6.219157733120763,1,At Risk
14873.0,210,1,519.68,6.25513564959826,2,Hibernating
14875.0,108,2,1465.32,7.290511139663592,1,At Risk
14878.0,13,9,1476.09,7.297829215001296,0,Loyal Customers
14880.0,77,3,690.59,6.5389932944796145,1,At Risk
14881.0,20,1,255.4,5.546738725046515,1,At Risk
14882.0,27,2,589.7,6.38130827431319,1,At Risk
14883.0,19,6,761.59,6.636720534303131,1,At Risk
14885.0,132,1,765.3199999999999,6.6415998370746365,1,At Risk
14886.0,253,1,364.8,5.9020867359567655,2,Hibernating
14887.0,79,1,1862.0,7.529943370601589,1,At Risk
14888.0,207,1,369.2,5.914043400139397,2,Hibernating
14889.0,336,1,135.9,4.919250732294404,2,Hibernating
14890.0,254,1,125.65,4.841427376447684,2,Hibernating
14891.0,148,2,554.38,6.319652564141498,1,At Risk
14893.0,10,2,1237.8500000000001,7.121938808924836,1,At Risk
14894.0,85,1,655.75,6.4873034285656495,1,At Risk
14895.0,8,20,11138.710000000001,9.31827148082645,0,Loyal Customers
14896.0,205,2,468.77000000000004,6.152243213225462,2,Hibernating
14897.0,8,4,1366.38,7.220651779074644,0,Loyal Customers
14898.0,23,6,1269.31,7.147016244154614,0,Loyal Customers
14901.0,11,9,1421.29,7.260023527685966,0,Loyal Customers
14902.0,26,1,332.66,5.810122510427528,1,At Risk
14903.0,21,5,2795.33,7.936063122140283,0,Loyal Customers
14904.0,2,2,1025.44,6.933851783703411,1,At Risk
14905.0,158,2,616.15,6.425112106189937,1,At Risk
14907.0,3,7,3501.1,8.161118067549472,0,Loyal Customers
14908.0,74,1,277.8,5.630494678886369,1,At Risk
14910.0,3,4,434.35,6.076150305274624,1,At Risk
14911.0,1,199,140336.83,11.851807866238396,3,Champions
14912.0,17,2,867.85,6.767170498168263,1,At Risk
14913.0,36,4,1227.43,7.113492210280828,1,At Risk
14915.0,91,2,307.48,5.731657011422181,1,At Risk
14916.0,71,4,1268.98,7.146756431297139,1,At Risk
14918.0,116,2,1610.15,7.384703488712166,1,At Risk
14920.0,213,2,977.77,6.886296681323568,2,Hibernating
14921.0,30,2,1316.07,7.1831648514317985,1,At Risk
14923.0,51,1,749.1,6.62020653097559,1,At Risk
14924.0,246,1,310.05,5.739953670961029,2,Hibernating
14929.0,32,1,223.88,5.415566926598276,1,At Risk
14930.0,109,3,2362.96,7.768093457909063,0,Loyal Customers
14931.0,5,4,964.6800000000001,6.872832516392871,1,At Risk
14932.0,366,1,363.53,5.89860885258863,2,Hibernating
14934.0,82,2,1890.94,7.5453580366354,0,Loyal Customers
14935.0,297,1,1784.71,7.487571374232199,2,Hibernating
14936.0,34,8,8137.02,9.004302186164907,0,Loyal Customers
14937.0,57,3,1621.88,7.3919576276276855,0,Loyal Customers
14944.0,30,12,5900.25,8.682919471860497,0,Loyal Customers
14946.0,14,1,100.9,4.623991940228679,1,At Risk
14947.0,72,2,290.82,5.676137173835876,1,At Risk
14948.0,23,6,1101.97,7.005761820334205,0,Loyal Customers
14950.0,19,1,371.2,5.91943134420815,1,At Risk
14951.0,79,1,311.69,5.745212284419341,1,At Risk
14952.0,60,11,8099.49,8.999679832658012,0,Loyal Customers
14953.0,25,1,285.67,5.658331728418817,1,At Risk
14954.0,12,1,294.85,5.689852569122703,1,At Risk
14957.0,253,1,58.49,4.085808231199814,2,Hibernating
14958.0,147,3,483.73,6.183592034891002,1,At Risk
14959.0,64,4,695.42,6.545952926608586,1,At Risk
14960.0,8,2,221.27,5.4038928590966755,1,At Risk
14961.0,11,9,7044.68,8.860169942031078,0,Loyal Customers
14962.0,271,1,126.7,4.8496837630384935,2,Hibernating
14963.0,10,5,1472.34,7.295287211280274,0,Loyal Customers
14964.0,247,1,206.21,5.333732771768991,2,Hibernating
14965.0,96,2,596.09,6.3920678557992385,1,At Risk
14966.0,15,1,183.02,5.215044447354215,1,At Risk
14967.0,50,1,463.8,6.141607205537701,1,At Risk
14968.0,30,1,147.59,5.001190835268256,1,At Risk
14970.0,68,4,1592.06,7.373411973984176,0,Loyal Customers
14971.0,35,3,1097.98,7.002137755875882,1,At Risk
14972.0,128,1,114.77,4.751605464217637,1,At Risk
14973.0,107,3,1314.45,7.181934091396172,1,At Risk
14974.0,37,1,89.94,4.510199948396864,1,At Risk
14975.0,57,1,279.94,5.638141123402764,1,At Risk
14976.0,57,7,789.86,6.67312096095243,1,At Risk
14978.0,72,5,1921.3700000000001,7.561314078807358,0,Loyal Customers
14981.0,246,1,102.12,4.635893358630932,2,Hibernating
14984.0,19,2,202.37,5.315026980110984,1,At Risk
14985.0,198,2,292.01,5.680206738127495,2,Hibernating
14987.0,16,2,326.4,5.791182664937034,1,At Risk
14988.0,212,1,334.54,5.8157411743422545,2,Hibernating
14995.0,39,2,231.98000000000002,5.450952612971631,1,At Risk
14997.0,46,3,546.1999999999999,6.3048143663083405,1,At Risk
14998.0,170,2,414.87,6.030372711422963,2,Hibernating
15000.0,48,1,490.52,6.197502630519253,1,At Risk
15002.0,116,4,1641.76,7.404133033112973,0,Loyal Customers
15004.0,147,1,1220.38,7.107736646002929,1,At Risk
15005.0,16,28,6293.67,8.747458522546752,0,Loyal Customers
15006.0,51,1,475.43,6.166320807790665,1,At Risk
15007.0,159,1,156.91,5.062025250478552,2,Hibernating
15009.0,12,3,1259.43,7.139208211567486,1,At Risk
15010.0,36,1,308.94,5.736378730359188,1,At Risk
15012.0,54,2,405.04,6.00645167691623,1,At Risk
15014.0,43,2,257.67,5.555553118030016,1,At Risk
15016.0,173,1,170.04,5.141897447276735,2,Hibernating
15017.0,34,1,125.58,4.840874519347159,1,At Risk
15018.0,39,3,496.21,6.209012472065032,1,At Risk
15019.0,267,1,252.81,5.536585955607315,2,Hibernating
15021.0,9,9,1871.77,7.535173897253012,0,Loyal Customers
15022.0,12,4,852.39,6.749216652850701,1,At Risk
15023.0,3,11,6701.51,8.810237362089605,0,Loyal Customers
15024.0,10,10,1636.43,7.400883218504078,0,Loyal Customers
15025.0,33,1,361.96,5.894292635355709,1,At Risk
15026.0,80,3,464.2,6.142467420644509,1,At Risk
15027.0,31,4,1066.15,6.972746822489577,1,At Risk
15028.0,8,4,627.13,6.442747151414763,1,At Risk
15030.0,72,2,518.28,6.252443236725213,1,At Risk
15031.0,4,4,653.19,6.483397829142147,1,At Risk
15032.0,256,3,4959.1,8.50918118080606,2,Hibernating
15033.0,5,10,2553.88,7.845760534802935,0,Loyal Customers
15034.0,16,8,4274.16,8.360576807571077,0,Loyal Customers
15035.0,90,1,252.73000000000002,5.536270709515726,1,At Risk
15036.0,72,3,429.56,6.065086686978596,1,At Risk
15038.0,59,6,685.74,6.531955763529723,1,At Risk
15039.0,10,47,19766.59,9.891799006862502,3,Champions
15041.0,170,1,179.93,5.198110216131005,2,Hibernating
15042.0,199,1,135.93,4.919469846344143,2,Hibernating
15043.0,31,1,537.0,6.2878585601617845,1,At Risk
15044.0,19,17,7634.7300000000005,8.94059382539389,0,Loyal Customers
15045.0,152,2,735.66,6.602126456028984,1,At Risk
15046.0,9,15,5071.47,8.53158315743901,0,Loyal Customers
15047.0,270,1,343.62,5.842442360714953,2,Hibernating
15048.0,65,4,381.0,5.945420608606575,1,At Risk
15049.0,274,1,121.17000000000002,4.8054135174159684,2,Hibernating
15050.0,25,3,1737.69,7.460887235093727,0,Loyal Customers
15051.0,23,3,1383.36,7.232993217960352,1,At Risk
15052.0,319,1,207.73000000000002,5.341041550757815,2,Hibernating
15053.0,5,3,693.95,6.5438399005307675,1,At Risk
15054.0,12,2,302.1,5.714062784063757,1,At Risk
15057.0,275,2,1489.5,7.306866913118126,2,Hibernating
15058.0,25,11,2102.54,7.651376918775613,0,Loyal Customers
15059.0,41,9,1337.72,7.199469212547289,0,Loyal Customers
15060.0,8,4,293.0,5.683579767338681,1,At Risk
15061.0,4,48,54534.14,10.906600543518254,3,Champions
15062.0,71,4,987.86,6.896552764474143,1,At Risk
15063.0,213,1,370.79999999999995,5.918356075287344,2,Hibernating
15065.0,38,4,3158.13,8.058051952218728,0,Loyal Customers
15066.0,53,1,893.59,6.796365512756079,1,At Risk
15067.0,78,3,1744.76,7.464945269906789,0,Loyal Customers
15068.0,46,2,553.36,6.317814295200602,1,At Risk
15069.0,179,1,1109.53,7.012592657827759,2,Hibernating
15070.0,373,1,106.2,4.674696248636701,2,Hibernating
15071.0,94,2,982.07,6.890680328191671,1,At Risk
15073.0,10,3,1043.41,6.951207411654662,1,At Risk
15074.0,105,1,735.67,6.60214003072033,1,At Risk
15075.0,78,1,773.03,6.651610632528512,1,At Risk
15076.0,173,1,880.85,6.782021973516374,2,Hibernating
15078.0,7,32,9743.11,9.184418278884316,0,Loyal Customers
15079.0,213,4,895.61,6.798620984904737,2,Hibernating
15081.0,22,5,504.8,6.226141334235865,1,At Risk
15083.0,257,1,88.2,4.490881039585964,2,Hibernating
15087.0,282,1,306.94,5.7299049588017725,2,Hibernating
15088.0,21,2,1160.07,7.057097272731341,1,At Risk
15089.0,10,6,2420.84,7.7922828608243835,0,Loyal Customers
15090.0,308,1,381.32,5.946257954269903,2,Hibernating
15091.0,68,1,480.71,6.177342273229703,1,At Risk
15092.0,215,2,457.81,6.1286361810072245,2,Hibernating
15093.0,18,6,4597.02,8.433381055030935,0,Loyal Customers
15095.0,104,4,1370.6000000000001,7.223733220588765,1,At Risk
15096.0,43,1,219.39000000000001,5.3953987041986,1,At Risk
15097.0,4,1,248.08,5.517774130004251,1,At Risk
15098.0,182,3,39916.5,10.594570103213856,0,Loyal Customers
15099.0,84,1,410.48,6.019760416262829,1,At Risk
15100.0,334,3,876.0,6.776506992372183,2,Hibernating
15101.0,9,2,317.53000000000003,5.763716662099238,1,At Risk
15103.0,31,2,703.36,6.557289589092577,1,At Risk
15104.0,197,2,993.54,6.902280318701867,2,Hibernating
15105.0,18,7,2298.93,7.740633966671485,0,Loyal Customers
15106.0,18,5,1422.52,7.2608879564964575,0,Loyal Customers
15107.0,311,6,319.5,5.7698822763607245,2,Hibernating
15108.0,142,4,1300.25,7.171080619929179,1,At Risk
15109.0,246,1,484.95,6.18610573794948,2,Hibernating
15110.0,24,4,996.1,6.904851065834747,1,At Risk
15111.0,29,3,1567.48,7.357862276513416,0,Loyal Customers
15113.0,10,3,3509.04,8.163382712406374,0,Loyal Customers
15114.0,30,10,2760.56,7.923551016427315,0,Loyal Customers
15115.0,18,1,340.11,5.832205005910728,1,At Risk
15116.0,18,4,1352.75,7.2106337983152,0,Loyal Customers
15117.0,15,5,1551.78,7.3478021518130685,0,Loyal Customers
15118.0,134,1,244.8,5.504518197131935,1,At Risk
15119.0,246,1,266.4,5.588745664667843,2,Hibernating
15120.0,134,1,358.82,5.885603906408473,1,At Risk
15121.0,50,2,457.72,6.12844000213506,1,At Risk
15122.0,114,3,1633.78,7.399263517702882,1,At Risk
15123.0,7,2,2199.31,7.696353538510563,0,Loyal Customers
15124.0,23,2,184.19,5.221382325073915,1,At Risk
15125.0,25,15,11528.48,9.35266251250627,0,Loyal Customers
15127.0,66,1,406.53000000000003,6.010114549603027,1,At Risk
15128.0,60,4,1471.0,7.294377299288821,0,Loyal Customers
15129.0,50,11,3447.4,8.14566563433577,0,Loyal Customers
15130.0,170,1,330.11,5.802450646452902,2,Hibernating
15132.0,18,5,977.9300000000001,6.886460138441978,1,At Risk
15133.0,128,3,982.42,6.891036292375263,1,At Risk
15134.0,15,8,1387.99,7.236332143304382,0,Loyal Customers
15135.0,239,1,139.05,4.941999501706118,2,Hibernating
15136.0,3,4,1286.7,7.160612960279738,0,Loyal Customers
15139.0,240,2,178.96,5.192734603972972,2,Hibernating
15140.0,52,7,2354.25,7.764402157928777,0,Loyal Customers
15142.0,46,1,498.74,6.214087963175304,1,At Risk
15143.0,226,1,259.45,5.562410904191201,2,Hibernating
15144.0,8,17,6580.4400000000005,8.792008845361094,0,Loyal Customers
15145.0,4,4,1194.73,7.0865121565162825,1,At Risk
15146.0,165,2,1327.16,7.1915498047067254,1,At Risk
15147.0,240,1,623.5,6.436951329565632,2,Hibernating
15148.0,11,1,301.29,5.711386821516136,1,At Risk
15149.0,134,1,520.8000000000001,6.257284372702628,1,At Risk
15150.0,17,10,5291.33,8.574013881567295,0,Loyal Customers
15152.0,10,13,4745.69,8.465202812016113,0,Loyal Customers
15153.0,31,1,329.25,5.799849943402434,1,At Risk
15154.0,75,1,254.28,5.542360981969988,1,At Risk
15156.0,1,3,961.49,6.869523676497577,1,At Risk
15157.0,4,3,1936.07,7.568931801112307,0,Loyal Customers
15158.0,45,1,401.40000000000003,5.9974466187855295,1,At Risk
15159.0,2,30,18641.010000000002,9.83317291504409,0,Loyal Customers
15160.0,357,1,158.16,5.069909985558728,2,Hibernating
15163.0,18,2,304.47,5.721851574117079,1,At Risk
15164.0,69,3,824.58,6.716086169627672,1,At Risk
15165.0,373,1,487.75,6.1918511112995755,2,Hibernating
15167.0,321,1,158.8,5.073923033332174,2,Hibernating
15168.0,26,1,106.56,4.678048831400664,1,At Risk
15171.0,331,1,1289.5,7.162785019158669,2,Hibernating
15172.0,9,5,1624.05,7.393293863521244,0,Loyal Customers
15174.0,323,1,135.75,4.91815444130209,2,Hibernating
15175.0,72,1,224.14,5.416722430926658,1,At Risk
15178.0,260,1,40.5,3.725693427236653,2,Hibernating
15179.0,18,5,2206.9500000000003,7.69981976221305,0,Loyal Customers
15180.0,367,1,87.5,4.483002552013883,2,Hibernating
15181.0,66,3,689.48,6.537387007911402,1,At Risk
15182.0,154,2,622.85,6.43590995485703,1,At Risk
15184.0,29,2,402.2,5.999432716757159,1,At Risk
15185.0,70,1,310.62,5.741784496789209,1,At Risk
15186.0,14,2,411.41,6.022018000151438,1,At Risk
15187.0,2,16,4777.18,8.471814999842545,0,Loyal Customers
15189.0,1,41,16225.39,9.694394208164745,0,Loyal Customers
15192.0,120,3,1044.32,6.952078337618801,1,At Risk
15193.0,61,1,499.32,6.215247893709531,1,At Risk
15194.0,3,15,7616.53,8.938207449152076,0,Loyal Customers
15195.0,3,1,3861.0,8.258940462988459,0,Loyal Customers
15197.0,11,3,1079.61,6.985280975485229,1,At Risk
15198.0,92,2,193.64,5.271151698475267,1,At Risk
15199.0,59,4,1268.7,7.1465359310757455,1,At Risk
15201.0,87,5,1236.54,7.120880817152784,1,At Risk
15203.0,26,6,1827.8,7.511415293040546,0,Loyal Customers
15204.0,357,1,316.58,5.760729755097951,2,Hibernating
15205.0,85,2,653.24,6.483474256616332,1,At Risk
15206.0,10,4,420.3,6.04334516898497,1,At Risk
15208.0,1,5,870.12,6.769779740037806,1,At Risk
15210.0,225,1,331.18,5.805676990670853,2,Hibernating
15211.0,60,2,894.4100000000001,6.797281713937488,1,At Risk
15212.0,241,1,101.8,4.632785353021065,2,Hibernating
15213.0,319,2,328.35,5.797121015086702,2,Hibernating
15214.0,2,8,1661.44,7.416041681653177,0,Loyal Customers
15215.0,47,3,734.94,6.601148593666668,1,At Risk
15216.0,88,1,96.6,4.580877493419047,1,At Risk
15218.0,11,11,5756.89,8.658326367134135,0,Loyal Customers
15219.0,176,1,305.75,5.7260330835910205,2,Hibernating
15220.0,52,6,1778.96,7.484346171123521,0,Loyal Customers
15221.0,366,1,403.25,6.002033498457216,2,Hibernating
15222.0,319,1,585.0,6.373319789577012,2,Hibernating
15223.0,226,2,755.75,6.629032947901828,2,Hibernating
15224.0,358,2,322.08,5.777899970574095,2,Hibernating
15225.0,234,1,409.40000000000003,6.01713229385656,2,Hibernating
15226.0,311,1,154.41,5.04606678592752,2,Hibernating
15227.0,37,5,1219.4,7.106933952842515,1,At Risk
15228.0,66,4,3386.71,8.127909455886419,0,Loyal Customers
15230.0,239,2,429.6,6.065179584930263,2,Hibernating
15232.0,113,2,612.06,6.418462810428566,1,At Risk
15234.0,277,1,197.0,5.288267030694535,2,Hibernating
15235.0,218,12,2247.51,7.718023053610256,0,Loyal Customers
15236.0,299,1,321.05,5.7747068129929,2,Hibernating
15237.0,2,4,1412.32,7.253696825551129,0,Loyal Customers
15238.0,29,3,1071.99,6.978204422922778,1,At Risk
15239.0,10,2,780.59,6.661330306378558,1,At Risk
15240.0,45,5,1706.57,7.442826586212262,0,Loyal Customers
15241.0,67,8,1756.44,7.471613483699497,0,Loyal Customers
15243.0,74,1,316.68,5.7610445868229965,1,At Risk
15244.0,65,2,631.57,6.449790886414747,1,At Risk
15245.0,134,3,2515.84,7.83075942537543,0,Loyal Customers
15246.0,238,2,514.15,6.244458120391077,2,Hibernating
15247.0,122,1,356.0,5.877735781779639,1,At Risk
15249.0,32,13,6688.46,8.808288432375653,0,Loyal Customers
15251.0,9,11,10484.99,9.257795359479534,0,Loyal Customers
15252.0,36,2,740.78,6.60905270324689,1,At Risk
15253.0,16,5,918.2,6.823503726534546,1,At Risk
15254.0,127,1,300.36,5.708305563383786,1,At Risk
15255.0,67,1,890.85,6.793297957004312,1,At Risk
15256.0,149,1,98.45,4.599655005299981,2,Hibernating
15257.0,283,1,317.15,5.762522969678801,2,Hibernating
15258.0,169,2,623.16,6.4364067457583465,2,Hibernating
15260.0,100,7,1810.77,7.502059546979103,0,Loyal Customers
15261.0,135,1,254.82,5.544474072171247,1,At Risk
15262.0,324,1,178.95000000000002,5.19267903452504,2,Hibernating
15263.0,107,1,156.51,5.059488948313644,1,At Risk
15264.0,64,1,393.74,5.978227320325962,1,At Risk
15265.0,151,2,1506.1200000000001,7.317955823857119,1,At Risk
15266.0,338,1,119.3,4.789988622980633,2,Hibernating
15267.0,22,5,1717.36,7.449125626576209,0,Loyal Customers
15269.0,24,1,408.8,6.0156692358048,1,At Risk
15270.0,16,7,2379.49,7.775061627827598,0,Loyal Customers
15271.0,7,15,2493.34,7.82177944413352,0,Loyal Customers
15272.0,57,2,721.94,6.58332623116324,1,At Risk
15274.0,4,2,716.57,6.5758705038506235,1,At Risk
15275.0,38,1,615.14,6.4234742104382585,1,At Risk
15276.0,66,1,128.63,4.864684238611951,1,At Risk
15277.0,47,1,255.89999999999998,5.548686904115838,1,At Risk
15279.0,355,1,290.51,5.675074310519458,2,Hibernating
15280.0,172,1,113.12,4.737250526345299,2,Hibernating
15281.0,59,9,2332.15,7.754974564853873,0,Loyal Customers
15286.0,50,1,240.55,5.4870764910004155,1,At Risk
15287.0,22,2,486.69,6.189679958097341,1,At Risk
15288.0,43,5,2306.52,7.743928633728395,0,Loyal Customers
15289.0,29,3,939.78,6.846709318414996,1,At Risk
15290.0,5,18,7943.22,8.98019989919854,0,Loyal Customers
15291.0,26,14,4623.3,8.439080287140403,0,Loyal Customers
15292.0,201,1,178.39,5.189562206710999,2,Hibernating
15296.0,51,6,3672.86,8.208998159442066,0,Loyal Customers
15297.0,10,3,641.94,6.466051407286527,1,At Risk
15298.0,2,12,4799.9,8.476558679320053,0,Loyal Customers
15299.0,67,6,3907.01,8.270783572013032,0,Loyal Customers
15300.0,64,1,496.44,6.2094749463104435,1,At Risk
15301.0,51,12,5049.95,8.527331623389161,0,Loyal Customers
15303.0,290,1,574.02,6.354404822801145,2,Hibernating
15304.0,61,8,694.4,6.544487219573761,1,At Risk
15306.0,64,3,1174.3500000000001,7.069321254563527,1,At Risk
15307.0,96,1,205.3,5.329331420077207,1,At Risk
15308.0,274,1,310.47,5.741303025403381,2,Hibernating
15311.0,1,91,60632.75,11.012606947722134,3,Champions
15312.0,75,4,924.85,6.830712234483825,1,At Risk
15313.0,110,1,52.0,3.970291913552122,1,At Risk
15314.0,199,1,327.97,5.795966561197395,2,Hibernating
15315.0,64,2,570.5,6.348264483234865,1,At Risk
15316.0,327,1,165.0,5.111987788356544,2,Hibernating
15318.0,4,1,312.62,5.748182061952885,1,At Risk
15319.0,284,1,204.5,5.32544603393629,2,Hibernating
15320.0,44,1,267.13,5.591471937527057,1,At Risk
15321.0,71,3,2748.31,7.919105250086756,0,Loyal Customers
15322.0,86,1,679.68,6.523092298503236,1,At Risk
15325.0,104,1,161.74,5.092153835268511,1,At Risk
15326.0,334,1,311.71,5.74527624348556,2,Hibernating
15327.0,53,1,208.75,5.345916345347316,1,At Risk
15329.0,39,3,1049.7,6.957211887694729,1,At Risk
15330.0,32,2,714.9599999999999,6.573624299478299,1,At Risk
15332.0,366,4,1661.06,7.415813075846797,2,Hibernating
15333.0,208,1,1028.56,6.936886805488385,2,Hibernating
15334.0,157,3,347.87,5.854699359973061,2,Hibernating
15335.0,54,1,170.22,5.142949279314339,1,At Risk
15339.0,66,2,574.07,6.354491772518179,1,At Risk
15341.0,81,1,2020.52,7.611604982675218,0,Loyal Customers
15342.0,130,1,406.09000000000003,6.0090342912180414,1,At Risk
15343.0,87,1,364.5,5.901266279189834,1,At Risk
15344.0,1,3,563.94,6.3367195308171205,1,At Risk
15345.0,46,1,393.54,5.9777205293157225,1,At Risk
15346.0,333,1,252.42000000000002,5.5350481913707625,2,Hibernating
15347.0,366,1,201.60000000000002,5.311233591814583,2,Hibernating
15348.0,72,1,158.04,5.069155742908264,1,At Risk
15349.0,158,2,463.91,6.141843838467353,2,Hibernating
15350.0,373,1,115.65,4.759177998467439,2,Hibernating
15351.0,12,7,1934.66,7.568203632578843,0,Loyal Customers
15353.0,255,2,770.12,6.647844003475713,2,Hibernating
15355.0,29,2,277.05,5.627800953633573,1,At Risk
15356.0,31,10,2718.03,7.908030478039789,0,Loyal Customers
15358.0,5,22,8347.2,9.029801225744318,0,Loyal Customers
15360.0,40,1,427.93,6.061293735451147,1,At Risk
15361.0,362,1,418.92,6.040064216944044,2,Hibernating
15363.0,373,1,326.0,5.7899601708972535,2,Hibernating
15364.0,96,2,913.19,6.818038427312331,1,At Risk
15365.0,26,7,2314.32,7.74730318590928,0,Loyal Customers
15366.0,75,2,602.51,6.40276261040859,1,At Risk
15367.0,57,4,1877.5900000000001,7.538276774433291,0,Loyal Customers
15368.0,21,1,446.94000000000005,6.104659294874325,1,At Risk
15370.0,41,7,2386.05,7.77781357291459,0,Loyal Customers
15372.0,137,1,2007.4,7.605093664160551,1,At Risk
15373.0,8,12,2415.91,7.79024514376692,0,Loyal Customers
15374.0,129,1,168.0,5.1298987149230735,1,At Risk
15376.0,40,3,1221.56,7.108702299899257,1,At Risk
15379.0,169,7,3703.29,8.217246886437776,0,Loyal Customers
15380.0,9,5,1690.26,7.433229092253918,0,Loyal Customers
15381.0,214,2,596.85,6.393339886365589,2,Hibernating
15382.0,15,6,5955.71,8.692273594221074,0,Loyal Customers
15384.0,170,2,642.41,6.46678215711498,2,Hibernating
15385.0,40,1,316.88,5.761673953071979,1,At Risk
15386.0,186,1,394.14,5.979240132485259,2,Hibernating
15388.0,270,1,140.54,4.952582362647639,2,Hibernating
15389.0,172,1,500.0,6.2166061010848646,2,Hibernating
15392.0,5,4,1535.53,7.337281906274171,0,Loyal Customers
15393.0,16,2,231.86,5.45043741460887,1,At Risk
15394.0,10,4,2183.54,7.6891605590501255,0,Loyal Customers
15395.0,326,1,107.45,4.6862892372728835,2,Hibernating
15396.0,113,1,288.18,5.66704933159998,1,At Risk
15397.0,290,1,94.0,4.553876891600541,2,Hibernating
15398.0,16,2,1345.53,7.2052861919886055,1,At Risk
15399.0,1,3,815.77,6.705357537478585,1,At Risk
15400.0,92,5,716.2,6.575354741730978,1,At Risk
15402.0,149,2,626.35,6.441504598605709,1,At Risk
15405.0,189,1,349.1,5.85821882796062,2,Hibernating
15406.0,31,2,510.71000000000004,6.237758058320892,1,At Risk
15407.0,34,4,1046.74,6.954390742498122,1,At Risk
15408.0,264,1,267.18,5.591658396851496,2,Hibernating
15410.0,84,8,3450.84,8.146662701187065,0,Loyal Customers
15411.0,26,4,1348.93,7.207808018236269,0,Loyal Customers
15412.0,171,1,190.53,5.25504445431457,2,Hibernating
15414.0,10,3,774.9000000000001,6.654023645899904,1,At Risk
15415.0,313,1,559.61,6.329025476602274,2,Hibernating
15416.0,65,4,3984.32,8.290372889129587,0,Loyal Customers
15417.0,85,1,508.8,6.234018491942015,1,At Risk
15419.0,25,1,135.86,4.918958505524352,1,At Risk
15421.0,59,4,950.36,6.857892539809733,1,At Risk
15422.0,323,2,97.7,4.592084946439436,2,Hibernating
15423.0,38,1,43.5,3.7954891891721947,1,At Risk
15424.0,254,2,383.34,5.951527577504281,2,Hibernating
15426.0,19,5,1404.07,7.247842402590825,0,Loyal Customers
15427.0,33,3,1430.54,7.266506066865208,1,At Risk
15428.0,15,1,93.78,4.551558416539442,1,At Risk
15429.0,27,2,397.35,5.987331015826375,1,At Risk
15432.0,23,1,171.19000000000003,5.148598518298095,1,At Risk
15433.0,214,2,533.3,6.2809574789637255,2,Hibernating
15434.0,8,5,1041.48,6.94935776883665,1,At Risk
15435.0,22,1,149.29,5.012566760946003,1,At Risk
15436.0,12,3,1067.75,6.97424502025097,1,At Risk
15437.0,262,1,200.16,5.304100611303764,2,Hibernating
15438.0,131,1,156.57999999999998,5.059933265817542,1,At Risk
15440.0,55,3,383.68,5.952411819844281,1,At Risk
15442.0,249,1,594.0,6.38856140554563,2,Hibernating
15443.0,2,7,3213.59,8.075455101323259,0,Loyal Customers
15444.0,9,2,1411.21,7.252911132207154,1,At Risk
15445.0,264,1,113.5,4.740574822994295,2,Hibernating
15447.0,331,1,155.17000000000002,5.050945157499754,2,Hibernating
15448.0,313,1,494.64,6.2058498567482925,2,Hibernating
15449.0,26,3,974.52,6.882970662159506,1,At Risk
15450.0,30,1,429.84,6.0657367914825695,1,At Risk
15452.0,30,3,528.48,6.27189539284557,1,At Risk
15453.0,2,7,1371.77,7.224585875348061,0,Loyal Customers
15454.0,362,1,179.1,5.19351225218191,2,Hibernating
15456.0,283,3,434.59,6.076701433954154,2,Hibernating
15457.0,262,1,237.07,5.472564748074418,2,Hibernating
15458.0,25,1,161.64,5.091539169320091,1,At Risk
15460.0,354,1,214.26,5.371846599836152,2,Hibernating
15462.0,94,3,234.6,5.462135451777431,1,At Risk
15463.0,29,1,126.14,4.845288841508263,1,At Risk
15464.0,338,1,1044.65,6.952393980600518,2,Hibernating
15465.0,20,18,7354.62,8.903219925879805,0,Loyal Customers
15466.0,85,1,334.53,5.815711371192059,1,At Risk
15467.0,9,3,524.88,6.265073049828404,1,At Risk
15468.0,51,2,467.51,6.149557446167864,1,At Risk
15469.0,50,2,538.55,6.290735458809743,1,At Risk
15471.0,2,1,454.48,6.121351807942404,1,At Risk
15472.0,113,1,371.56,5.920398098674122,1,At Risk
15473.0,14,7,1771.2,7.479976991613202,0,Loyal Customers
15475.0,77,1,454.11,6.120539147973894,1,At Risk
15478.0,40,2,1399.92,7.244884442636672,1,At Risk
15480.0,116,1,905.5,6.809591030194905,1,At Risk
15482.0,16,11,10839.76,9.291068383237103,0,Loyal Customers
15483.0,161,4,225.26,5.421684780498321,2,Hibernating
15484.0,1,4,3590.41,8.186300162033392,0,Loyal Customers
15485.0,30,3,2564.5,7.849908670382019,0,Loyal Customers
15488.0,93,1,91.32000000000001,4.52526080275979,1,At Risk
15489.0,23,3,1134.28,7.034634595526282,1,At Risk
15491.0,95,6,3100.09,8.039508941575132,0,Loyal Customers
15492.0,28,2,659.46,6.492936561946857,1,At Risk
15493.0,33,5,1953.41,7.577843636590285,0,Loyal Customers
15494.0,21,2,1280.58,7.155848970699195,1,At Risk
15497.0,18,2,1262.2,7.141403462941432,1,At Risk
15498.0,3,27,13316.4,9.496826729846124,0,Loyal Customers
15500.0,8,4,1131.56,7.032235836086242,1,At Risk
15502.0,16,10,6923.98,8.842890442964727,0,Loyal Customers
15503.0,363,1,141.04,4.956108708074887,2,Hibernating
15504.0,81,1,52.83,3.985830932572866,1,At Risk
15505.0,53,5,3610.96,8.192005840278435,0,Loyal Customers
15506.0,23,3,972.08,6.880466298744467,1,At Risk
15507.0,172,1,475.86,6.167222946760261,2,Hibernating
15508.0,189,6,1000.27,6.909024473214282,2,Hibernating
15510.0,331,1,250.0,5.5254529391317835,2,Hibernating
15511.0,12,5,900.53,6.804093319959892,1,At Risk
15512.0,156,2,121.0,4.804021044733257,2,Hibernating
15513.0,33,19,14758.22,9.599623251229634,0,Loyal Customers
15514.0,12,11,4023.7200000000003,8.3002106222155,0,Loyal Customers
15516.0,45,3,62.43,4.149936935645806,1,At Risk
15517.0,233,1,267.03,5.591098914544516,2,Hibernating
15518.0,64,8,1921.55,7.561407708843943,0,Loyal Customers
15520.0,2,1,343.5,5.842094090453713,1,At Risk
15521.0,40,8,3000.2,8.006767487671574,0,Loyal Customers
15522.0,33,2,397.99,5.988936353919148,1,At Risk
15523.0,84,1,412.01000000000005,6.023471805742962,1,At Risk
15524.0,25,1,440.0,6.089044875446846,1,At Risk
15525.0,2,3,731.87,6.596968332815259,1,At Risk
15526.0,33,2,148.44,5.006894974480533,1,At Risk
15527.0,19,8,2428.53,7.7954531019895175,0,Loyal Customers
15528.0,254,1,229.33,5.4395130632148145,2,Hibernating
15529.0,23,11,3960.05,8.284264420617227,0,Loyal Customers
15530.0,22,4,1497.31,7.3120930852576205,0,Loyal Customers
15531.0,8,2,1972.39,7.587508155013856,0,Loyal Customers
15532.0,25,4,1554.83,7.349764444270915,0,Loyal Customers
15533.0,19,3,807.57,6.695267255355902,1,At Risk
15535.0,173,4,502.9,6.222377835686553,2,Hibernating
15537.0,163,1,110.92,4.717784330357226,2,Hibernating
15539.0,7,1,538.46,6.290568639224737,1,At Risk
15540.0,11,1,213.3,5.367376902479531,1,At Risk
15541.0,114,1,85.13000000000001,4.455857782801083,1,At Risk
15543.0,288,1,127.86,4.858726543710496,2,Hibernating
15544.0,9,9,3546.71,8.174057603899483,0,Loyal Customers
15545.0,54,2,288.96999999999997,5.669777469353516,1,At Risk
15547.0,7,14,4910.6,8.499355033286358,0,Loyal Customers
15549.0,77,3,1677.71,7.425780920301154,0,Loyal Customers
15550.0,4,4,575.63,6.357200812987149,1,At Risk
15551.0,37,1,436.06,6.080070485442007,1,At Risk
15552.0,217,1,90.12,4.512177319138926,2,Hibernating
15553.0,60,1,428.93,6.06362240473809,1,At Risk
15554.0,278,1,217.2,5.38541207339897,2,Hibernating
15555.0,12,16,4791.87,8.474884675904255,0,Loyal Customers
15556.0,24,1,279.77,5.637535828837275,1,At Risk
15557.0,29,1,468.91,6.152541187005974,1,At Risk
15561.0,12,4,800.5899999999999,6.686597255202886,1,At Risk
15562.0,352,1,134.55,4.909340575944674,2,Hibernating
15563.0,22,3,1361.44,7.217032488870507,1,At Risk
15565.0,50,2,173.16000000000003,5.159974416926292,1,At Risk
15567.0,19,1,186.01,5.231162091360629,1,At Risk
15568.0,3,3,758.29,6.6323837861074395,1,At Risk
15569.0,104,5,1375.71,7.227451873789157,1,At Risk
15570.0,7,12,4148.82,8.33082023879011,0,Loyal Customers
15571.0,12,4,650.4300000000001,6.47916994643317,1,At Risk
15572.0,5,7,2533.42,7.837720093003111,0,Loyal Customers
15573.0,32,2,583.24,6.3703118573118545,1,At Risk
15574.0,178,4,675.64,6.517139373724178,2,Hibernating
15576.0,38,1,921.37,6.826946444575113,1,At Risk
15577.0,151,3,258.88,5.5602199860123305,2,Hibernating
15578.0,162,1,127.1,4.852811208902689,2,Hibernating
15579.0,69,2,327.6,5.794841205603168,1,At Risk
15581.0,156,10,717.4300000000001,6.577068275581567,1,At Risk
15582.0,25,3,682.9100000000001,6.527826330017913,1,At Risk
15584.0,24,4,720.86,6.581831214273488,1,At Risk
15585.0,177,1,455.3,6.123150487933357,2,Hibernating
15587.0,50,4,913.68,6.818574277330894,1,At Risk
15589.0,256,3,478.53,6.172806457538428,2,Hibernating
15592.0,47,1,388.58,5.965069235748451,1,At Risk
15593.0,71,1,199.8,5.302309387817574,1,At Risk
15594.0,16,5,1771.78,7.48030421490088,0,Loyal Customers
15596.0,101,5,1406.59,7.249634301131203,0,Loyal Customers
15597.0,35,1,324.57,5.785577492291319,1,At Risk
15598.0,53,1,240.68,5.487614537078416,1,At Risk
15599.0,27,2,761.74,6.636917213055248,1,At Risk
15601.0,11,14,6776.56,8.821372434155471,0,Loyal Customers
15602.0,8,9,1297.8700000000001,7.16924993468027,0,Loyal Customers
15603.0,79,1,48.480000000000004,3.9015685475242874,1,At Risk
15604.0,52,1,216.39000000000001,5.381692975469088,1,At Risk
15605.0,36,5,1198.23,7.089434963153261,1,At Risk
15606.0,61,9,2920.16,7.9797360766493295,0,Loyal Customers
15607.0,337,1,104.76,4.6611723761033765,2,Hibernating
15608.0,28,4,1093.68,6.998217362097996,1,At Risk
15609.0,184,1,298.48,5.702047637362485,2,Hibernating
15610.0,52,1,112.46000000000001,4.731450351898421,1,At Risk
15611.0,10,13,1591.45,7.373028989779162,0,Loyal Customers
15612.0,36,2,195.15,5.278879672655561,1,At Risk
15615.0,10,23,10399.74,9.249632236444302,0,Loyal Customers
15618.0,33,4,776.851,6.656534989127213,1,At Risk
15619.0,11,1,336.4,5.821269170111868,1,At Risk
15620.0,57,3,1553.18,7.348703354335633,0,Loyal Customers
15621.0,4,4,1293.03,7.165516658717914,0,Loyal Customers
15622.0,43,9,3709.56,8.2189380876069,0,Loyal Customers
15623.0,141,1,301.03000000000003,5.7105263501895465,1,At Risk
15624.0,117,4,588.13,6.3786468723710446,1,At Risk
15625.0,104,4,1534.26,7.336455026785429,0,Loyal Customers
15626.0,75,2,675.8,6.517375808292013,1,At Risk
15628.0,5,9,2870.2400000000002,7.962499271193586,0,Loyal Customers
15630.0,45,2,1186.35,7.079479212140812,1,At Risk
15632.0,16,8,3285.31,8.097520633770152,0,Loyal Customers
15634.0,17,1,243.55,5.499419786985366,1,At Risk
15636.0,90,2,724.76,6.587219381659278,1,At Risk
15637.0,53,1,223.36,5.413251904640136,1,At Risk
15639.0,134,1,425.32,6.055190237988527,1,At Risk
15640.0,4,15,12416.11,9.426830639200185,0,Loyal Customers
15641.0,105,4,1887.2,7.543379273298417,0,Loyal Customers
15643.0,192,3,664.0,6.499787040655854,2,Hibernating
15644.0,166,4,803.54,6.6902706855196055,1,At Risk
15645.0,19,1,611.59,6.417695870399948,1,At Risk
15646.0,158,3,447.64000000000004,6.106220784406171,2,Hibernating
15648.0,204,2,639.5,6.4622491213367885,2,Hibernating
15649.0,336,2,816.0,6.705639094860003,2,Hibernating
15651.0,37,3,646.3,6.472809865551464,1,At Risk
15652.0,91,1,337.74,5.825232851462975,1,At Risk
15653.0,93,2,877.44,6.7781476070590925,1,At Risk
15654.0,9,2,922.53,6.828203284222655,1,At Risk
15655.0,243,1,560.6700000000001,6.330914488818843,2,Hibernating
15656.0,45,4,748.5,6.619406317542652,1,At Risk
15657.0,23,1,30.0,3.4339872044851463,1,At Risk
15658.0,190,5,1024.1000000000001,6.932545447789356,2,Hibernating
15659.0,44,1,306.45,5.7283124723994785,1,At Risk
15660.0,25,9,1600.86,7.378920733047961,0,Loyal Customers
15661.0,317,2,309.8,5.739149618493492,2,Hibernating
15663.0,106,1,138.14,4.935480620495495,1,At Risk
15664.0,51,1,386.43,5.959535187313809,1,At Risk
15665.0,168,2,2222.21,7.706707376439049,0,Loyal Customers
15667.0,40,1,301.32000000000005,5.711486059041234,1,At Risk
15668.0,218,1,76.32000000000001,4.34795265434013,2,Hibernating
15669.0,40,4,684.34,6.529915065486092,1,At Risk
15670.0,297,1,173.05,5.159342614257448,2,Hibernating
15671.0,19,7,2657.13,7.885378147031288,0,Loyal Customers
15673.0,88,4,2726.23,7.911041721056532,0,Loyal Customers
15674.0,73,4,2111.89,7.6558119575766215,0,Loyal Customers
15675.0,81,3,323.69,5.782870880975165,1,At Risk
15676.0,19,3,3435.76,8.142284446073054,0,Loyal Customers
15677.0,49,1,657.23,6.489554414321968,1,At Risk
15678.0,53,1,352.7,5.868449096211435,1,At Risk
15679.0,24,4,781.28,6.6622127327244485,1,At Risk
15680.0,9,3,1333.68,7.1964468417270915,1,At Risk
15681.0,25,5,1426.16,7.263441734527154,0,Loyal Customers
15683.0,117,1,193.75,5.271716684750857,1,At Risk
15687.0,9,9,2993.1,8.004398964555403,0,Loyal Customers
15689.0,120,2,254.1,5.541655625147766,1,At Risk
15690.0,4,2,239.76,5.48380058667957,1,At Risk
15691.0,252,1,136.8,4.925803358579558,2,Hibernating
15692.0,28,1,191.04,5.25770368366274,1,At Risk
15694.0,1,14,6479.4,8.776537515836264,0,Loyal Customers
15695.0,267,2,409.98,6.018544551511725,2,Hibernating
15696.0,33,8,2711.11,7.905482208709709,0,Loyal Customers
15699.0,18,1,309.65,5.738666876509702,1,At Risk
15700.0,172,2,696.68,6.54776054491873,2,Hibernating
15701.0,2,4,1529.0,7.333023014386481,0,Loyal Customers
15703.0,265,1,211.5,5.358941988364472,2,Hibernating
15704.0,140,4,2293.62,7.738322531443156,0,Loyal Customers
15705.0,201,1,143.1,4.970507503005476,2,Hibernating
15706.0,64,4,1060.56,6.967494803332995,1,At Risk
15707.0,35,4,916.98,6.822175603890787,1,At Risk
15708.0,41,7,3235.25,8.082170531065747,0,Loyal Customers
15709.0,284,1,133.25,4.899703733388974,2,Hibernating
15712.0,9,5,1072.3600000000001,6.978549194282216,1,At Risk
15713.0,143,2,356.7,5.879694646264972,1,At Risk
15714.0,12,2,330.03000000000003,5.802209005711098,1,At Risk
15716.0,146,4,1101.11,7.00498180324312,1,At Risk
15717.0,234,1,150.3,5.01926462079431,2,Hibernating
15719.0,33,13,5028.42,8.523059948294195,0,Loyal Customers
15720.0,24,1,598.73,6.3964795539357615,1,At Risk
15721.0,12,1,471.40000000000003,6.157826084323207,1,At Risk
15722.0,36,5,2211.21,7.701747294844882,0,Loyal Customers
15723.0,365,1,190.70000000000002,5.255931650051599,2,Hibernating
15724.0,201,2,218.25,5.390212631252292,2,Hibernating
15725.0,15,1,415.25,6.031286041294654,1,At Risk
15727.0,17,7,5159.06,8.548703486314981,0,Loyal Customers
15729.0,213,1,85.0,4.454347296253507,2,Hibernating
15730.0,66,3,1120.88,7.022761128491225,1,At Risk
15732.0,212,2,294.12,5.68738205328842,2,Hibernating
15733.0,283,1,162.3,5.095588999976419,2,Hibernating
15734.0,115,2,1339.45,7.200760657465263,1,At Risk
15737.0,15,8,1188.1200000000001,7.080968816745364,0,Loyal Customers
15738.0,19,16,4812.42,8.479163129156776,0,Loyal Customers
15739.0,66,1,449.12,6.109514213881797,1,At Risk
15740.0,49,1,154.88,5.049086480470509,1,At Risk
15743.0,16,4,775.96,6.655388868991024,1,At Risk
15744.0,78,1,34.8,3.5779478934066544,1,At Risk
15745.0,19,4,1094.5900000000001,6.999048309928502,1,At Risk
15746.0,134,1,196.88,5.287660786359508,1,At Risk
15747.0,13,3,946.64,6.85397468329749,1,At Risk
15748.0,40,1,144.36,4.979213424087916,1,At Risk
15749.0,235,3,44534.3,10.70403741211812,0,Loyal Customers
15750.0,3,8,2463.05,7.809561616655318,0,Loyal Customers
15752.0,40,7,2626.6,7.873826161018318,0,Loyal Customers
15753.0,305,1,79.2,4.384523514872469,2,Hibernating
15754.0,51,3,458.57,6.130291269692714,1,At Risk
15755.0,10,6,2364.25,7.768639003584553,0,Loyal Customers
15756.0,61,4,528.01,6.271007335271311,1,At Risk
15757.0,66,2,714.42,6.572869782822179,1,At Risk
15758.0,25,1,205.25,5.32908902521479,1,At Risk
15759.0,218,3,253.04000000000002,5.5374917349347745,2,Hibernating
15762.0,65,2,583.75,6.371184405464288,1,At Risk
15763.0,32,2,1086.92,6.992022895300703,1,At Risk
15764.0,88,6,3279.9700000000003,8.095894389365505,0,Loyal Customers
15766.0,64,1,315.06,5.755932068980957,1,At Risk
15768.0,116,3,621.83,6.434273608356568,1,At Risk
15769.0,7,26,56252.72,10.937627451213288,0,Loyal Customers
15773.0,6,1,635.6800000000001,6.4562671745616536,1,At Risk
15774.0,69,1,270.8,5.605066501717044,1,At Risk
15775.0,245,1,104.9,4.662495252607361,2,Hibernating
15776.0,133,1,241.62,5.491496433342773,1,At Risk
15777.0,241,4,1047.1100000000001,6.954743821204941,2,Hibernating
15780.0,184,3,475.28000000000003,6.166005916582974,2,Hibernating
15781.0,25,3,345.46000000000004,5.847767371850795,1,At Risk
15782.0,10,3,2614.74,7.869302319258532,0,Loyal Customers
15783.0,11,1,246.3,5.510602174527371,1,At Risk
15785.0,33,5,2328.9700000000003,7.753610670940375,0,Loyal Customers
15786.0,46,3,4919.0,8.501063809486354,0,Loyal Customers
15787.0,26,3,933.26,6.839754772081388,1,At Risk
15789.0,358,1,351.3,5.864483085347192,2,Hibernating
15790.0,10,1,218.75,5.392490536565286,1,At Risk
15791.0,44,2,1612.69,7.386278760989393,1,At Risk
15793.0,15,3,965.61,6.873795104898541,1,At Risk
15795.0,150,1,610.01,6.415113325649775,1,At Risk
15796.0,1,8,2707.61,7.904190867158634,0,Loyal Customers
15797.0,113,3,2192.4,7.693208130326108,0,Loyal Customers
15799.0,76,3,884.14,6.785745824587275,1,At Risk
15800.0,107,2,696.89,6.548061497220062,1,At Risk
15801.0,46,3,1063.95,6.97068312868461,1,At Risk
15803.0,51,1,415.82000000000005,6.032654473932845,1,At Risk
15804.0,1,13,4206.39,8.344597781932357,0,Loyal Customers
15805.0,23,17,5488.18,8.61053416087066,0,Loyal Customers
15806.0,46,3,784.58,6.666422298467717,1,At Risk
15807.0,50,3,903.9,6.807824440357088,1,At Risk
15808.0,306,4,3651.27,8.20310417107402,2,Hibernating
15809.0,36,5,515.77,6.247597901247849,1,At Risk
15810.0,79,4,1391.98,7.239200616174941,1,At Risk
15811.0,22,6,2218.62,7.705091289043697,0,Loyal Customers
15812.0,107,5,1801.14,7.496730126604398,0,Loyal Customers
15813.0,208,2,1303.9099999999999,7.173889351861321,2,Hibernating
15814.0,17,4,1945.3300000000002,7.573700826991937,0,Loyal Customers
15815.0,64,5,2100.6,7.65045423837133,0,Loyal Customers
15819.0,49,4,1905.45,7.552998152884997,0,Loyal Customers
15820.0,320,1,206.98,5.337441921232086,2,Hibernating
15821.0,44,2,570.96,6.349069058864647,1,At Risk
15822.0,3,2,885.47,6.787247283994098,1,At Risk
15825.0,172,1,532.94,6.2802834730968256,2,Hibernating
15826.0,56,3,1654.31,7.411743581448863,0,Loyal Customers
15827.0,73,14,1836.09,7.515938076938256,0,Loyal Customers
15829.0,99,2,636.14,6.456989411643809,1,At Risk
15830.0,38,1,576.0,6.3578422665081,1,At Risk
15831.0,58,3,794.64,6.67914682223686,1,At Risk
15832.0,254,1,836.79,6.7307674724187825,2,Hibernating
15834.0,70,4,2222.65,7.7069052688851505,0,Loyal Customers
15835.0,44,4,954.09,6.861805576878038,1,At Risk
15836.0,50,1,137.37,4.929931256681293,1,At Risk
15837.0,65,1,391.98,5.97375871998905,1,At Risk
15838.0,11,19,33643.08,10.423592390918046,0,Loyal Customers
15839.0,33,3,1048.49,6.9560596108684605,1,At Risk
15840.0,59,2,355.56,5.876502528638301,1,At Risk
15841.0,73,4,1224.06,7.110745101371203,1,At Risk
15843.0,304,1,118.95,4.787074989285704,2,Hibernating
15844.0,46,1,130.73999999999998,4.880830283212546,1,At Risk
15845.0,18,8,3711.77,8.219533507739182,0,Loyal Customers
15847.0,38,2,389.27,5.966838807281578,1,At Risk
15850.0,19,2,234.88,5.463323201132304,1,At Risk
15852.0,187,2,160.71,5.085804607589853,2,Hibernating
15853.0,52,1,110.8,4.716711560720999,1,At Risk
15854.0,4,12,2969.12,7.996357635020928,0,Loyal Customers
15855.0,137,5,712.24,6.569817969665846,1,At Risk
15856.0,4,27,16142.380000000001,9.68926533749517,0,Loyal Customers
15857.0,19,1,297.0,5.697093486505405,1,At Risk
15858.0,16,5,1427.57,7.264429222920369,0,Loyal Customers
15860.0,41,8,965.16,6.87332945196712,0,Loyal Customers
15861.0,12,8,3146.92,8.054497196253768,0,Loyal Customers
15862.0,8,4,832.88,6.726089507114236,1,At Risk
15863.0,26,2,68.84,4.246206911531347,1,At Risk
15864.0,22,6,1936.32,7.569060853685923,0,Loyal Customers
15865.0,41,3,895.13,6.798085491736212,1,At Risk
15866.0,101,1,211.89,5.3607756003876466,1,At Risk
15867.0,5,15,3803.6,8.243966139934042,0,Loyal Customers
15869.0,277,2,149.64,5.014892884348897,2,Hibernating
15870.0,33,1,351.44,5.864880394998529,1,At Risk
15872.0,15,2,316.25,5.759690106594497,1,At Risk
15874.0,64,7,4405.88,8.390922235063499,0,Loyal Customers
15877.0,2,2,490.33,6.197115999797643,1,At Risk
15880.0,369,1,329.03,5.799183559419454,2,Hibernating
15881.0,312,5,501.39,6.2193767104972935,2,Hibernating
15882.0,199,4,514.08,6.244322228405583,2,Hibernating
15883.0,2,2,396.48,5.9851446183631625,1,At Risk
15885.0,93,2,364.35,5.9008557982372265,1,At Risk
15886.0,60,1,181.09,5.204501070343752,1,At Risk
15888.0,81,1,162.64,5.097668893061198,1,At Risk
15889.0,157,2,400.77,5.9958797855813915,2,Hibernating
15891.0,227,1,509.13,6.23466559519717,2,Hibernating
15894.0,253,2,257.6,5.555282466337757,2,Hibernating
15895.0,150,1,179.17,5.1939008496276085,2,Hibernating
15897.0,194,2,208.59,5.345153241385068,2,Hibernating
15898.0,1,5,1383.83,7.233332667405506,0,Loyal Customers
15899.0,369,1,56.25,4.047427642434349,2,Hibernating
15900.0,24,1,337.28000000000003,5.8238739549140215,1,At Risk
15901.0,17,3,349.75,5.86007371898257,1,At Risk
15903.0,10,7,5126.76,8.54242419563319,0,Loyal Customers
15904.0,8,1,164.68,5.110058217087329,1,At Risk
15906.0,20,7,1567.69,7.357996155136706,0,Loyal Customers
15907.0,4,3,881.87,6.783177964397178,1,At Risk
15909.0,174,1,191.94,5.262379259742407,2,Hibernating
15910.0,1,8,1228.88,7.114671882631472,0,Loyal Customers
15912.0,178,2,264.62,5.582066715972105,2,Hibernating
15916.0,16,8,1502.8600000000001,7.3157904150707145,0,Loyal Customers
15917.0,248,1,123.1,4.821087692210561,2,Hibernating
15918.0,191,2,334.23,5.814816863409831,2,Hibernating
15919.0,20,2,525.69,6.266612140168987,1,At Risk
15920.0,154,3,163.55,5.103214475389349,2,Hibernating
15921.0,173,1,323.03000000000003,5.780836104098492,2,Hibernating
15922.0,373,1,369.5,5.914853444736142,2,Hibernating
15923.0,373,1,127.08,4.852655068688459,2,Hibernating
15925.0,194,1,207.15,5.3382589736409845,2,Hibernating
15930.0,67,1,426.63,6.058258335716989,1,At Risk
15932.0,4,8,2495.87,7.822793226449505,0,Loyal Customers
15933.0,21,3,1107.46,7.010726943606016,1,At Risk
15935.0,239,1,108.03999999999999,4.691714787388277,2,Hibernating
15937.0,64,1,145.35000000000002,4.986001013137895,1,At Risk
15938.0,112,5,404.58000000000004,6.0053181413965175,1,At Risk
15939.0,90,14,6100.01,8.71620961022607,0,Loyal Customers
15940.0,311,1,35.8,3.6054978451748854,2,Hibernating
15942.0,134,1,337.44,5.8243468240563,1,At Risk
15944.0,277,1,325.1,5.787204082795274,2,Hibernating
15945.0,365,1,181.0,5.204006687076795,2,Hibernating
15947.0,83,1,1708.24,7.443804106257556,1,At Risk
15948.0,8,2,955.24,6.863008927569726,1,At Risk
15949.0,17,2,364.72,5.901868013296226,1,At Risk
15950.0,32,4,1744.71,7.464916628675443,0,Loyal Customers
15951.0,9,2,708.22,6.56416577459204,1,At Risk
15952.0,34,4,781.91,6.663017746855669,1,At Risk
15953.0,15,8,1657.28,7.413536199603394,0,Loyal Customers
15955.0,24,14,4416.26,8.393274873346142,0,Loyal Customers
15957.0,32,1,428.89,6.063529362008149,1,At Risk
15958.0,74,1,104.35,4.657288140250198,1,At Risk
15963.0,20,2,470.76,6.156470381692249,1,At Risk
15965.0,17,4,808.87,6.696873740958812,1,At Risk
15967.0,23,2,397.68,5.988159090099256,1,At Risk
15969.0,3,3,666.1,6.502939959715469,1,At Risk
15970.0,304,1,314.09999999999997,5.752890048763229,2,Hibernating
15971.0,18,12,4199.85,8.343042164747578,0,Loyal Customers
15973.0,367,1,307.82000000000005,5.732758582892719,2,Hibernating
15974.0,39,7,3442.15,8.14414202904651,0,Loyal Customers
15975.0,84,1,371.01,5.91892073563227,1,At Risk
15976.0,165,2,427.64,6.0606174057962985,2,Hibernating
15977.0,17,2,1054.73,6.961987749755856,1,At Risk
15978.0,77,1,1098.78,7.002865438783795,1,At Risk
15980.0,89,3,2398.86,7.783165681301249,0,Loyal Customers
15981.0,25,8,3408.48,8.134315065980752,0,Loyal Customers
15983.0,22,4,1465.12,7.29037473448544,0,Loyal Customers
15984.0,3,10,2780.63,7.930792365795113,0,Loyal Customers
15985.0,123,2,1142.42,7.04177905036834,1,At Risk
15986.0,30,1,168.12,5.1306085221219275,1,At Risk
15987.0,12,7,1432.77,7.268062617779592,0,Loyal Customers
15988.0,19,1,156.78,5.061201657666944,1,At Risk
15990.0,44,2,792.11,6.675961925760257,1,At Risk
15992.0,4,1,41.989999999999995,3.76096753050819,1,At Risk
15993.0,9,7,2768.97,7.926591768797826,0,Loyal Customers
15994.0,55,1,414.27,6.028928911090341,1,At Risk
15996.0,88,6,1032.58,6.940783782995926,1,At Risk
15998.0,37,5,3080.22,8.033080901435286,0,Loyal Customers
16000.0,3,3,12393.7,9.4250242408686,0,Loyal Customers
16003.0,30,5,2735.37,7.914387503517288,0,Loyal Customers
16005.0,12,4,578.71,6.3625279784987825,1,At Risk
16006.0,211,1,101.4,4.628886712605407,2,Hibernating
16007.0,48,4,1693.81,7.435325919136224,0,Loyal Customers
16008.0,24,3,478.78,6.173327665501776,1,At Risk
16009.0,22,4,972.11,6.880497128211273,1,At Risk
16010.0,246,3,392.4,5.974826905954958,2,Hibernating
16011.0,8,16,3352.96,8.1178970162536,0,Loyal Customers
16012.0,35,3,1415.29,7.255796055544432,1,At Risk
16013.0,4,47,37130.6,10.522223638082181,3,Champions
16014.0,38,3,646.83,6.473628316254615,1,At Risk
16015.0,4,3,704.26,6.558566529150598,1,At Risk
16016.0,3,8,1465.51,7.290640707350956,0,Loyal Customers
16017.0,47,1,211.88,5.360728626669434,1,At Risk
16018.0,39,2,408.9,6.015913227510292,1,At Risk
16019.0,47,9,3786.24,8.239392800596635,0,Loyal Customers
16020.0,17,3,851.01,6.747598263849638,1,At Risk
16022.0,260,1,602.63,6.402961427447865,2,Hibernating
16023.0,46,3,719.81,6.58037557967181,1,At Risk
16024.0,12,1,245.75,5.508375678313591,1,At Risk
16025.0,30,1,439.65999999999997,6.0882736030360425,1,At Risk
16026.0,43,1,236.09,5.468439815884993,1,At Risk
16027.0,92,6,934.62,6.841209411138237,1,At Risk
16029.0,39,63,80850.84,11.300373622940477,3,Champions
16030.0,310,1,331.24,5.805857599322498,2,Hibernating
16031.0,92,2,547.9,6.3079162755558436,1,At Risk
16033.0,6,20,8778.82,9.080211185280058,0,Loyal Customers
16034.0,196,3,437.70000000000005,6.083815808172169,2,Hibernating
16036.0,87,2,758.9200000000001,6.633213164581927,1,At Risk
16037.0,270,3,855.02,6.752293740354778,2,Hibernating
16038.0,8,3,471.78,6.1586301640127346,1,At Risk
16040.0,65,3,1313.55,7.181249680723068,1,At Risk
16041.0,31,3,3166.4,8.060666341057626,0,Loyal Customers
16042.0,22,5,1177.47,7.071972265963926,1,At Risk
16043.0,38,4,773.99,6.652850126044293,1,At Risk
16045.0,120,4,1340.7,7.201692745596426,1,At Risk
16048.0,373,2,256.44,5.550786683244073,2,Hibernating
16049.0,40,3,1074.81,6.980829145204009,1,At Risk
16050.0,174,1,137.9,4.933754249760298,2,Hibernating
16052.0,54,1,362.06,5.894568109862285,1,At Risk
16053.0,33,2,1511.95,7.321816666315659,1,At Risk
16054.0,145,1,783.9,6.665556321132768,1,At Risk
16055.0,221,1,134.8,4.911183215124596,2,Hibernating
16056.0,45,1,650.75,6.479661052813611,1,At Risk
16057.0,16,7,2263.12,7.724941441452005,0,Loyal Customers
16059.0,66,6,1453.16,7.282183693304844,0,Loyal Customers
16062.0,10,4,1153.62,7.051526564493091,1,At Risk
16063.0,260,1,335.32,5.818063087688587,2,Hibernating
16065.0,365,1,367.14,5.908463300604576,2,Hibernating
16066.0,17,5,1521.04,7.327806819285222,0,Loyal Customers
16070.0,22,2,852.15,6.748935381973274,1,At Risk
16071.0,45,1,326.24,5.790693846645498,1,At Risk
16072.0,288,1,584.3199999999999,6.3721587062242255,2,Hibernating
16073.0,297,1,122.4,4.8154311114712876,2,Hibernating
16076.0,3,10,2234.73,7.712323075642278,0,Loyal Customers
16078.0,284,1,79.2,4.384523514872469,2,Hibernating
16079.0,17,3,1352.0,7.210079628170788,1,At Risk
16080.0,82,2,217.16,5.385228738537333,1,At Risk
16081.0,56,5,2799.42,7.93752468491442,0,Loyal Customers
16083.0,101,2,1317.62,7.184341014166175,1,At Risk
16084.0,299,1,436.18,6.0803450096018565,2,Hibernating
16085.0,23,5,981.51,6.890110521808668,1,At Risk
16086.0,59,5,1121.39,7.023215619268875,1,At Risk
16091.0,155,2,315.06,5.755932068980957,2,Hibernating
16092.0,115,3,817.86,6.707913129070193,1,At Risk
16093.0,107,1,17.0,2.8903717578961645,2,Hibernating
16094.0,12,4,1078.23,6.984003102876341,1,At Risk
16096.0,264,1,320.62,5.773370724425878,2,Hibernating
16097.0,240,1,185.04999999999998,5.226015454792631,2,Hibernating
16098.0,88,7,2005.63,7.604211977042565,0,Loyal Customers
16099.0,50,3,731.9,6.597009266931805,1,At Risk
16101.0,71,1,1290.7,7.16371445923797,1,At Risk
16102.0,42,3,1842.14,7.519225917888408,0,Loyal Customers
16103.0,7,6,1429.64,7.265877175579781,0,Loyal Customers
16104.0,62,1,298.21,5.701145668001697,1,At Risk
16105.0,249,1,336.96,5.822927545284644,2,Hibernating
16106.0,66,1,108.38,4.694828057918627,1,At Risk
16107.0,18,7,3204.1600000000003,8.072517290105589,0,Loyal Customers
16108.0,85,1,842.5,6.737559901986023,1,At Risk
16109.0,219,2,611.88,6.418169158208565,2,Hibernating
16110.0,45,3,1320.95,7.186863198213779,1,At Risk
16112.0,143,4,195.74,5.281883060084612,1,At Risk
16113.0,183,1,161.38,5.089939267434301,2,Hibernating
16114.0,171,1,135.75000000000003,4.918154441302091,2,Hibernating
16115.0,10,8,1660.8799999999999,7.415704770642627,0,Loyal Customers
16116.0,212,1,612.78,6.419636557751217,2,Hibernating
16117.0,190,1,232.21,5.451939335203601,2,Hibernating
16119.0,8,2,423.36,6.050582151591071,1,At Risk
16120.0,59,4,1309.14,7.1778892807139885,1,At Risk
16121.0,57,2,854.66,6.751873100976731,1,At Risk
16122.0,73,4,684.42,6.530031789055632,1,At Risk
16123.0,52,1,307.78000000000003,5.732629049213781,1,At Risk
16124.0,317,1,249.0,5.521460917862246,2,Hibernating
16125.0,367,1,289.35,5.671087091818059,2,Hibernating
16126.0,29,4,6287.77,8.74652078208272,0,Loyal Customers
16127.0,39,1,656.25,6.488064463609991,1,At Risk
16128.0,18,5,1880.22,7.53967578152618,0,Loyal Customers
16131.0,52,6,3506.54,8.162670216045587,0,Loyal Customers
16133.0,4,33,14589.04,9.588094383116912,0,Loyal Customers
16134.0,22,2,618.09,6.428250657915328,1,At Risk
16135.0,263,1,517.55,6.251036455035743,2,Hibernating
16136.0,60,3,709.38,6.5658000381285,1,At Risk
16139.0,19,3,635.4100000000001,6.455843009727984,1,At Risk
16140.0,66,2,725.1800000000001,6.587797917978568,1,At Risk
16141.0,88,1,620.4,6.431974996958947,1,At Risk
16142.0,250,1,535.34,6.284768288327816,2,Hibernating
16143.0,3,6,2424.94,7.793974357128903,0,Loyal Customers
16144.0,247,1,175.2,5.171619713502079,2,Hibernating
16145.0,9,11,3799.4900000000002,8.242885284769901,0,Loyal Customers
16146.0,157,3,734.13,6.600047354321349,1,At Risk
16147.0,134,1,375.0,5.929589143389895,1,At Risk
16148.0,296,1,76.32000000000001,4.34795265434013,2,Hibernating
16149.0,5,2,280.52,5.640203493013329,1,At Risk
16150.0,43,5,2053.02,7.627554127539443,0,Loyal Customers
16152.0,269,1,1829.04,7.512093103520083,2,Hibernating
16153.0,50,5,1824.23,7.5094612854730665,0,Loyal Customers
16156.0,9,9,3092.04,8.03690970502951,0,Loyal Customers
16157.0,16,3,656.69,6.488733695691184,1,At Risk
16159.0,282,1,348.2,5.855644823965447,2,Hibernating
16160.0,65,2,1025.44,6.933851783703411,1,At Risk
16161.0,2,19,5533.67,8.618787222769154,0,Loyal Customers
16162.0,252,1,37.4,3.648057459593681,2,Hibernating
16163.0,232,2,856.6,6.754137790316538,2,Hibernating
16164.0,17,3,822.48,6.713539262741108,1,At Risk
16168.0,11,27,3787.6,8.239751836694179,0,Loyal Customers
16169.0,8,4,1822.97,7.5087707231305965,0,Loyal Customers
16170.0,51,6,1885.05,7.542239973976665,0,Loyal Customers
16171.0,59,1,73.19999999999999,4.3067641501733345,1,At Risk
16172.0,95,5,1140.21,7.039844382006876,1,At Risk
16173.0,16,6,1418.32,7.257933162659462,0,Loyal Customers
16174.0,126,3,1009.55,6.918250016074778,1,At Risk
16175.0,94,4,1037.5900000000001,6.945619303018016,1,At Risk
16177.0,50,1,331.95,5.807992328556631,1,At Risk
16178.0,138,1,197.9,5.292802185859927,1,At Risk
16179.0,61,1,215.83,5.379113636376126,1,At Risk
16180.0,100,8,10254.18,9.235538222765896,0,Loyal Customers
16181.0,73,1,305.54,5.725348252570762,1,At Risk
16182.0,72,4,6617.65,8.797646700642568,0,Loyal Customers
16183.0,67,1,338.71000000000004,5.828092312472438,1,At Risk
16184.0,64,6,1158.79,7.055994233228931,1,At Risk
16185.0,17,2,529.41,6.273650292389248,1,At Risk
16186.0,23,12,4006.94,8.296032672592768,0,Loyal Customers
16187.0,32,15,6911.4400000000005,8.841077965865253,0,Loyal Customers
16188.0,45,4,981.86,6.890466688844595,1,At Risk
16189.0,16,2,215.48,5.3774981644224775,1,At Risk
16190.0,40,1,215.08,5.37564870948436,1,At Risk
16191.0,3,13,5180.52,8.552853728502956,0,Loyal Customers
16193.0,237,1,314.45,5.754000190816819,2,Hibernating
16198.0,75,1,400.68100000000004,5.995658241267267,1,At Risk
16200.0,4,2,1068.8700000000001,6.975292424747694,1,At Risk
16201.0,3,4,1863.47,7.530732109384843,0,Loyal Customers
16202.0,361,1,365.27,5.903370766348874,2,Hibernating
16203.0,59,4,592.9,6.386710955021814,1,At Risk
16204.0,23,1,384.18,5.953710757496066,1,At Risk
16205.0,31,4,751.03,6.622776216771132,1,At Risk
16206.0,55,4,537.0600000000001,6.287970078106996,1,At Risk
16207.0,25,1,394.38,5.979847327767791,1,At Risk
16208.0,45,2,664.26,6.500177941687698,1,At Risk
16209.0,89,5,2262.62,7.724720580712637,0,Loyal Customers
16210.0,2,17,21076.3,9.955951910960447,0,Loyal Customers
16211.0,89,1,547.02,6.306311782632405,1,At Risk
16212.0,19,2,690.34,6.538631743276411,1,At Risk
16213.0,79,1,159.0,5.075173815233827,1,At Risk
16214.0,171,3,1062.75,6.969555679887584,2,Hibernating
16215.0,81,1,242.35,5.494500736279464,1,At Risk
16216.0,267,1,914.9300000000001,6.81993994254006,2,Hibernating
16217.0,235,2,304.25,5.721131112990814,2,Hibernating
16218.0,30,7,3084.68,8.034527333444103,0,Loyal Customers
16221.0,37,3,860.86,6.759092844480235,1,At Risk
16222.0,318,1,773.55,6.652282215552372,2,Hibernating
16224.0,57,4,1295.3,7.167269331605997,1,At Risk
16225.0,45,5,1096.32,7.000626122386744,1,At Risk
16226.0,203,3,255.12,5.545646084650602,2,Hibernating
16227.0,225,1,314.22,5.753270807747395,2,Hibernating
16229.0,87,2,1010.6,6.91928851479581,1,At Risk
16230.0,190,2,542.03,6.297164567026571,2,Hibernating
16232.0,44,4,990.88,6.89960213222575,1,At Risk
16233.0,71,3,536.6800000000001,6.287263587661711,1,At Risk
16235.0,41,5,867.3100000000001,6.766548793757163,1,At Risk
16236.0,78,1,432.2,6.071199515126835,1,At Risk
16239.0,57,2,414.2,6.028760331851679,1,At Risk
16240.0,24,2,3718.8,8.221425182381026,0,Loyal Customers
16241.0,10,13,2590.31,7.859918818329966,0,Loyal Customers
16242.0,8,7,3579.86,8.183358274009397,0,Loyal Customers
16243.0,34,2,409.1,6.016401032398013,1,At Risk
16244.0,212,2,1522.75,7.328929680795481,2,Hibernating
16245.0,24,3,1413.66,7.254644498519316,1,At Risk
16247.0,170,1,114.56,4.749789875598035,2,Hibernating
16248.0,62,1,152.94,5.036562916106171,1,At Risk
16249.0,53,5,1800.07,7.496136211716589,0,Loyal Customers
16250.0,261,2,389.44,5.967274308306765,2,Hibernating
16253.0,67,2,3683.86,8.21198781204284,0,Loyal Customers
16255.0,17,8,2619.91,7.871276864694926,0,Loyal Customers
16256.0,267,1,752.4300000000001,6.624636113950167,2,Hibernating
16257.0,177,1,46.95,3.8701588013294472,2,Hibernating
16258.0,45,5,5203.51,8.557280836367838,0,Loyal Customers
16260.0,51,1,1035.45,6.9435566914455205,1,At Risk
16261.0,17,4,728.54,6.592414198536382,1,At Risk
16265.0,9,9,5447.0,8.60300384782935,0,Loyal Customers
16266.0,74,7,861.89,6.760287220618741,1,At Risk
16268.0,71,2,667.65,6.5052607543188055,1,At Risk
16270.0,353,1,1141.24,7.040746525754151,2,Hibernating
16271.0,16,4,1389.64,7.237519351813285,0,Loyal Customers
16272.0,117,1,411.7,6.022720936758536,1,At Risk
16274.0,373,1,331.55,5.80679022473043,2,Hibernating
16275.0,197,1,559.87,6.329489149614112,2,Hibernating
16276.0,177,1,810.6,6.69900760795166,2,Hibernating
16278.0,100,1,566.38,6.34102927325157,1,At Risk
16279.0,21,3,1502.78,7.315737217214576,0,Loyal Customers
16281.0,72,1,2062.06,7.6319455965067835,0,Loyal Customers
16282.0,340,1,168.3,5.13167228913909,2,Hibernating
16283.0,6,5,1569.11,7.358900959582275,0,Loyal Customers
16284.0,31,2,812.68,6.70156716831734,1,At Risk
16287.0,170,1,142.5,4.966335035199676,2,Hibernating
16292.0,122,1,302.25,5.7145575478241595,1,At Risk
16293.0,22,10,2248.9900000000002,7.718681050744145,0,Loyal Customers
16295.0,10,4,1328.55,7.192595818099261,0,Loyal Customers
16297.0,269,1,301.9,5.713402718033191,2,Hibernating
16298.0,23,3,598.2,6.3955954322030095,1,At Risk
16302.0,127,1,233.22,5.4562608446139915,1,At Risk
16303.0,26,3,5360.63,8.587023312312065,0,Loyal Customers
16305.0,139,1,361.22,5.8922517620363895,1,At Risk
16306.0,214,6,632.27,6.450896871486089,2,Hibernating
16308.0,38,4,2560.0,7.848153086199526,0,Loyal Customers
16309.0,106,2,706.57,6.56183656455249,1,At Risk
16311.0,18,2,616.26,6.425290328985104,1,At Risk
16313.0,3,2,274.15000000000003,5.617316403505768,1,At Risk
16315.0,331,1,226.37,5.426578646492048,2,Hibernating
16316.0,64,8,2938.91,7.986134247619265,0,Loyal Customers
16317.0,120,3,1341.65,7.202400551985058,1,At Risk
16318.0,35,1,328.15000000000003,5.796513573913886,1,At Risk
16319.0,218,1,404.40000000000003,6.004874234017899,2,Hibernating
16320.0,172,2,1038.46,6.946456626519212,2,Hibernating
16321.0,72,5,373.65000000000003,5.92599225681032,1,At Risk
16322.0,1,2,326.75,5.792251122643809,1,At Risk
16323.0,196,1,207.50000000000003,5.339939041238856,2,Hibernating
16324.0,128,3,408.59000000000003,6.01515665936477,1,At Risk
16325.0,47,3,594.24,6.38896468556185,1,At Risk
16326.0,6,14,3039.2200000000003,8.019685160202853,0,Loyal Customers
16327.0,14,6,3789.67,8.24029806345519,0,Loyal Customers
16330.0,18,3,251.91,5.533033694214862,1,At Risk
16332.0,28,7,1582.8,7.367582301776312,0,Loyal Customers
16333.0,8,22,26626.8,10.189711061801596,0,Loyal Customers
16337.0,37,1,151.05,5.024209414123374,1,At Risk
16338.0,157,1,214.8,5.374352052824034,2,Hibernating
16339.0,284,1,94.05,4.554403068934438,2,Hibernating
16340.0,107,1,534.31,6.28284601833824,1,At Risk
16341.0,25,4,1971.8700000000001,7.587244614343444,0,Loyal Customers
16342.0,75,4,322.41,5.778920868124441,1,At Risk
16343.0,16,2,328.58,5.797819116582584,1,At Risk
16344.0,158,1,101.10000000000001,4.62595272517062,2,Hibernating
16345.0,44,1,565.46,6.33940646897248,1,At Risk
16347.0,11,2,847.45,6.743411155418835,1,At Risk
16348.0,32,7,1413.31,7.254397058637108,0,Loyal Customers
16349.0,291,1,53.5,3.9982007016691985,2,Hibernating
16350.0,21,4,1116.47,7.018822480489789,1,At Risk
16351.0,333,1,153.9,5.042779747422823,2,Hibernating
16352.0,18,2,494.44,6.205446256629806,1,At Risk
16353.0,4,23,6675.71,8.806380630235296,0,Loyal Customers
16354.0,63,2,395.8,5.983432375410718,1,At Risk
16356.0,198,3,211.77,5.360211770085627,2,Hibernating
16357.0,33,3,658.88,6.492058000307724,1,At Risk
16358.0,1,4,2027.5,7.615051882646502,0,Loyal Customers
16359.0,7,9,1750.92,7.468467608353334,0,Loyal Customers
16360.0,5,6,3450.41,8.146538122184259,0,Loyal Customers
16361.0,10,4,891.21,6.793701530880624,1,At Risk
16362.0,32,5,709.99,6.566658365006723,1,At Risk
16363.0,53,1,109.36000000000001,4.703747749349086,1,At Risk
16364.0,12,2,705.79,6.560733592071543,1,At Risk
16365.0,18,9,1540.42,7.340459348477051,0,Loyal Customers
16366.0,19,1,327.3,5.793927824507547,1,At Risk
16367.0,37,2,800.67,6.686697051867266,1,At Risk
16368.0,2,2,479.91,6.175680142411356,1,At Risk
16369.0,18,3,1543.33,7.342345438317546,0,Loyal Customers
16370.0,82,4,1301.91,7.172355503365555,1,At Risk
16372.0,33,2,355.73,5.876979193117597,1,At Risk
16374.0,66,2,458.78,6.130748114210368,1,At Risk
16376.0,9,2,974.96,6.883421601966684,1,At Risk
16377.0,267,1,676.2,6.51796665025898,2,Hibernating
16378.0,247,3,362.95,5.897016495564267,2,Hibernating
16379.0,4,4,2157.4,7.677122485453491,0,Loyal Customers
16380.0,61,1,1743.1499999999999,7.46402260994466,1,At Risk
16383.0,75,2,643.76,6.46887815452873,1,At Risk
16384.0,90,2,584.5,6.372466183037772,1,At Risk
16385.0,60,3,554.86,6.320516463982851,1,At Risk
16386.0,29,2,302.57,5.715612226409778,1,At Risk
16387.0,323,1,94.36,4.55765920331704,2,Hibernating
16389.0,53,4,1382.0700000000002,7.2320609449898114,1,At Risk
16392.0,270,1,217.89000000000001,5.388569320525063,2,Hibernating
16393.0,2,13,3040.96,8.020257323488867,0,Loyal Customers
16394.0,57,5,1555.34,7.350092189866152,0,Loyal Customers
16395.0,61,5,1482.06,7.3018627998495145,0,Loyal Customers
16398.0,154,2,1705.8,7.4423755513138445,1,At Risk
16399.0,19,2,406.22,6.009353579943722,1,At Risk
16400.0,95,1,303.93,5.720082242069654,1,At Risk
16401.0,1,12,4098.32,8.318576385278623,0,Loyal Customers
16402.0,265,2,293.45,5.68510920939058,2,Hibernating
16403.0,312,1,177.5,5.184588601219694,2,Hibernating
16404.0,70,1,443.05,6.095937168704513,1,At Risk
16405.0,302,2,167.25,5.125450968524837,2,Hibernating
16406.0,19,1,154.35,5.045680635839056,1,At Risk
16407.0,13,10,2079.68,7.640450042344582,0,Loyal Customers
16409.0,36,5,2022.98,7.61282114893561,0,Loyal Customers
16411.0,19,2,211.7,5.3598827222061916,1,At Risk
16412.0,54,1,135.99,4.919907930463299,1,At Risk
16413.0,57,1,262.2,5.572914199451162,1,At Risk
16414.0,22,2,126.25,4.846153655430632,1,At Risk
16415.0,44,1,200.27,5.304647290242906,1,At Risk
16416.0,27,3,1051.4,6.958828549166138,1,At Risk
16418.0,45,3,631.12,6.449079249540903,1,At Risk
16419.0,113,6,958.71,6.866631155492188,1,At Risk
16422.0,17,51,34684.4,10.454074128115597,3,Champions
16423.0,25,1,346.12,5.849670541490095,1,At Risk
16424.0,191,1,133.56,4.902010196224638,2,Hibernating
16425.0,302,1,302.7,5.716040372051703,2,Hibernating
16426.0,2,10,1863.76,7.530887637470042,0,Loyal Customers
16427.0,263,2,241.06,5.489185629310458,2,Hibernating
16429.0,106,1,284.55,5.654417145110872,1,At Risk
16430.0,57,1,300.85,5.709930205242435,1,At Risk
16431.0,213,3,623.28,6.436598985674353,2,Hibernating
16432.0,64,1,287.40000000000003,5.664348405410794,1,At Risk
16433.0,28,1,184.26,5.221760243825881,1,At Risk
16434.0,29,7,1511.8,7.321717517344248,0,Loyal Customers
16438.0,6,5,798.35,6.683798897410901,1,At Risk
16440.0,8,5,3640.67,8.20019764662707,0,Loyal Customers
16441.0,67,2,381.2,5.945944031806173,1,At Risk
16442.0,2,3,609.3,6.413950639550449,1,At Risk
16444.0,46,4,654.67,6.485657613592114,1,At Risk
16445.0,34,1,230.51,5.444623069137621,1,At Risk
16446.0,1,2,168472.5,12.034533746376653,0,Loyal Customers
16447.0,136,1,255.91,5.548725829010259,1,At Risk
16448.0,198,1,182.99,5.214881408306002,2,Hibernating
16449.0,198,2,707.69,6.563418195373777,2,Hibernating
16450.0,150,1,311.92,5.74594756681688,1,At Risk
16451.0,88,1,266.97,5.590875033946567,1,At Risk
16454.0,64,1,5.9,1.9315214116032138,1,At Risk
16455.0,64,7,1841.18,7.518704931910683,0,Loyal Customers
16456.0,99,5,2158.18,7.677483798971011,0,Loyal Customers
16457.0,218,1,208.36,5.34405525822189,2,Hibernating
16458.0,3,18,3482.7400000000002,8.155861708321998,0,Loyal Customers
16460.0,28,3,811.23,6.699783551285148,1,At Risk
16461.0,178,1,142.92,4.969257589642278,2,Hibernating
16462.0,74,3,136.0,4.919980925828125,1,At Risk
16463.0,21,4,1422.4,7.260803654865171,0,Loyal Customers
16464.0,20,3,1298.66,7.169857970780942,1,At Risk
16466.0,34,7,1595.96,7.375857100938276,0,Loyal Customers
16468.0,74,1,74.9,4.3294166844015844,1,At Risk
16469.0,24,4,625.42,6.440021072647094,1,At Risk
16470.0,52,4,752.77,6.625087281686058,1,At Risk
16471.0,275,1,223.95000000000002,5.4158781552871815,2,Hibernating
16473.0,165,3,316.11,5.759248716840184,2,Hibernating
16474.0,7,7,1810.49,7.50190499003284,0,Loyal Customers
16475.0,88,4,544.3,6.301336101932016,1,At Risk
16477.0,64,7,2494.46,7.822228359929267,0,Loyal Customers
16478.0,25,3,331.0,5.805134968916488,1,At Risk
16479.0,10,2,300.83,5.709863944972069,1,At Risk
16480.0,76,1,769.29,6.646767067319571,1,At Risk
16482.0,16,1,220.62,5.400964203508179,1,At Risk
16483.0,192,1,139.35,4.9441393028078915,2,Hibernating
16484.0,174,2,404.3,6.004627533634263,2,Hibernating
16485.0,77,1,363.65,5.898937989430242,1,At Risk
16488.0,33,3,498.8,6.214208018400852,1,At Risk
16491.0,47,1,731.5,6.596463340891223,1,At Risk
16493.0,80,4,1351.63,7.209806124401014,1,At Risk
16494.0,297,1,826.53,6.7184453603705006,2,Hibernating
16495.0,3,3,648.26,6.475833252811612,1,At Risk
16496.0,9,3,1599.52,7.378083855426812,0,Loyal Customers
16497.0,50,6,2965.69,7.99520213218973,0,Loyal Customers
16498.0,161,2,100.97,4.624678652376135,2,Hibernating
16499.0,360,2,365.45,5.903862086371859,2,Hibernating
16500.0,5,6,400.86,5.996103769256407,1,At Risk
16503.0,107,4,1431.93,7.267476578065607,1,At Risk
16504.0,25,1,465.88,6.14607226533442,1,At Risk
16505.0,32,1,777.6,6.657497435176356,1,At Risk
16506.0,20,2,90.30000000000001,4.514150787600923,1,At Risk
16509.0,297,1,363.70000000000005,5.8990750978146345,2,Hibernating
16510.0,372,1,248.1,5.517854422268135,2,Hibernating
16511.0,22,3,916.33,6.821467276657592,1,At Risk
16513.0,5,4,874.59,6.774897944843427,1,At Risk
16515.0,52,5,1624.14,7.393349244898962,0,Loyal Customers
16516.0,30,1,101.69999999999999,4.631812116934513,1,At Risk
16517.0,277,1,162.70000000000002,5.098035484377089,2,Hibernating
16518.0,61,2,484.32,6.1848084671836725,1,At Risk
16519.0,25,2,212.98,5.3658825527104606,1,At Risk
16520.0,186,3,1046.57,6.954228475339207,2,Hibernating
16523.0,2,21,9418.470000000001,9.150534102717932,0,Loyal Customers
16525.0,2,26,13027.45,9.474890706788237,0,Loyal Customers
16526.0,172,1,290.36,5.674559615979298,2,Hibernating
16527.0,81,1,228.06,5.43398397796957,1,At Risk
16528.0,4,1,244.41,5.502930281242811,1,At Risk
16529.0,190,1,455.25,6.123040904896701,2,Hibernating
16531.0,22,7,1244.59,7.127364592228089,0,Loyal Customers
16532.0,18,3,6748.8,8.81726815379798,0,Loyal Customers
16533.0,19,3,1082.81,6.988237889884059,1,At Risk
16535.0,5,1,593.75,6.388141149183067,1,At Risk
16536.0,110,1,548.12,6.308316996859543,1,At Risk
16539.0,3,4,1388.81,7.236922326134238,0,Loyal Customers
16542.0,54,1,119.62,4.792645108022841,1,At Risk
16545.0,165,1,339.3,5.82982758150686,2,Hibernating
16546.0,291,2,787.15,6.669688427072551,2,Hibernating
16549.0,10,10,4034.9,8.302984604159606,0,Loyal Customers
16550.0,109,5,2298.97,7.740651358353913,0,Loyal Customers
16551.0,96,3,922.12,6.827759236886412,1,At Risk
16552.0,243,2,379.73,5.9420904624901825,2,Hibernating
16553.0,163,12,5719.82,8.651867430742618,0,Loyal Customers
16554.0,42,3,837.1,6.73113742510486,1,At Risk
16555.0,35,2,285.89,5.659098867029561,1,At Risk
16556.0,67,7,3313.79,8.106149552197078,0,Loyal Customers
16557.0,24,2,281.85,5.644916721789165,1,At Risk
16558.0,1,20,8338.49,9.028757342403852,0,Loyal Customers
16560.0,27,2,841.41,6.736266831594512,1,At Risk
16561.0,6,2,511.12,6.238558972577978,1,At Risk
16563.0,54,1,1077.74,6.9835489723662585,1,At Risk
16565.0,364,1,173.7,5.163070217140011,2,Hibernating
16566.0,15,5,614.66,6.422694863102173,1,At Risk
16567.0,194,2,865.6,6.764577509305809,2,Hibernating
16569.0,3,1,124.2,4.829912458665998,1,At Risk
16570.0,15,10,3738.4,8.226680449731173,0,Loyal Customers
16571.0,27,3,1421.69,7.260304724743686,1,At Risk
16572.0,127,3,1009.6,6.918299492857808,1,At Risk
16573.0,85,2,663.61,6.499200402451892,1,At Risk
16574.0,71,1,451.44,6.11465515766318,1,At Risk
16581.0,183,1,105.84,4.67133238824176,2,Hibernating
16582.0,113,1,313.62,5.751365561394358,1,At Risk
16583.0,374,1,233.45,5.457242345535596,2,Hibernating
16584.0,80,2,936.08,6.842768657462584,1,At Risk
16586.0,249,1,463.95,6.141929872924206,2,Hibernating
16587.0,232,1,225.15,5.421198495923853,2,Hibernating
16589.0,71,3,459.24,6.131748092555038,1,At Risk
16591.0,69,1,213.5,5.368309738368072,1,At Risk
16592.0,4,16,4113.68,8.322316345810338,0,Loyal Customers
16593.0,51,3,330.03,5.802209005711098,1,At Risk
16594.0,75,1,181.09,5.204501070343752,1,At Risk
16595.0,61,1,360.16,5.8893210734392785,1,At Risk
16596.0,16,2,250.15,5.526050370196054,1,At Risk
16597.0,4,1,90.04,4.511298970378021,1,At Risk
16598.0,286,1,145.05,4.9839490288337505,2,Hibernating
16600.0,4,6,813.52,6.702598982682314,1,At Risk
16601.0,41,1,241.53,5.491125414066127,1,At Risk
16602.0,36,1,528.08,6.271139649157846,1,At Risk
16603.0,75,2,482.47,6.180989265398516,1,At Risk
16607.0,18,14,3347.71,8.116330476031974,0,Loyal Customers
16609.0,15,7,5493.46,8.611495590853199,0,Loyal Customers
16610.0,219,1,75.66,4.339380059952409,2,Hibernating
16611.0,186,1,129.49,4.871296595474155,2,Hibernating
16612.0,33,4,1187.66,7.08058190121429,1,At Risk
16613.0,70,1,618.59,6.429057968967668,1,At Risk
16614.0,183,1,506.19,6.228885686840323,2,Hibernating
16616.0,15,2,500.42,6.2174440732414,1,At Risk
16617.0,236,1,151.85,5.029457048336844,2,Hibernating
16618.0,31,5,2647.59,7.881782701906185,0,Loyal Customers
16619.0,264,1,226.21,5.425874699962912,2,Hibernating
16620.0,4,2,178.96,5.192734603972972,1,At Risk
16621.0,52,4,813.48,6.70254987279894,1,At Risk
16623.0,246,1,129.45000000000002,4.870990011582737,2,Hibernating
16624.0,81,2,810.57,6.6989706432467875,1,At Risk
16625.0,275,1,333.08,5.811380485254219,2,Hibernating
16626.0,1,17,4413.1,8.392559241748096,0,Loyal Customers
16627.0,79,1,322.8,5.780126041243535,1,At Risk
16628.0,30,5,2188.05,7.691222938742128,0,Loyal Customers
16629.0,74,2,408.63,6.01525431323072,1,At Risk
16633.0,17,6,2883.1,7.966968171867508,0,Loyal Customers
16634.0,223,2,217.9,5.388615004528817,2,Hibernating
16637.0,32,4,1154.47,7.052262466590724,1,At Risk
16638.0,23,10,1680.72,7.427572358185583,0,Loyal Customers
16639.0,31,3,1257.51,7.137683760511223,1,At Risk
16641.0,106,1,231.1,5.447168313280391,1,At Risk
16642.0,5,2,688.33,6.535720111358577,1,At Risk
16643.0,246,1,487.51,6.191359942102381,2,Hibernating
16644.0,178,2,833.78,6.72716821708184,2,Hibernating
16647.0,170,2,214.06,5.37091705896238,2,Hibernating
16648.0,43,1,290.66,5.675588740285419,1,At Risk
16650.0,72,1,518.42,6.252712804455737,1,At Risk
16652.0,59,7,6773.97,8.820990217693817,0,Loyal Customers
16653.0,16,2,1212.66,7.101395866495808,1,At Risk
16654.0,141,4,601.27,6.400705849743913,1,At Risk
16655.0,18,6,3789.52,8.240258491831206,0,Loyal Customers
16656.0,22,15,8625.8,9.062628915777825,0,Loyal Customers
16657.0,10,4,874.43,6.774715194217569,1,At Risk
16658.0,368,1,123.24,4.822215178840431,2,Hibernating
16659.0,189,1,39.12,3.691874963093735,2,Hibernating
16660.0,16,4,1267.65,7.145708621949827,1,At Risk
16665.0,362,1,135.4,4.915591745409362,2,Hibernating
16666.0,19,1,118.98,4.787325062224947,1,At Risk
16667.0,68,2,567.1800000000001,6.342438269926957,1,At Risk
16668.0,15,6,306.72,5.729190278590734,1,At Risk
16669.0,24,2,1344.48,7.2045061056937945,1,At Risk
16670.0,17,11,4095.9,8.317985869145499,0,Loyal Customers
16671.0,28,3,1692.27,7.434416849630159,0,Loyal Customers
16672.0,2,20,8134.9400000000005,9.004046563069934,0,Loyal Customers
16674.0,55,2,304.24,5.721098352421432,1,At Risk
16676.0,34,4,1592.12,7.373449636639774,0,Loyal Customers
16678.0,3,12,3109.99,8.042696282491956,0,Loyal Customers
16679.0,366,1,129.75,4.873287102945032,2,Hibernating
16680.0,43,1,183.7,5.218732887205194,1,At Risk
16681.0,73,6,1770.3400000000001,7.479491601287774,0,Loyal Customers
16682.0,5,5,1028.0,6.9363427358340495,1,At Risk
16684.0,4,28,66653.56,11.107278740370788,0,Loyal Customers
16685.0,61,2,324.24,5.784563371339637,1,At Risk
16686.0,47,7,2959.88,7.993241800431319,0,Loyal Customers
16688.0,1,4,1260.8600000000001,7.1403421019236415,0,Loyal Customers
16689.0,76,2,422.6,6.048789613727251,1,At Risk
16690.0,72,2,225.58,5.423098083445343,1,At Risk
16692.0,256,2,1276.0,7.152268856032539,2,Hibernating
16693.0,69,2,477.86,6.171408279115973,1,At Risk
16696.0,135,4,657.9,6.490571777919774,1,At Risk
16697.0,241,1,112.75,4.7340030578310595,2,Hibernating
16698.0,227,2,1998.0,7.6004023345004,2,Hibernating
16700.0,9,13,5076.55,8.532584140771885,0,Loyal Customers
16701.0,9,13,5398.3,8.59402459452009,0,Loyal Customers
16705.0,1,20,14034.99,9.549380024249162,0,Loyal Customers
16706.0,37,3,531.35,6.277301167760616,1,At Risk
16708.0,46,1,656.63,6.488642463139346,1,At Risk
16709.0,85,5,3029.87,8.016604986002726,0,Loyal Customers
16710.0,19,10,2467.9900000000002,7.811564439114215,0,Loyal Customers
16711.0,3,5,1651.03,7.4097601137223315,0,Loyal Customers
16712.0,9,11,3603.66,8.18998273181772,0,Loyal Customers
16713.0,19,15,6910.78,8.840982481273644,0,Loyal Customers
16714.0,317,2,1114.06,7.016663494105616,2,Hibernating
16715.0,78,1,301.71999999999997,5.712808285863513,1,At Risk
16716.0,267,2,901.2,6.804836224974296,2,Hibernating
16717.0,24,6,3843.08,8.25428958152815,0,Loyal Customers
16718.0,369,1,606.0500000000001,6.408611159989984,2,Hibernating
16719.0,15,7,1770.22,7.479423853670205,0,Loyal Customers
16720.0,26,1,152.95,5.0366278743705095,1,At Risk
16721.0,262,1,292.47,5.681775419393111,2,Hibernating
16722.0,17,13,4730.81,8.46206307213662,0,Loyal Customers
16723.0,91,2,576.4,6.358535267228834,1,At Risk
16725.0,302,6,756.82,6.630445890424145,2,Hibernating
16726.0,26,5,1358.74,7.215048783982959,0,Loyal Customers
16727.0,364,1,256.32,5.550320446542799,2,Hibernating
16728.0,46,4,1048.28,6.955859493656283,1,At Risk
16729.0,38,21,7202.01,8.882254273198825,0,Loyal Customers
16730.0,52,3,743.11,6.612188873366803,1,At Risk
16732.0,32,1,603.75,6.404815149490137,1,At Risk
16734.0,52,3,646.76,6.473520257377859,1,At Risk
16735.0,79,5,2247.41,7.717978578725217,0,Loyal Customers
16737.0,53,1,417.6,6.0369158100119,1,At Risk
16738.0,298,1,3.75,1.55814461804655,2,Hibernating
16739.0,177,1,323.0,5.780743515792329,2,Hibernating
16743.0,29,7,2213.13,7.702614828798631,0,Loyal Customers
16744.0,11,7,1291.91,7.164650770780832,0,Loyal Customers
16745.0,87,17,7180.7,8.87929140281919,0,Loyal Customers
16746.0,5,18,6680.11,8.807039420391044,0,Loyal Customers
16747.0,38,2,836.0600000000001,6.729895752508072,1,At Risk
16748.0,18,5,1515.9,7.324424057597627,0,Loyal Customers
16750.0,45,5,623.93,6.437639643463933,1,At Risk
16751.0,31,1,1764.72,7.476313818197086,0,Loyal Customers
16752.0,373,1,207.5,5.339939041238856,2,Hibernating
16753.0,58,1,223.92000000000002,5.415744783424001,1,At Risk
16754.0,372,1,2002.4,7.602601016177664,2,Hibernating
16755.0,114,3,1475.43,7.2973822906459604,1,At Risk
16756.0,215,1,239.4,5.4823042026610525,2,Hibernating
16757.0,319,1,106.83000000000001,4.680555912893981,2,Hibernating
16758.0,65,1,369.34000000000003,5.91442150260967,1,At Risk
16759.0,8,3,789.79,6.673032445794151,1,At Risk
16761.0,97,1,316.62,5.760855699682501,1,At Risk
16762.0,20,3,1207.24,7.096920034258086,1,At Risk
16763.0,199,1,611.8499999999999,6.418120207787174,2,Hibernating
16764.0,4,13,2790.9500000000003,7.934495555412452,0,Loyal Customers
16765.0,294,1,34.0,3.5553480614894135,2,Hibernating
16766.0,273,2,1145.6,7.044556320474283,2,Hibernating
16767.0,31,11,5575.56,8.626327377813633,0,Loyal Customers
16768.0,48,3,478.09000000000003,6.17188847120203,1,At Risk
16769.0,260,1,361.54,5.893134813034773,2,Hibernating
16770.0,58,5,757.1,6.630815303062258,1,At Risk
16771.0,33,5,2230.61,7.710478577051134,0,Loyal Customers
16773.0,57,1,171.59,5.150918839543312,1,At Risk
16774.0,68,4,661.52,6.496050746083953,1,At Risk
16775.0,10,11,1691.51,7.433967913188473,0,Loyal Customers
16776.0,60,1,371.54,5.920344414604856,1,At Risk
16777.0,80,2,222.62,5.409948182719222,1,At Risk
16778.0,74,2,245.94,5.509145392139597,1,At Risk
16779.0,2,22,10611.72,9.26980856067564,0,Loyal Customers
16780.0,100,2,422.24,6.047939394035961,1,At Risk
16781.0,372,1,311.25,5.743804149005687,2,Hibernating
16782.0,10,13,2267.9500000000003,7.727072448397774,0,Loyal Customers
16784.0,20,1,107.6,4.687671407499835,1,At Risk
16788.0,123,2,592.74,6.386441513101758,1,At Risk
16789.0,8,1,80.80000000000001,4.404277243608702,1,At Risk
16790.0,4,6,1545.6200000000001,7.343827183683202,0,Loyal Customers
16791.0,29,7,1693.03,7.434865584618351,0,Loyal Customers
16792.0,282,2,110.38,4.7129477781615225,2,Hibernating
16793.0,57,1,243.84,5.500604935982869,1,At Risk
16794.0,1,10,1196.5,7.08799132928507,0,Loyal Customers
16795.0,365,1,414.88,6.030396757109769,2,Hibernating
16796.0,89,1,305.62,5.725609195882308,1,At Risk
16800.0,11,1,1162.65,7.0593168957906745,1,At Risk
16801.0,163,4,1594.23,7.374773205449993,1,At Risk
16803.0,65,1,332.3,5.809042985313694,1,At Risk
16804.0,23,3,536.99,6.287839972628443,1,At Risk
16805.0,174,2,460.59000000000003,6.134677051181064,2,Hibernating
16806.0,103,4,736.21,6.602872790543602,1,At Risk
16807.0,143,3,1121.59,7.02339379457603,1,At Risk
16808.0,99,2,288.42,5.667878920309847,1,At Risk
16809.0,23,5,914.69,6.81967787944687,1,At Risk
16810.0,192,1,309.54,5.738312717553024,2,Hibernating
16811.0,5,2,547.07,6.3064030160165885,1,At Risk
16812.0,361,1,479.35,6.174515004855747,2,Hibernating
16813.0,8,10,1652.18,7.410455984814581,0,Loyal Customers
16814.0,14,21,6406.8,8.765271277274856,0,Loyal Customers
16816.0,103,4,417.06,6.035624962893636,1,At Risk
16817.0,3,9,1604.75,7.381346216137902,0,Loyal Customers
16818.0,11,11,3349.57,8.116885759599102,0,Loyal Customers
16820.0,96,1,497.61,6.211824227045576,1,At Risk
16823.0,227,1,358.38,5.8843803244983075,2,Hibernating
16824.0,16,2,460.64,6.134785366552204,1,At Risk
16825.0,39,2,775.18,6.654384452047831,1,At Risk
16826.0,51,1,341.7,5.836855428880563,1,At Risk
16828.0,93,2,128.5,4.863680881139593,1,At Risk
16829.0,157,1,197.22,5.289377524978562,2,Hibernating
16830.0,39,1,325.91,5.789684903656904,1,At Risk
16832.0,184,3,199.15,5.299067085438582,2,Hibernating
16833.0,1,4,1106.53,7.0098875895885335,1,At Risk
16834.0,228,1,413.46,6.026976468109342,2,Hibernating
16835.0,128,2,180.85,5.2031821714329975,1,At Risk
16836.0,40,2,251.87,5.5328755226775,1,At Risk
16837.0,31,11,3170.98,8.062111277564622,0,Loyal Customers
16838.0,197,2,588.85,6.3798682672878515,2,Hibernating
16839.0,9,34,16594.35,9.716877814621636,0,Loyal Customers
16841.0,37,6,1869.82,7.534132116408228,0,Loyal Customers
16842.0,101,3,1264.19,7.142977587511544,1,At Risk
16843.0,43,16,10196.57,9.22990473559571,0,Loyal Customers
16846.0,50,1,214.32,5.372125293692757,1,At Risk
16847.0,43,1,193.44,5.270123632177254,1,At Risk
16848.0,53,1,281.42,5.643395324641106,1,At Risk
16849.0,187,1,124.57,4.8328633720008725,2,Hibernating
16850.0,334,1,332.41,5.809372963868082,2,Hibernating
16851.0,4,3,342.45,5.83904154065989,1,At Risk
16852.0,10,2,144.91,4.982989993275931,1,At Risk
16855.0,24,2,328.40000000000003,5.79727281774354,1,At Risk
16856.0,15,1,35.400000000000006,3.594568774642695,1,At Risk
16858.0,369,1,375.69000000000005,5.931422568022302,2,Hibernating
16859.0,145,2,747.81,6.618485279775063,1,At Risk
16861.0,60,2,173.76,5.163413604083235,1,At Risk
16863.0,31,2,502.8,6.22217936391851,1,At Risk
16866.0,141,3,207.74,5.341089458391906,1,At Risk
16869.0,23,4,817.12,6.707009025109966,1,At Risk
16871.0,22,6,2812.34,7.942127668587332,0,Loyal Customers
16872.0,77,3,680.02,6.523591674293888,1,At Risk
16873.0,5,6,7123.62,8.871311670381246,0,Loyal Customers
16875.0,67,5,2095.53,7.648038876071995,0,Loyal Customers
16877.0,12,6,846.62,6.742432422151628,1,At Risk
16878.0,84,1,13.3,2.6602595372658615,1,At Risk
16880.0,31,7,1491.43,7.308160942994333,0,Loyal Customers
16881.0,67,1,432.0,6.07073772800249,1,At Risk
16882.0,67,3,705.12,6.559785194721083,1,At Risk
16883.0,187,2,272.48,5.611228493045593,2,Hibernating
16884.0,38,2,429.84,6.0657367914825695,1,At Risk
16885.0,15,3,450.41,6.112376017438897,1,At Risk
16887.0,35,1,192.32999999999998,5.264398573344411,1,At Risk
16889.0,195,3,1578.67,7.364971243447073,2,Hibernating
16891.0,2,5,742.43,6.6112746121740065,1,At Risk
16892.0,1,5,518.19,6.25226990480378,1,At Risk
16893.0,367,1,145.93,4.989956282887855,2,Hibernating
16895.0,65,1,202.27,5.31453514457087,1,At Risk
16897.0,299,2,289.78,5.672566967503279,2,Hibernating
16898.0,26,3,501.03000000000003,6.218659878862289,1,At Risk
16899.0,8,6,1271.06,7.148392912598927,0,Loyal Customers
16900.0,17,3,887.11,6.789095609194309,1,At Risk
16902.0,116,1,1706.88,7.443008114269093,1,At Risk
16903.0,29,1,363.2,5.897703167293508,1,At Risk
16904.0,4,15,3634.95,8.19862570382768,0,Loyal Customers
16905.0,5,7,3037.6,8.019152162009666,0,Loyal Customers
16906.0,82,4,559.59,6.328989800540907,1,At Risk
16907.0,29,5,928.76,6.834926488326795,1,At Risk
16909.0,72,1,379.14,5.940539605922692,1,At Risk
16910.0,4,8,1508.96,7.3198384393918765,0,Loyal Customers
16912.0,29,11,2555.58,7.846425706813547,0,Loyal Customers
16913.0,290,1,113.44,4.74005066818191,2,Hibernating
16914.0,36,1,183.76,5.2190576855624045,1,At Risk
16915.0,9,6,621.6800000000001,6.4340327431676485,1,At Risk
16916.0,24,2,562.41,6.334007604663525,1,At Risk
16917.0,277,1,391.52,5.972587491338293,2,Hibernating
16918.0,50,6,1068.82,6.975245689005592,1,At Risk
16919.0,156,11,2592.25,7.8606671943119375,0,Loyal Customers
16921.0,61,1,154.18,5.044585733465803,1,At Risk
16923.0,12,19,7069.08,8.863627074243855,0,Loyal Customers
16924.0,21,3,829.89,6.722497415455896,1,At Risk
16926.0,371,1,230.25,5.443499376392535,2,Hibernating
16927.0,116,3,543.05,6.299041154397021,1,At Risk
16928.0,80,17,2806.75,7.940138729843145,0,Loyal Customers
16929.0,4,7,1295.39,7.167338757569021,0,Loyal Customers
16930.0,26,3,378.89,5.9398817371306265,1,At Risk
16931.0,5,21,4554.87,8.424171790358395,0,Loyal Customers
16932.0,53,1,150.23000000000002,5.018801856762649,1,At Risk
16933.0,1,2,563.23,6.335461969788099,1,At Risk
16934.0,55,2,931.03,6.837365003008744,1,At Risk
16936.0,26,1,261.9,5.571773731735836,1,At Risk
16938.0,9,4,2711.6800000000003,7.905692355094029,0,Loyal Customers
16940.0,52,3,3049.88,8.023185352576407,0,Loyal Customers
16942.0,13,9,1904.99,7.5527568376106675,0,Loyal Customers
16943.0,212,3,816.73,6.706532208766916,2,Hibernating
16945.0,22,19,4345.5,8.377126202519118,0,Loyal Customers
16947.0,236,1,406.48,6.009991851721866,2,Hibernating
16948.0,139,3,435.02,6.0776881138566,1,At Risk
16949.0,4,6,1286.27,7.160278975803028,0,Loyal Customers
16950.0,57,3,1178.56,7.072896766566239,1,At Risk
16951.0,135,3,1277.75,7.153638317265837,1,At Risk
16952.0,109,2,167.61,5.127588355789889,1,At Risk
16953.0,30,1,20.8,3.0819099697950434,1,At Risk
16954.0,1,9,2085.08,7.643041985736175,0,Loyal Customers
16955.0,185,4,518.67,6.25319399473728,2,Hibernating
16956.0,18,1,308.74,5.735733235888028,1,At Risk
16957.0,239,2,416.64,6.03461981742191,2,Hibernating
16959.0,87,1,117.35000000000001,4.773646335959993,1,At Risk
16960.0,39,3,505.1,6.226734278220032,1,At Risk
16961.0,116,1,234.17000000000002,5.46030865686874,1,At Risk
16963.0,187,1,110.55000000000001,4.714472920878541,2,Hibernating
16965.0,227,1,192.07,5.263052817447726,2,Hibernating
16966.0,8,7,2154.97,7.675996017275306,0,Loyal Customers
16967.0,189,1,319.02,5.768383493840728,2,Hibernating
16968.0,4,2,439.43,6.087751522419478,1,At Risk
16969.0,39,3,650.41,6.479139244274806,1,At Risk
16971.0,38,1,357.21,5.881119406601529,1,At Risk
16976.0,267,1,251.51999999999998,5.5314904534994245,2,Hibernating
16978.0,78,1,344.33,5.84450048159508,1,At Risk
16979.0,4,6,1852.0,7.52456122628536,0,Loyal Customers
16980.0,255,2,1028.46,6.936789671900485,2,Hibernating
16982.0,61,1,384.06,5.95339916630119,1,At Risk
16983.0,13,7,1905.87,7.5532184333763785,0,Loyal Customers
16984.0,88,2,4459.52,8.40302063014605,0,Loyal Customers
16985.0,17,10,5464.12,8.606141358283566,0,Loyal Customers
16986.0,30,2,1873.2,7.535937180689723,0,Loyal Customers
16987.0,3,7,1616.8,7.388822480583852,0,Loyal Customers
16988.0,5,1,126.12,4.845131522228461,1,At Risk
16989.0,7,6,1133.25,7.033726918544073,0,Loyal Customers
16990.0,219,1,179.0,5.19295685089021,2,Hibernating
16992.0,11,5,1614.31,7.38728216770102,0,Loyal Customers
16996.0,30,6,1456.96,7.284793477350012,0,Loyal Customers
16997.0,288,3,702.0,6.555356891810665,2,Hibernating
16998.0,150,4,295.0,5.69035945432406,1,At Risk
16999.0,23,2,484.82,6.185838184926078,1,At Risk
17001.0,1,11,3989.57,8.291689356823657,0,Loyal Customers
17002.0,86,3,1493.73,7.309700867507591,1,At Risk
17004.0,46,2,1312.1399999999999,7.180176494665863,1,At Risk
17006.0,5,4,781.78,6.6628516858853635,1,At Risk
17007.0,51,6,889.9300000000001,6.7922658609726465,1,At Risk
17010.0,18,1,195.36,5.279949709189852,1,At Risk
17011.0,30,1,270.9,5.605434351638425,1,At Risk
17014.0,8,3,583.4300000000001,6.370637013261223,1,At Risk
17015.0,29,3,1838.61,7.517308871615334,0,Loyal Customers
17017.0,3,20,8694.26,9.070533328583988,0,Loyal Customers
17018.0,41,2,920.1,6.82556860799419,1,At Risk
17019.0,11,4,1258.08,7.138136574519652,1,At Risk
17022.0,31,1,71.0,4.276666119016055,1,At Risk
17024.0,45,3,95.85,4.573163389853005,1,At Risk
17025.0,61,3,357.77,5.882681514648826,1,At Risk
17026.0,185,2,154.83,5.048765669457524,2,Hibernating
17027.0,79,6,877.5600000000001,6.778284203530562,1,At Risk
17029.0,111,2,716.0,6.57507584059962,1,At Risk
17030.0,64,1,146.87,4.996333509385396,1,At Risk
17031.0,12,2,380.35,5.943717588610248,1,At Risk
17033.0,86,3,1030.14,6.9384202652929305,1,At Risk
17034.0,16,3,745.52,6.615422408314929,1,At Risk
17035.0,246,2,433.53000000000003,6.07426498720113,2,Hibernating
17037.0,88,1,1267.32,7.145448469088846,1,At Risk
17038.0,30,1,112.4,4.730921391293652,1,At Risk
17040.0,138,1,449.73,6.110868490605405,1,At Risk
17041.0,27,3,1071.49,6.977738326749379,1,At Risk
17042.0,3,5,1036.58,6.944646357565886,1,At Risk
17043.0,32,4,1735.18,7.459442576481153,0,Loyal Customers
17044.0,25,1,948.48,6.855914466312751,1,At Risk
17045.0,113,3,339.44,5.83023889860876,1,At Risk
17046.0,157,1,642.02,6.466175827952961,1,At Risk
17047.0,85,3,1100.9,7.004791241493732,1,At Risk
17048.0,118,3,925.35,6.831252132996021,1,At Risk
17049.0,3,9,5655.03,8.64047751166418,0,Loyal Customers
17050.0,96,6,3185.64,8.066722349141488,0,Loyal Customers
17051.0,194,1,240.89,5.48848307736504,2,Hibernating
17052.0,28,1,399.09,5.9916895217992785,1,At Risk
17053.0,131,1,498.48,6.213567557246944,1,At Risk
17054.0,28,5,1356.33,7.213274813763555,0,Loyal Customers
17058.0,82,3,1179.89,7.074023670453844,1,At Risk
17059.0,30,5,3080.39,8.033136072864288,0,Loyal Customers
17060.0,266,1,234.24,5.460606269591755,2,Hibernating
17061.0,74,11,5232.2300000000005,8.56278395725042,0,Loyal Customers
17062.0,314,4,528.29,6.271536485808084,2,Hibernating
17063.0,21,7,1461.14,7.287656394959027,0,Loyal Customers
17064.0,59,3,855.45,6.752795938943994,1,At Risk
17068.0,12,21,4545.89,8.422198761757588,0,Loyal Customers
17069.0,28,9,2709.7000000000003,7.904962183102404,0,Loyal Customers
17070.0,114,1,304.24,5.721098352421432,1,At Risk
17071.0,28,9,2429.03,7.795658881937399,0,Loyal Customers
17073.0,18,4,1444.84,7.276445746527383,0,Loyal Customers
17075.0,18,4,834.12,6.727575427100043,1,At Risk
17076.0,36,3,841.0799999999999,6.735875021605469,1,At Risk
17078.0,36,2,375.86,5.931873765694345,1,At Risk
17079.0,78,1,118.80000000000001,4.785823685681349,1,At Risk
17080.0,22,2,287.62,5.665110944007932,1,At Risk
17081.0,25,2,288.91,5.669570529986012,1,At Risk
17082.0,33,2,2003.8500000000001,7.603324523974459,0,Loyal Customers
17083.0,109,3,1405.78,7.249058683836842,1,At Risk
17084.0,35,2,2747.9900000000002,7.918988850472198,0,Loyal Customers
17085.0,123,5,1562.4,7.35461821578623,0,Loyal Customers
17086.0,7,6,2050.08,7.626121762674929,0,Loyal Customers
17088.0,28,4,1991.01,7.596899458212264,0,Loyal Customers
17090.0,4,7,1974.65,7.588652737113165,0,Loyal Customers
17091.0,3,9,3827.76,8.250296269962053,0,Loyal Customers
17092.0,50,4,1774.03,7.48157260317514,0,Loyal Customers
17094.0,322,1,302.0,5.713732805509369,2,Hibernating
17095.0,23,3,1324.16,7.18928848584704,1,At Risk
17096.0,15,4,1022.13,6.930621835101851,1,At Risk
17097.0,2,8,954.42,6.862151034377116,0,Loyal Customers
17100.0,18,2,971.74,6.880116831678181,1,At Risk
17101.0,10,4,1621.73,7.391865195080271,0,Loyal Customers
17102.0,262,1,25.5,3.2771447329921766,2,Hibernating
17105.0,159,2,665.78,6.50246015642561,1,At Risk
17107.0,33,6,10797.48,9.287160662466663,0,Loyal Customers
17109.0,29,6,881.29,6.782520800150454,1,At Risk
17110.0,165,1,163.29999999999998,5.101694025043222,2,Hibernating
17111.0,47,1,231.61,5.449363231421816,1,At Risk
17114.0,6,8,801.12,6.687258222608833,1,At Risk
17115.0,8,3,837.5,6.731614581263264,1,At Risk
17117.0,288,1,116.2,4.763881877142913,2,Hibernating
17118.0,318,1,157.02,5.062721607294587,2,Hibernating
17119.0,3,2,606.91,6.410026844693401,1,At Risk
17120.0,233,1,307.46,5.731592175295468,2,Hibernating
17122.0,119,1,138.32,4.9367734454978,1,At Risk
17123.0,162,1,345.3,5.847305451408376,2,Hibernating
17124.0,185,1,294.24,5.687788584901852,2,Hibernating
17125.0,50,1,230.5,5.444579873526289,1,At Risk
17126.0,152,5,989.45,6.89815938530869,1,At Risk
17128.0,335,1,157.09,5.063164491108096,2,Hibernating
17131.0,5,5,2463.17,7.8096103157799615,0,Loyal Customers
17133.0,16,7,4892.240000000001,8.495609939749013,0,Loyal Customers
17134.0,107,2,413.2,6.026348948961484,1,At Risk
17135.0,16,7,1139.73,7.039423687328594,0,Loyal Customers
17138.0,276,1,380.5,5.9441108507245115,2,Hibernating
17139.0,16,12,10650.77,9.273481354511448,0,Loyal Customers
17140.0,247,1,454.12,6.1205611204423915,2,Hibernating
17142.0,239,1,579.0,6.363028103540465,2,Hibernating
17144.0,1,2,984.57,6.893220154004312,1,At Risk
17146.0,106,3,749.78,6.621112666105018,1,At Risk
17147.0,23,4,1714.59,7.447512323761201,0,Loyal Customers
17148.0,52,1,124.88,4.835329072196206,1,At Risk
17152.0,195,3,1689.5,7.43277962214794,2,Hibernating
17153.0,24,1,213.78,5.369614248430071,1,At Risk
17154.0,75,1,329.34,5.800122427092944,1,At Risk
17155.0,18,2,251.7,5.532203014394148,1,At Risk
17157.0,8,2,319.0,5.768320995793772,1,At Risk
17158.0,32,3,1266.97,7.145172475411292,1,At Risk
17159.0,22,3,1538.88,7.33945977029367,0,Loyal Customers
17160.0,31,6,3518.03,8.165940662434437,0,Loyal Customers
17162.0,29,10,1715.46,7.448019309392898,0,Loyal Customers
17163.0,22,2,293.1,5.68391984555995,1,At Risk
17164.0,33,7,2467.35,7.811305190205457,0,Loyal Customers
17165.0,284,1,158.68,5.073171812563154,2,Hibernating
17166.0,39,2,206.34,5.334359957894966,1,At Risk
17169.0,58,2,835.78,6.729561192451421,1,At Risk
17171.0,289,1,224.91,5.420136689869131,2,Hibernating
17172.0,79,1,317.76,5.764438468529548,1,At Risk
17173.0,5,8,3766.6,8.234193472948663,0,Loyal Customers
17174.0,218,1,59.9,4.109233174715851,2,Hibernating
17175.0,44,4,1443.69,7.275650044659092,0,Loyal Customers
17176.0,202,1,306.13,5.7272711107251055,2,Hibernating
17179.0,178,3,711.79,6.569186846877494,2,Hibernating
17180.0,56,4,783.97,6.665645500491627,1,At Risk
17181.0,57,2,239.92000000000002,5.4844649281755204,1,At Risk
17183.0,8,6,3347.31,8.116211019915529,0,Loyal Customers
17186.0,47,2,144.0,4.976733742420574,1,At Risk
17187.0,227,1,203.95,5.322766046950346,2,Hibernating
17188.0,11,7,2474.23,7.814088599978061,0,Loyal Customers
17189.0,106,2,383.75,5.952593772718989,1,At Risk
17190.0,59,2,444.74,6.09973582239177,1,At Risk
17191.0,28,7,2093.68,7.647156076059518,0,Loyal Customers
17193.0,36,7,1699.3,7.43855998506344,0,Loyal Customers
17194.0,361,1,226.78,5.428380250846205,2,Hibernating
17197.0,30,1,1013.01,6.921668046035439,1,At Risk
17198.0,24,3,692.22,6.541347409127499,1,At Risk
17201.0,54,1,289.78000000000003,5.67256696750328,1,At Risk
17203.0,36,6,3560.08,8.17781914862498,0,Loyal Customers
17204.0,175,4,1564.56,7.355998866445309,1,At Risk
17205.0,54,1,384.08,5.953451104909766,1,At Risk
17206.0,53,1,204.24,5.324180026073764,1,At Risk
17211.0,27,8,2317.2200000000003,7.748554928800743,0,Loyal Customers
17212.0,253,1,226.85,5.428687517709892,2,Hibernating
17213.0,40,7,2781.23,7.931008043401064,0,Loyal Customers
17214.0,60,6,1059.1200000000001,6.966137388245792,1,At Risk
17217.0,234,1,113.5,4.740574822994295,2,Hibernating
17218.0,4,10,1951.97,7.577106569775595,0,Loyal Customers
17219.0,32,1,114.23,4.746930131025923,1,At Risk
17220.0,24,14,3187.55,8.067321546987245,0,Loyal Customers
17221.0,7,2,334.48,5.815562342116211,1,At Risk
17222.0,65,1,328.65,5.798031485559308,1,At Risk
17223.0,310,2,381.89,5.947747741662709,2,Hibernating
17226.0,309,1,393.49,5.977593791422191,2,Hibernating
17227.0,19,6,939.32,6.84622024286434,1,At Risk
17228.0,16,8,1906.09,7.553333799033199,0,Loyal Customers
17229.0,96,2,318.76,5.767570714403068,1,At Risk
17230.0,264,8,3638.41,8.199576859581033,2,Hibernating
17231.0,12,10,3124.72,8.047419935632497,0,Loyal Customers
17232.0,3,2,417.77,6.037321843192776,1,At Risk
17233.0,35,1,190.88,5.256870176633863,1,At Risk
17234.0,183,1,149.89,5.01655109452556,2,Hibernating
17235.0,25,2,550.0600000000001,6.311843696146471,1,At Risk
17236.0,13,6,916.13,6.821249228838842,1,At Risk
17237.0,11,2,314.69,5.754760719420831,1,At Risk
17238.0,3,17,3719.1,8.221505828626315,0,Loyal Customers
17239.0,313,1,382.5,5.949339620807311,2,Hibernating
17242.0,108,2,1135.04,7.0353038099288,1,At Risk
17243.0,1,26,8531.65,9.05165526046812,0,Loyal Customers
17244.0,53,1,954.9,6.862653305069717,1,At Risk
17245.0,205,1,171.45000000000002,5.15010733938285,2,Hibernating
17247.0,15,1,280.09000000000003,5.6386749027510605,1,At Risk
17248.0,120,1,318.65,5.767226647212736,1,At Risk
17250.0,4,2,381.97,5.947956657131048,1,At Risk
17251.0,363,1,269.83,5.601491317767735,2,Hibernating
17252.0,117,2,348.90999999999997,5.857675978559423,1,At Risk
17253.0,18,1,178.26,5.188837265929216,1,At Risk
17254.0,5,2,271.19,5.606500351849647,1,At Risk
17255.0,41,2,291.48,5.678396288265786,1,At Risk
17256.0,107,2,240.0,5.484796933490655,1,At Risk
17259.0,148,2,581.23,6.366865558668267,1,At Risk
17262.0,52,5,1253.3600000000001,7.134380761332616,1,At Risk
17263.0,208,1,63.440000000000005,4.165734558308774,2,Hibernating
17265.0,139,2,550.01,6.311752957808554,1,At Risk
17266.0,2,3,296.58,5.695683096399551,1,At Risk
17267.0,127,2,317.2,5.762680115903686,1,At Risk
17268.0,108,4,763.64,6.639405134829848,1,At Risk
17272.0,42,4,2148.63,7.673051013288749,0,Loyal Customers
17274.0,35,1,107.82,4.689695141057779,1,At Risk
17277.0,228,2,1065.3500000000001,6.9719968810436015,2,Hibernating
17278.0,241,1,246.04000000000002,5.509550266836412,2,Hibernating
17279.0,58,1,187.82999999999998,5.240847139393487,1,At Risk
17282.0,130,3,1685.46,7.430386936461763,1,At Risk
17284.0,60,6,1647.48,7.407608930196758,0,Loyal Customers
17286.0,22,1,151.37,5.026311773481264,1,At Risk
17287.0,26,7,1049.06,6.956602584376121,0,Loyal Customers
17288.0,9,7,1417.6299999999999,7.257446896154699,0,Loyal Customers
17289.0,32,3,931.02,6.837354273682813,1,At Risk
17290.0,4,2,513.01,6.242242720518832,1,At Risk
17291.0,308,1,550.8000000000001,6.313185661783185,2,Hibernating
17293.0,8,9,1854.06,7.525672319531924,0,Loyal Customers
17295.0,29,3,547.0,6.306275286948016,1,At Risk
17297.0,17,1,128.18,4.861206780604327,1,At Risk
17298.0,101,2,498.42,6.21344742510144,1,At Risk
17299.0,12,4,656.61,6.4886120504389995,1,At Risk
17301.0,21,1,163.24,5.101328772710678,1,At Risk
17302.0,15,5,1135.63,7.035823023024634,1,At Risk
17303.0,361,1,250.04,5.525612288984722,2,Hibernating
17306.0,11,19,8631.31,9.063267419175418,0,Loyal Customers
17309.0,95,1,82.75,4.427836170705175,1,At Risk
17311.0,78,2,1384.85,7.234068948784864,1,At Risk
17312.0,139,3,644.3,6.469715324941794,1,At Risk
17313.0,31,1,2328.84,7.7535548746739895,0,Loyal Customers
17314.0,25,8,2527.92,7.835547613113086,0,Loyal Customers
17315.0,2,38,6271.15,8.743874477560592,0,Loyal Customers
17317.0,46,3,2600.34,7.863781975859922,0,Loyal Customers
17320.0,100,3,1200.6200000000001,7.091425925345387,1,At Risk
17321.0,8,2,657.16,6.489448062860675,1,At Risk
17323.0,15,7,903.12,6.806962094945388,1,At Risk
17324.0,18,4,986.48,6.895156243405622,1,At Risk
17325.0,280,1,96.8,4.582924577040772,2,Hibernating
17329.0,14,2,523.11,6.261701585954275,1,At Risk
17330.0,23,2,363.9,5.899623343442402,1,At Risk
17331.0,124,1,175.2,5.171619713502079,1,At Risk
17333.0,86,1,494.25,6.20506268557866,1,At Risk
17334.0,302,2,307.02000000000004,5.73016471593032,2,Hibernating
17337.0,151,4,1979.61,7.591160157049514,0,Loyal Customers
17338.0,17,8,6484.75,8.777362741566895,0,Loyal Customers
17339.0,94,2,243.36,5.498642547781566,1,At Risk
17340.0,30,11,12353.29,9.421758650158734,0,Loyal Customers
17341.0,157,3,682.29,6.5269193668194045,1,At Risk
17343.0,355,1,193.64,5.271151698475267,2,Hibernating
17344.0,46,1,157.62,5.066511404655174,1,At Risk
17345.0,15,4,519.6899999999999,6.255154855067978,1,At Risk
17346.0,4,15,2622.88,7.872409417310936,0,Loyal Customers
17347.0,86,1,228.96,5.43790538075509,1,At Risk
17348.0,15,5,1156.6,7.054104175317274,1,At Risk
17349.0,179,1,98.25,4.5976419195673,2,Hibernating
17350.0,8,4,1281.32,7.156426216317626,0,Loyal Customers
17351.0,36,3,587.15,6.37698201740645,1,At Risk
17353.0,129,2,1740.0,7.462214939768189,1,At Risk
17354.0,51,1,1393.06,7.239975632001093,1,At Risk
17356.0,312,1,178.22,5.188614101456073,2,Hibernating
17357.0,24,2,384.39,5.954255808575653,1,At Risk
17358.0,303,2,360.81,5.891119212159107,2,Hibernating
17359.0,11,1,127.86,4.858726543710496,1,At Risk
17360.0,17,3,568.24,6.344302137815459,1,At Risk
17361.0,49,3,488.2,6.192771403813017,1,At Risk
17362.0,239,2,312.23,5.746937744970129,2,Hibernating
17364.0,1,11,4462.68,8.40372881690387,0,Loyal Customers
17365.0,13,8,4762.32,8.468700183091634,0,Loyal Customers
17367.0,238,1,167.55,5.12723244168007,2,Hibernating
17368.0,23,8,1878.87,7.538957904496927,0,Loyal Customers
17370.0,73,4,446.18,6.102961198121657,1,At Risk
17371.0,17,3,418.4,6.03882511846782,1,At Risk
17372.0,41,8,1337.18,7.199065760787922,0,Loyal Customers
17373.0,40,4,646.92,6.473767231940735,1,At Risk
17374.0,219,2,495.77,6.208127142322502,2,Hibernating
17375.0,199,3,400.1,5.9942107727760074,2,Hibernating
17376.0,71,2,203.2,5.319099905730565,1,At Risk
17377.0,24,20,4058.32,8.30877075088342,0,Loyal Customers
17379.0,11,1,389.71999999999997,5.96799119092234,1,At Risk
17381.0,9,29,20275.61,9.917223283969056,0,Loyal Customers
17382.0,65,1,65.4,4.1956970564823886,1,At Risk
17383.0,4,1,193.39000000000001,5.269866450374021,1,At Risk
17384.0,19,2,336.4,5.821269170111868,1,At Risk
17385.0,15,1,256.11,5.549504008886889,1,At Risk
17386.0,8,6,2686.42,7.896336904550998,0,Loyal Customers
17387.0,20,2,746.81,6.617148935013109,1,At Risk
17388.0,78,4,1259.56,7.13931134565379,1,At Risk
17389.0,1,34,31833.68,10.36831154057086,0,Loyal Customers
17391.0,164,2,508.8,6.234018491942015,2,Hibernating
17392.0,307,2,411.27,6.021678474513991,2,Hibernating
17394.0,219,1,203.86999999999998,5.3223756316411075,2,Hibernating
17396.0,39,7,7312.8,8.897518253517294,0,Loyal Customers
17397.0,22,2,681.41,6.52563065023188,1,At Risk
17398.0,115,3,653.38,6.483688222474311,1,At Risk
17400.0,126,5,2097.84,7.649140090140571,0,Loyal Customers
17402.0,5,13,2633.85,7.8765815333589115,0,Loyal Customers
17403.0,36,1,263.92,5.579427893616779,1,At Risk
17404.0,4,15,31876.82,10.36966574913567,0,Loyal Customers
17405.0,1,3,1031.41,6.9396511539657,1,At Risk
17406.0,333,3,2184.42,7.689563308737489,2,Hibernating
17408.0,163,1,32.65,3.5160130560907366,2,Hibernating
17409.0,185,2,771.85,6.6500849805983275,2,Hibernating
17410.0,16,5,1214.72,7.1030917728535865,0,Loyal Customers
17411.0,12,3,778.94,6.659216993647982,1,At Risk
17412.0,3,7,1258.06,7.138120689779327,0,Loyal Customers
17414.0,44,2,778.0,6.658011045870748,1,At Risk
17415.0,80,1,507.84,6.23213362528801,1,At Risk
17416.0,30,7,6893.42,8.838467667762448,0,Loyal Customers
17418.0,42,2,463.46000000000004,6.1408754404446775,1,At Risk
17419.0,11,12,4226.57,8.349382638885205,0,Loyal Customers
17420.0,50,3,598.83,6.3966462817363405,1,At Risk
17422.0,16,6,1979.37,7.591038974917671,0,Loyal Customers
17423.0,46,2,698.41,6.550237122496749,1,At Risk
17425.0,19,2,759.1700000000001,6.63354209247732,1,At Risk
17426.0,8,6,5037.26,8.524816063361785,0,Loyal Customers
17427.0,72,1,100.8,4.623010104116422,1,At Risk
17428.0,1,28,17256.85,9.756022391409203,0,Loyal Customers
17429.0,128,3,524.9200000000001,6.265149109915909,1,At Risk
17430.0,33,2,265.76,5.586349377764106,1,At Risk
17431.0,313,1,403.3,6.002157176646725,2,Hibernating
17432.0,18,2,365.76,5.9047076831817,1,At Risk
17433.0,88,1,303.16,5.717553878740119,1,At Risk
17434.0,2,7,2373.82,7.77267692412289,0,Loyal Customers
17436.0,2,2,216.3,5.3812788872623845,1,At Risk
17438.0,254,1,388.45000000000005,5.9647354873659575,2,Hibernating
17440.0,157,3,186.42000000000002,5.233352087695677,2,Hibernating
17442.0,37,6,2248.56,7.7184899205194295,0,Loyal Customers
17443.0,220,1,534.24,6.282715244436788,2,Hibernating
17444.0,148,3,2940.04,7.9865185392775535,0,Loyal Customers
17446.0,177,2,120.89999999999999,4.803201036487226,2,Hibernating
17447.0,40,2,541.53,6.296243383424822,1,At Risk
17449.0,2,7,2516.21,7.830906424312931,0,Loyal Customers
17450.0,8,46,194390.79,12.17763093760637,3,Champions
17451.0,1,7,1721.4,7.451473946050154,0,Loyal Customers
17453.0,18,2,486.72,6.189741470692064,1,At Risk
17454.0,192,4,517.53,6.25099788520506,2,Hibernating
17455.0,204,1,131.7,4.888090941338162,2,Hibernating
17456.0,365,1,249.86,5.524895014596528,2,Hibernating
17457.0,127,5,1737.7,7.460892986533744,0,Loyal Customers
17458.0,15,1,316.5,5.760477818332746,1,At Risk
17459.0,43,2,657.3,6.489660754473831,1,At Risk
17460.0,94,6,622.4300000000001,6.435236489370733,1,At Risk
17461.0,23,3,735.82,6.602343628980947,1,At Risk
17462.0,60,2,675.69,6.517213265531828,1,At Risk
17463.0,16,5,1875.8600000000001,7.537355446697666,0,Loyal Customers
17464.0,158,1,289.96000000000004,5.673185800678734,2,Hibernating
17466.0,10,2,763.28,6.638934214171274,1,At Risk
17468.0,10,2,137.0,4.927253685157205,1,At Risk
17469.0,16,5,1870.97,7.5347466312681,0,Loyal Customers
17470.0,45,5,1125.07,7.02648897373005,1,At Risk
17472.0,191,3,697.54,6.548992442626483,2,Hibernating
17475.0,79,1,194.37,5.274895196603544,1,At Risk
17480.0,78,1,511.82,6.239924906405982,1,At Risk
17481.0,4,4,1255.59,7.136156981955326,1,At Risk
17483.0,65,3,414.04,6.028374901128079,1,At Risk
17486.0,261,1,396.87,5.986125318762377,2,Hibernating
17489.0,59,2,376.64,5.933941360864316,1,At Risk
17490.0,1,7,2092.32,7.646506601347098,0,Loyal Customers
17491.0,1,10,3558.87,8.177479306325386,0,Loyal Customers
17492.0,248,1,374.57,5.92844487193968,2,Hibernating
17495.0,8,2,497.56,6.211723943242329,1,At Risk
17496.0,359,1,271.05,5.605985872931934,2,Hibernating
17498.0,76,1,272.21999999999997,5.610277331459341,1,At Risk
17499.0,290,1,622.88,6.435958042183625,2,Hibernating
17500.0,17,3,1138.0,7.037905963447182,1,At Risk
17501.0,221,2,288.6,5.668500660511562,2,Hibernating
17502.0,9,4,689.1,6.536836514626557,1,At Risk
17503.0,3,2,558.96,6.327865352606625,1,At Risk
17504.0,206,9,2997.03,8.00571068528359,0,Loyal Customers
17505.0,162,2,1145.8400000000001,7.0447656130660885,1,At Risk
17506.0,76,1,302.2,5.714392653768217,1,At Risk
17507.0,262,2,605.58,6.407836624054821,2,Hibernating
17508.0,281,1,387.31,5.961803989689555,2,Hibernating
17509.0,58,8,6083.64,8.713522841798035,0,Loyal Customers
17510.0,25,1,308.48,5.7348934696812535,1,At Risk
17511.0,3,31,91062.38,11.419311026583387,0,Loyal Customers
17512.0,29,10,2924.9900000000002,7.981388163939233,0,Loyal Customers
17513.0,72,1,513.2,6.2426122948317895,1,At Risk
17514.0,128,1,208.65,5.345439473616771,1,At Risk
17515.0,31,4,639.02,6.461499425865447,1,At Risk
17516.0,15,5,764.88,6.641025499505004,1,At Risk
17517.0,309,1,153.94,5.043037945203756,2,Hibernating
17519.0,17,6,1844.02,7.520245396524275,0,Loyal Customers
17520.0,54,1,546.81,6.305928511499892,1,At Risk
17521.0,30,3,723.21,6.585081405576444,1,At Risk
17522.0,2,5,1066.15,6.972746822489577,1,At Risk
17523.0,11,4,652.74,6.48270971889503,1,At Risk
17524.0,361,1,145.0,4.983606621708336,2,Hibernating
17525.0,360,1,422.7,6.049025657632513,2,Hibernating
17526.0,5,4,1195.8999999999999,7.087490159879325,1,At Risk
17527.0,54,4,939.37,6.8462734148384685,1,At Risk
17528.0,1,8,3628.5,8.196850176724896,0,Loyal Customers
17530.0,1,10,2362.53,7.767911543192718,0,Loyal Customers
17531.0,190,1,296.7,5.69608626802173,2,Hibernating
17534.0,54,1,223.36,5.413251904640136,1,At Risk
17535.0,280,1,164.4,5.108366782589591,2,Hibernating
17536.0,177,1,76.5,4.350277936359301,2,Hibernating
17537.0,30,2,887.6700000000001,6.789725963001244,1,At Risk
17538.0,26,1,98.42,4.599353300666527,1,At Risk
17540.0,25,2,578.9,6.362855674882395,1,At Risk
17542.0,270,1,170.75,5.146039931102459,2,Hibernating
17545.0,43,3,642.32,6.466642267627447,1,At Risk
17548.0,234,1,103.3,4.647271362006727,2,Hibernating
17549.0,24,2,148.86,5.0097015249361645,1,At Risk
17550.0,197,3,267.16,5.591583817293718,2,Hibernating
17551.0,359,1,290.34,5.674490970020802,2,Hibernating
17552.0,60,4,930.41,6.836699567016301,1,At Risk
17553.0,130,1,1487.6,7.305591359925811,1,At Risk
17554.0,1,5,1952.45,7.577352319081822,0,Loyal Customers
17555.0,20,2,480.31,6.176511553155347,1,At Risk
17556.0,206,1,157.9,5.0682750735426705,2,Hibernating
17557.0,14,3,541.46,6.29611434997733,1,At Risk
17560.0,95,4,854.95,6.7522119632207875,1,At Risk
17561.0,19,1,165.12,5.1127104187625525,1,At Risk
17562.0,14,7,1122.38,7.024097276842117,0,Loyal Customers
17564.0,24,3,454.01,6.120319396731415,1,At Risk
17566.0,8,2,869.77,6.769377877687473,1,At Risk
17567.0,7,8,4331.48,8.373895405306746,0,Loyal Customers
17569.0,332,1,344.14,5.843950131819433,2,Hibernating
17571.0,50,4,1424.42,7.262221786118486,0,Loyal Customers
17572.0,71,4,226.75000000000003,5.428248536140067,1,At Risk
17573.0,29,3,380.6,5.944372939574132,1,At Risk
17574.0,243,1,185.65,5.229235205360593,2,Hibernating
17576.0,8,19,3564.83,8.179152124824576,0,Loyal Customers
17578.0,218,1,143.45999999999998,4.973002652622701,2,Hibernating
17579.0,5,3,448.90000000000003,6.109025335847127,1,At Risk
17580.0,253,3,212.77,5.364900670691189,2,Hibernating
17581.0,1,25,11025.24,9.308033165645913,0,Loyal Customers
17582.0,236,1,175.27,5.1720169104318625,2,Hibernating
17584.0,7,2,1242.3,7.125524413958892,1,At Risk
17585.0,109,4,1116.68,7.019010387342232,1,At Risk
17588.0,100,3,1240.2,7.123833932574225,1,At Risk
17589.0,60,4,2402.92,7.784856017231161,0,Loyal Customers
17590.0,2,3,1466.77,7.2914995211502145,0,Loyal Customers
17591.0,73,7,2203.67,7.698333116816846,0,Loyal Customers
17593.0,4,5,3923.86,8.275085960790554,0,Loyal Customers
17594.0,85,2,993.1800000000001,6.901918276781505,1,At Risk
17595.0,12,2,386.69,5.960206051205209,1,At Risk
17596.0,23,7,2806.69,7.9401173601909,0,Loyal Customers
17597.0,214,1,2044.3700000000001,7.623333981206562,2,Hibernating
17600.0,18,1,161.67000000000002,5.091723608778362,1,At Risk
17601.0,239,1,116.00999999999999,4.7622594012308666,2,Hibernating
17602.0,2,6,5054.42,8.52821621405653,0,Loyal Customers
17603.0,78,1,394.72,5.980706890455022,1,At Risk
17604.0,217,2,309.36,5.737732914025749,2,Hibernating
17608.0,33,2,191.99,5.2626383740910185,1,At Risk
17609.0,41,5,1098.28,7.002410699023519,1,At Risk
17611.0,7,15,3961.12,8.2845345145333,0,Loyal Customers
17612.0,53,6,2048.45,7.625326743452606,0,Loyal Customers
17613.0,23,14,4544.55,8.421904011391415,0,Loyal Customers
17614.0,57,1,386.32,5.959251224743331,1,At Risk
17615.0,130,3,329.6,5.8009091853869235,1,At Risk
17616.0,174,3,571.1999999999999,6.3494885806160095,2,Hibernating
17618.0,6,3,930.28,6.836559983939986,1,At Risk
17619.0,312,1,214.37,5.372357479256501,2,Hibernating
17620.0,60,1,81.44,4.412070756022258,1,At Risk
17621.0,21,3,1379.9,7.230490739491305,1,At Risk
17623.0,33,1,527.05,6.269190976192483,1,At Risk
17624.0,15,2,843.48,6.7387210533149595,1,At Risk
17625.0,18,4,2020.4,7.611545619640562,0,Loyal Customers
17628.0,81,1,75.75,4.340553386467307,1,At Risk
17629.0,6,8,1814.1200000000001,7.503906860215884,0,Loyal Customers
17630.0,170,2,503.6,6.223766036206958,2,Hibernating
17631.0,2,3,528.33,6.271612055889925,1,At Risk
17633.0,31,4,1324.84,7.189801499815289,1,At Risk
17634.0,36,9,2358.59,7.766243154113498,0,Loyal Customers
17636.0,19,1,285.56,5.657947938312402,1,At Risk
17637.0,31,2,547.0600000000001,6.3063847700056215,1,At Risk
17639.0,276,1,108.5,4.695924549256556,2,Hibernating
17640.0,87,1,621.66,6.434000623425246,1,At Risk
17642.0,120,2,712.29,6.569888069839022,1,At Risk
17643.0,373,1,101.55,4.63035048451839,2,Hibernating
17644.0,1,11,2895.64,7.971306723565063,0,Loyal Customers
17646.0,219,3,1008.39,6.917101466981717,2,Hibernating
17647.0,65,1,133.06,4.8982874609298115,1,At Risk
17648.0,61,4,1797.5,7.494708263135679,0,Loyal Customers
17649.0,138,1,868.49,6.767906832865638,1,At Risk
17650.0,21,1,166.07999999999998,5.118472739628975,1,At Risk
17651.0,12,10,3945.0,8.28045768658256,0,Loyal Customers
17652.0,25,12,4867.72,8.490586347854247,0,Loyal Customers
17653.0,37,4,1207.56,7.09718484723547,1,At Risk
17654.0,277,1,117.55,4.775334812511415,2,Hibernating
17655.0,11,7,2638.94,7.878511468609366,0,Loyal Customers
17656.0,73,5,1674.69,7.4239802997335635,0,Loyal Customers
17658.0,26,2,595.42,6.39094511686889,1,At Risk
17659.0,17,12,2999.46,8.006520889229225,0,Loyal Customers
17660.0,141,1,178.75,5.191566996601156,1,At Risk
17663.0,26,7,1802.91,7.4977118102428095,0,Loyal Customers
17664.0,19,2,604.64,6.406285750140171,1,At Risk
17666.0,4,2,728.16,6.591893186664721,1,At Risk
17667.0,66,5,2055.51,7.628765650289339,0,Loyal Customers
17668.0,1,2,347.75,5.854355333135575,1,At Risk
17669.0,43,7,3406.7200000000003,8.133798724949507,0,Loyal Customers
17670.0,228,1,205.7,5.331268466687723,2,Hibernating
17671.0,16,4,1572.71,7.361191168037922,0,Loyal Customers
17672.0,50,2,3178.17,8.064375435416844,0,Loyal Customers
17673.0,2,6,1594.97,7.375236980840607,0,Loyal Customers
17674.0,74,2,551.04,6.313620507419839,1,At Risk
17675.0,1,31,20374.28,9.922077680345927,0,Loyal Customers
17676.0,4,6,1371.18,7.224155995015752,0,Loyal Customers
17677.0,2,30,16345.38,9.701761745083482,0,Loyal Customers
17678.0,264,1,298.11,5.700811398711247,2,Hibernating
17679.0,53,2,1992.1100000000001,7.597451511865824,0,Loyal Customers
17680.0,24,1,184.4,5.2225156531317545,1,At Risk
17682.0,10,6,2474.33,7.814128999448025,0,Loyal Customers
17684.0,44,1,239.41,5.482345799133678,1,At Risk
17685.0,17,7,3155.83,8.057323638517671,0,Loyal Customers
17686.0,7,7,5739.46,8.655294625475447,0,Loyal Customers
17690.0,30,15,4726.8,8.461215257006781,0,Loyal Customers
17691.0,358,2,290.40000000000003,5.674696893761104,2,Hibernating
17692.0,127,4,725.58,6.5883485939472175,1,At Risk
17693.0,137,1,200.47,5.305640486927818,1,At Risk
17694.0,142,1,283.12,5.649396684129609,1,At Risk
17695.0,132,2,765.34,6.641625935491769,1,At Risk
17696.0,38,8,2285.71,7.734869382309582,0,Loyal Customers
17697.0,236,1,338.95,5.828798547972468,2,Hibernating
17698.0,261,1,154.95,5.049535443053812,2,Hibernating
17700.0,17,4,2534.64,7.838201349644471,0,Loyal Customers
17701.0,253,1,417.95,6.037751581059295,2,Hibernating
17702.0,30,4,1824.37,7.509537985193698,0,Loyal Customers
17703.0,35,3,798.74,6.684286674843982,1,At Risk
17704.0,169,2,885.19,6.7869313745672155,2,Hibernating
17705.0,3,9,1823.52,7.5090722177237925,0,Loyal Customers
17706.0,4,17,10504.49,9.259653256646303,0,Loyal Customers
17707.0,185,2,152.4,5.0330488889331555,2,Hibernating
17708.0,188,2,263.33,5.577198322546748,2,Hibernating
17709.0,170,1,137.45,4.9305092496169705,2,Hibernating
17711.0,11,2,385.1,5.956096403270191,1,At Risk
17712.0,45,1,522.91,6.261319913844147,1,At Risk
17714.0,321,1,153.0,5.0369526024136295,2,Hibernating
17715.0,201,1,326.4,5.791182664937034,2,Hibernating
17716.0,23,11,5655.99,8.640647227620185,0,Loyal Customers
17718.0,232,1,139.35,4.9441393028078915,2,Hibernating
17719.0,38,15,5396.04,8.593605934116098,0,Loyal Customers
17720.0,26,4,1195.94,7.087523578988375,1,At Risk
17722.0,96,4,2424.04,7.793603298080906,0,Loyal Customers
17723.0,127,6,3276.4000000000005,8.094805704112124,0,Loyal Customers
17724.0,71,3,1033.0,6.9411900550683745,1,At Risk
17725.0,16,11,3439.08,8.143250005910986,0,Loyal Customers
17727.0,15,1,1060.25,6.967202737625557,1,At Risk
17728.0,4,3,2876.01,7.964506839388399,0,Loyal Customers
17730.0,3,13,5298.4800000000005,8.575363981519251,0,Loyal Customers
17731.0,79,4,1240.11,7.123761419471479,1,At Risk
17732.0,373,1,303.97,5.7202134111139475,2,Hibernating
17733.0,39,2,692.19,6.541304131886272,1,At Risk
17734.0,54,3,700.63,6.553406199550885,1,At Risk
17735.0,2,19,13110.02,9.481208376934894,0,Loyal Customers
17736.0,9,3,377.44,5.936057539836243,1,At Risk
17737.0,9,2,168.24,5.131317825851867,1,At Risk
17738.0,19,4,1879.05,7.539053651215015,0,Loyal Customers
17739.0,12,7,2791.35,7.934638814191774,0,Loyal Customers
17742.0,113,2,355.11,5.875239671888878,1,At Risk
17744.0,4,6,2322.4,7.750786909079374,0,Loyal Customers
17746.0,240,1,110.25,4.711779921046349,2,Hibernating
17747.0,113,1,71.4,4.282206299391671,1,At Risk
17749.0,178,2,674.52,6.515482764659955,2,Hibernating
17750.0,5,9,1694.16,7.435532410639833,0,Loyal Customers
17752.0,359,1,80.64,4.402319337941644,2,Hibernating
17754.0,1,5,1664.6499999999999,7.417970716622433,0,Loyal Customers
17757.0,1,30,5589.4400000000005,8.628813275037208,0,Loyal Customers
17758.0,19,8,3408.2,8.134232938648143,0,Loyal Customers
17759.0,17,3,818.71,6.7089506191697845,1,At Risk
17760.0,22,2,287.59,5.665006995704794,1,At Risk
17761.0,33,1,712.78,6.570574791610563,1,At Risk
17763.0,263,1,15.0,2.772588722239781,2,Hibernating
17764.0,51,2,772.55,6.650990309165078,1,At Risk
17765.0,159,3,367.63,5.909793430963424,2,Hibernating
17767.0,15,1,271.2,5.6065370902173655,1,At Risk
17768.0,8,3,2081.9,7.641516432427338,0,Loyal Customers
17769.0,13,10,3957.43,8.283602760989174,0,Loyal Customers
17770.0,199,5,1143.27,7.042522158078838,2,Hibernating
17771.0,57,2,245.33,5.5066721003888075,1,At Risk
17772.0,11,2,173.45,5.161638167632783,1,At Risk
17774.0,97,4,1213.73,7.10227710885741,1,At Risk
17775.0,255,1,56.4,4.050044303325521,2,Hibernating
17777.0,25,3,647.56,6.4747545206794515,1,At Risk
17779.0,21,3,650.32,6.479001072896019,1,At Risk
17781.0,159,2,188.02,5.24185282956691,2,Hibernating
17783.0,72,2,283.47,5.650627799851681,1,At Risk
17785.0,53,1,131.94,4.889897898613436,1,At Risk
17786.0,85,2,266.85,5.590427122326969,1,At Risk
17787.0,153,4,1817.54,7.505789260335805,0,Loyal Customers
17788.0,74,2,1117.9,7.020101338813675,1,At Risk
17789.0,281,1,225.9,5.424509391785796,2,Hibernating
17790.0,27,14,1964.3,7.58340018440594,0,Loyal Customers
17791.0,30,1,106.1,4.673762977453703,1,At Risk
17793.0,25,1,300.34,5.708239195373142,1,At Risk
17795.0,180,2,342.83,5.840147349176718,2,Hibernating
17796.0,40,4,690.0,6.53813982376767,1,At Risk
17797.0,22,3,780.43,6.6611255745126075,1,At Risk
17799.0,22,10,3039.17,8.019668713889375,0,Loyal Customers
17800.0,37,9,1186.21,7.079361295558234,0,Loyal Customers
17802.0,82,3,1285.04,7.159323008512906,1,At Risk
17805.0,74,1,512.31,6.240879951161022,1,At Risk
17806.0,11,1,546.04,6.304521925890991,1,At Risk
17809.0,16,12,5411.91,8.596542120019182,0,Loyal Customers
17811.0,4,39,7755.12,8.956237488135582,0,Loyal Customers
17812.0,13,4,699.81,6.552236808926767,1,At Risk
17813.0,14,5,1698.07,7.437836321529504,0,Loyal Customers
17816.0,37,4,36.56,3.6259396543400624,1,At Risk
17817.0,4,3,387.68,5.9627563829712384,1,At Risk
17819.0,72,7,3704.87,8.217673327978565,0,Loyal Customers
17824.0,51,1,298.4,5.701780471985528,1,At Risk
17827.0,5,5,1987.33,7.595050369416567,0,Loyal Customers
17828.0,23,4,1820.09,7.507190501900052,0,Loyal Customers
17829.0,299,1,889.24,6.7914910892950235,2,Hibernating
17830.0,2,3,398.7,5.990714265717278,1,At Risk
17831.0,33,1,35.400000000000006,3.594568774642695,1,At Risk
17832.0,50,1,155.37,5.052224993855419,1,At Risk
17835.0,3,3,342.24,5.83842991093892,1,At Risk
17836.0,47,1,109.83,4.707997495787562,1,At Risk
17837.0,42,8,1535.33,7.337151734382004,0,Loyal Customers
17838.0,27,5,2720.8,7.909048705126217,0,Loyal Customers
17839.0,42,1,318.15,5.765661211702066,1,At Risk
17841.0,2,124,40495.99,10.608982929345034,3,Champions
17843.0,303,1,197.73,5.291947119540193,2,Hibernating
17844.0,107,1,51.559999999999995,3.961955374176355,1,At Risk
17848.0,81,9,901.2,6.804836224974296,1,At Risk
17849.0,218,4,605.8000000000001,6.408199247474378,2,Hibernating
17850.0,372,34,5391.21,8.59271059842128,0,Loyal Customers
17852.0,12,2,114.34,4.747884288187267,1,At Risk
17854.0,185,2,311.26,5.743836174113374,2,Hibernating
17855.0,373,1,208.97,5.346964663369558,2,Hibernating
17856.0,2,4,1418.03,7.25772881858561,0,Loyal Customers
17857.0,4,22,25301.54,10.138660064933262,0,Loyal Customers
17858.0,6,12,5140.66,8.545131263508203,0,Loyal Customers
17859.0,305,1,141.92,4.962285033155209,2,Hibernating
17860.0,369,1,226.45000000000002,5.426930434016013,2,Hibernating
17861.0,3,8,2097.88,7.649159148105371,0,Loyal Customers
17862.0,324,1,330.9,5.804833718725929,2,Hibernating
17863.0,59,6,3160.0,8.058643712215618,0,Loyal Customers
17864.0,13,3,554.85,6.320498473679624,1,At Risk
17865.0,31,20,10524.22,9.261529560944952,0,Loyal Customers
17866.0,143,1,329.65000000000003,5.801060414120672,1,At Risk
17867.0,30,6,1157.8700000000001,7.055200671388662,0,Loyal Customers
17869.0,107,5,428.18,6.061876411348347,1,At Risk
17870.0,2,12,1865.8899999999999,7.532029223755638,0,Loyal Customers
17871.0,205,1,155.9,5.055608659738987,2,Hibernating
17873.0,80,5,1719.5800000000002,7.450416722267546,0,Loyal Customers
17874.0,185,6,683.46,6.528630206205813,2,Hibernating
17877.0,170,1,237.61,5.474830419933934,2,Hibernating
17878.0,44,1,379.45,5.941354762622532,1,At Risk
17879.0,174,1,178.52,5.190286622334332,2,Hibernating
17880.0,365,1,458.92,6.131052561315036,2,Hibernating
17881.0,304,1,133.35,4.9004483350615,2,Hibernating
17883.0,3,4,664.34,6.500298188193179,1,At Risk
17884.0,4,4,695.07,6.545450229989766,1,At Risk
17885.0,12,1,156.34,5.0584090689010965,1,At Risk
17886.0,32,3,869.28,6.768814998950002,1,At Risk
17887.0,129,1,111.35,4.721618998631338,1,At Risk
17888.0,21,8,716.0,6.57507584059962,1,At Risk
17889.0,212,2,201.37,5.310097705083568,2,Hibernating
17890.0,323,2,586.89,6.376539855568017,2,Hibernating
17891.0,162,1,203.85999999999999,5.3223268190083886,2,Hibernating
17892.0,56,3,244.1,5.501666290534067,1,At Risk
17893.0,225,1,107.21,4.684073783583557,2,Hibernating
17894.0,72,8,1118.54,7.020673165637213,0,Loyal Customers
17895.0,44,1,95.45,4.569024739351738,1,At Risk
17896.0,23,1,256.32,5.550320446542799,1,At Risk
17897.0,173,3,541.81,6.2967593507829065,2,Hibernating
17898.0,85,2,152.06,5.030830001381775,1,At Risk
17899.0,159,1,154.55,5.046967223343646,2,Hibernating
17900.0,190,2,112.19999999999999,4.729156165769083,2,Hibernating
17901.0,29,1,110.38,4.7129477781615225,1,At Risk
17904.0,21,1,181.07,5.204391228515873,1,At Risk
17905.0,71,4,798.99,6.684599227589802,1,At Risk
17906.0,247,1,72.9,4.302712827954156,2,Hibernating
17908.0,374,1,232.03,5.451167200642247,2,Hibernating
17911.0,9,1,366.23,5.9059883547555305,1,At Risk
17912.0,310,5,310.06,5.739985819616414,2,Hibernating
17913.0,59,2,408.65,6.015303136587824,1,At Risk
17914.0,4,1,329.36,5.800182968942516,1,At Risk
17917.0,45,3,335.03,5.8172004416917575,1,At Risk
17919.0,88,1,1304.04,7.173988970628047,1,At Risk
17920.0,4,17,4107.6,8.32083761685841,0,Loyal Customers
17921.0,64,4,820.23,6.710803216382034,1,At Risk
17923.0,282,1,207.50000000000003,5.339939041238856,2,Hibernating
17924.0,12,7,2962.5,7.994126281227893,0,Loyal Customers
17925.0,373,1,244.08,5.501584687857454,2,Hibernating
17926.0,133,2,397.29,5.98718038316893,1,At Risk
17928.0,45,2,184.46,5.22283922537208,1,At Risk
17929.0,11,4,843.0,6.738152494595957,1,At Risk
17930.0,36,5,1740.48,7.462490605387541,0,Loyal Customers
17931.0,134,2,408.36,6.014594964496837,1,At Risk
17932.0,29,3,1331.57,7.19486468749322,1,At Risk
17934.0,52,2,704.25,6.558552349882106,1,At Risk
17935.0,138,2,145.79,4.989002993969142,1,At Risk
17936.0,5,1,380.13,5.943140524277792,1,At Risk
17937.0,9,7,4301.22,8.366886447525236,0,Loyal Customers
17939.0,160,1,99.14,4.606569206901799,2,Hibernating
17940.0,49,9,2152.1800000000003,7.674701098142828,0,Loyal Customers
17941.0,131,1,304.56,5.722146158673159,1,At Risk
17942.0,8,1,77.50000000000001,4.363098624788363,1,At Risk
17946.0,233,2,149.57999999999998,5.014494504421976,2,Hibernating
17947.0,37,1,176.68,5.179984179586172,1,At Risk
17948.0,147,1,358.56000000000006,5.884881061705198,1,At Risk
17949.0,1,44,58030.48,10.968740900909062,3,Champions
17950.0,72,3,482.2,6.180430646620605,1,At Risk
17951.0,40,3,1008.5400000000001,6.917250060543926,1,At Risk
17954.0,5,12,2314.13,7.747221120451233,0,Loyal Customers
17955.0,199,4,557.3,6.324896452316315,2,Hibernating
17956.0,249,1,12.75,2.6210388241125804,2,Hibernating
17957.0,66,1,110.72,4.715995741076976,1,At Risk
17958.0,117,1,508.46000000000004,6.233351341239327,1,At Risk
17960.0,171,1,73.78,4.314550469548967,2,Hibernating
17961.0,21,39,1296.44,7.1681483711962475,0,Loyal Customers
17962.0,142,1,102.41,4.638701669196884,2,Hibernating
17964.0,32,2,463.21,6.140337036046906,1,At Risk
17965.0,38,14,2599.19,7.863339798262662,0,Loyal Customers
17966.0,38,5,1098.43,7.0025471426656845,1,At Risk
17967.0,372,1,112.27,4.729774349212622,2,Hibernating
17968.0,374,1,265.1,5.583872177983643,2,Hibernating
17969.0,166,2,228.2,5.434594984840585,2,Hibernating
17970.0,211,1,562.79,6.334681841736619,2,Hibernating
17972.0,242,1,135.19,4.914050969580866,2,Hibernating
17973.0,52,1,337.04,5.823164231676282,1,At Risk
17974.0,25,3,703.99,6.558183618314506,1,At Risk
17975.0,15,13,4479.96,8.407592588167413,0,Loyal Customers
17976.0,372,1,321.79,5.7770019569816125,2,Hibernating
17977.0,29,1,288.14,5.6669109998802965,1,At Risk
17978.0,365,1,300.91999999999996,5.71016208162024,2,Hibernating
17979.0,36,4,729.01,6.593058232678748,1,At Risk
17980.0,166,3,811.45,6.700054373848785,1,At Risk
17984.0,145,1,152.68,5.034872518460301,2,Hibernating
17985.0,22,1,631.35,6.4494430383259855,1,At Risk
17986.0,56,1,20.8,3.0819099697950434,1,At Risk
17987.0,185,1,198.57,5.2961650519798935,2,Hibernating
17988.0,12,7,201.12,5.308861580423708,1,At Risk
17990.0,237,3,630.84,6.448636197538339,2,Hibernating
17991.0,225,2,93.35,4.547011271814559,2,Hibernating
17994.0,122,4,674.89,6.516030340908829,1,At Risk
17995.0,282,1,76.1,4.345103280569283,2,Hibernating
17997.0,74,8,1962.46,7.582463502025479,0,Loyal Customers
17999.0,37,2,380.39,5.94382247363014,1,At Risk
18001.0,12,2,415.13,6.030997711443308,1,At Risk
18004.0,362,1,157.92,5.068400930946398,2,Hibernating
18005.0,4,2,226.47,5.42701836156377,1,At Risk
18006.0,23,1,444.68,6.09960120571256,1,At Risk
18008.0,70,9,2116.19,7.657845016753332,0,Loyal Customers
18009.0,235,1,247.39,5.515000091600009,2,Hibernating
18010.0,257,1,174.8,5.169346985251076,2,Hibernating
18011.0,373,1,102.78999999999999,4.642369626977198,2,Hibernating
18013.0,155,2,187.29,5.237983327508337,2,Hibernating
18014.0,28,1,154.27,5.045165536993078,1,At Risk
18015.0,4,1,120.03,4.7960384487505126,1,At Risk
18016.0,32,5,1477.66,7.298891551225709,0,Loyal Customers
18017.0,81,3,523.0,6.261491684321042,1,At Risk
18018.0,108,2,122.14,4.813321919483064,1,At Risk
18019.0,52,1,38.45,3.6750340472918834,1,At Risk
18022.0,36,1,612.72,6.419538798077005,1,At Risk
18024.0,153,2,389.78,5.968144741786365,1,At Risk
18027.0,99,1,115.31,4.7562590403509475,1,At Risk
18030.0,4,2,230.64999999999998,5.4452276118626575,1,At Risk
18032.0,334,1,73.5,4.310799125385514,2,Hibernating
18033.0,65,1,93.82000000000001,4.551980357473973,1,At Risk
18034.0,22,2,418.68,6.039492516118564,1,At Risk
18035.0,36,3,713.89,6.572128684704628,1,At Risk
18036.0,32,3,403.12,6.001711863559532,1,At Risk
18037.0,154,6,70.02,4.262961527514942,2,Hibernating
18040.0,19,2,357.20000000000005,5.881091489626612,1,At Risk
18041.0,12,21,4097.37,8.318344612668472,0,Loyal Customers
18042.0,54,1,165.04999999999998,5.112288947822756,1,At Risk
18043.0,25,3,529.29,6.273424026714671,1,At Risk
18044.0,4,10,2088.6,7.644727939082112,0,Loyal Customers
18045.0,45,1,178.34,5.189283445523902,1,At Risk
18048.0,203,2,172.29000000000002,5.1549664916521545,2,Hibernating
18050.0,359,1,74.4,4.32280727501391,2,Hibernating
18053.0,71,1,300.02,5.707176707724217,1,At Risk
18055.0,7,10,6761.34,8.819124262985744,0,Loyal Customers
18056.0,288,1,363.65,5.898937989430242,2,Hibernating
18058.0,10,1,170.16,5.142598791548616,1,At Risk
18059.0,23,3,306.46,5.728344997484453,1,At Risk
18061.0,22,10,2119.41,7.659364745193834,0,Loyal Customers
18062.0,173,3,720.52,6.581360097857453,2,Hibernating
18064.0,133,2,814.0,6.703188113240863,1,At Risk
18065.0,6,14,2392.83,7.780649872736044,0,Loyal Customers
18066.0,75,1,318.0,5.765191102784844,1,At Risk
18067.0,40,1,396.33,5.98476716966025,1,At Risk
18068.0,289,1,101.7,4.631812116934513,2,Hibernating
18069.0,26,5,2009.24,7.606009396910227,0,Loyal Customers
18071.0,258,2,453.0,6.118097198041348,2,Hibernating
18072.0,186,1,247.44,5.515201367691102,2,Hibernating
18073.0,114,12,3859.82,8.258634875130868,0,Loyal Customers
18074.0,374,1,489.6,6.195629131824389,2,Hibernating
18075.0,23,10,2611.75,7.868158585474613,0,Loyal Customers
18077.0,8,11,2584.41,7.85763938171581,0,Loyal Customers
18078.0,217,2,336.13,5.820468612643942,2,Hibernating
18079.0,45,4,3613.15,8.192611975548187,0,Loyal Customers
18080.0,19,2,1231.5,7.116799905916845,1,At Risk
18081.0,36,3,343.45,5.841948942039205,1,At Risk
18082.0,26,1,680.84,6.524795026214043,1,At Risk
18084.0,16,1,90.48,4.516120369154581,1,At Risk
18085.0,330,2,689.95,6.538067462249494,2,Hibernating
18086.0,274,1,101.34,4.628300603376946,2,Hibernating
18087.0,291,1,3202.92,8.072130339087511,2,Hibernating
18088.0,61,1,166.03,5.118173437001857,1,At Risk
18092.0,2,11,9068.26,9.11264595212913,0,Loyal Customers
18093.0,93,4,2106.52,7.653267179747945,0,Loyal Customers
18094.0,82,7,3017.3,8.012449037966114,0,Loyal Customers
18095.0,313,2,580.05,6.364836811668883,2,Hibernating
18096.0,12,3,849.06,6.745306935228424,1,At Risk
18097.0,8,6,2662.4,7.887358781068045,0,Loyal Customers
18099.0,127,1,168.31,5.131731354140141,1,At Risk
18101.0,11,2,222.4,5.4089638866351,1,At Risk
18102.0,1,60,259657.3,12.467121814869783,3,Champions
18104.0,37,1,754.64,6.627565072288651,1,At Risk
18105.0,38,1,113.48000000000002,4.740400135248196,1,At Risk
18106.0,330,1,421.9,6.047135744478443,2,Hibernating
18108.0,254,1,271.0,5.605802066295998,2,Hibernating
18109.0,2,26,8004.92,8.987936546996973,0,Loyal Customers
18110.0,20,1,198.8,5.297316866214453,1,At Risk
18112.0,12,2,352.69,5.868420823264403,1,At Risk
18113.0,369,1,76.32000000000001,4.34795265434013,2,Hibernating
18114.0,290,1,220.1,5.3986150878634005,2,Hibernating
18116.0,68,8,1399.51,7.244591734981705,0,Loyal Customers
18117.0,26,1,314.4,5.753841674528938,1,At Risk
18118.0,11,26,5622.68,8.634741532867423,0,Loyal Customers
18119.0,368,1,180.7,5.202356975402125,2,Hibernating
18120.0,214,1,111.15,4.719837260966218,2,Hibernating
18121.0,149,2,653.3000000000001,6.483565961875693,1,At Risk
18122.0,8,6,1791.84,7.491556233705914,0,Loyal Customers
18123.0,24,2,574.4399999999999,6.355134965559101,1,At Risk
18125.0,30,4,1131.75,7.032403583547247,1,At Risk
18126.0,61,1,198.58,5.2962151584561665,1,At Risk
18127.0,19,3,347.08,5.852432338412425,1,At Risk
18129.0,243,1,112.55000000000001,4.732243268551567,2,Hibernating
18130.0,15,3,1059.39,6.966392043966783,1,At Risk
18133.0,212,1,931.5,6.837869151517971,2,Hibernating
18135.0,29,5,681.91,6.52636307929225,1,At Risk
18136.0,63,3,784.33,6.666104011612187,1,At Risk
18138.0,295,1,152.65,5.034677288576494,2,Hibernating
18139.0,18,6,8438.34,9.040659385480165,0,Loyal Customers
18142.0,157,2,1019.52,6.928067580294015,1,At Risk
18143.0,117,2,1000.16,6.908914606701983,1,At Risk
18144.0,8,12,2888.75,7.968925272174377,0,Loyal Customers
18145.0,13,4,2861.55,7.959468114958852,0,Loyal Customers
18146.0,141,2,160.35,5.083575918497971,2,Hibernating
18147.0,46,2,179.34,5.194843958071761,1,At Risk
18149.0,51,3,612.0799999999999,6.4184954331307065,1,At Risk
18150.0,32,3,566.58,6.341381708583334,1,At Risk
18151.0,135,2,653.35,6.483642376501489,1,At Risk
18154.0,3,2,399.19,5.991939434331194,1,At Risk
18155.0,75,3,371.62,5.920559133592207,1,At Risk
18156.0,13,2,675.64,6.517139373724178,1,At Risk
18158.0,9,2,453.4,6.118977867406942,1,At Risk
18159.0,301,1,530.15,6.275044467226023,2,Hibernating
18160.0,57,2,638.0600000000001,6.459998346683129,1,At Risk
18161.0,15,5,1618.69,7.3899900518904555,0,Loyal Customers
18164.0,37,1,399.65,5.99308822822408,1,At Risk
18165.0,177,1,302.46,5.715249806097095,2,Hibernating
18167.0,23,3,1384.8600000000001,7.234076164546975,1,At Risk
18168.0,176,6,1160.04,7.057071434162108,2,Hibernating
18169.0,61,1,202.65,5.316402834094422,1,At Risk
18170.0,33,3,980.3100000000001,6.888888413724063,1,At Risk
18171.0,59,5,1231.31,7.116645735818236,1,At Risk
18172.0,15,20,7561.68,8.930980903708734,0,Loyal Customers
18173.0,87,4,2106.84,7.653419005452328,0,Loyal Customers
18174.0,7,1,104.0,4.653960350157523,1,At Risk
18176.0,358,1,476.35,6.168249974444042,2,Hibernating
18177.0,31,6,1340.8700000000001,7.20181944249662,0,Loyal Customers
18178.0,129,4,1590.81,7.372627012548272,1,At Risk
18179.0,9,6,1793.17,7.4922977984414185,0,Loyal Customers
18180.0,5,6,1843.75,7.520099045938476,0,Loyal Customers
18181.0,24,1,366.85,5.907675246378274,1,At Risk
18183.0,227,2,632.07,6.450581000548326,2,Hibernating
18184.0,15,1,49.8,3.927896354584436,1,At Risk
18185.0,249,1,304.25,5.721131112990814,2,Hibernating
18188.0,15,3,2001.04,7.601921939695548,0,Loyal Customers
18189.0,78,2,1090.24,6.995069943308846,1,At Risk
18190.0,192,2,284.46000000000004,5.654101914201623,2,Hibernating
18191.0,262,1,207.8,5.341376856008484,2,Hibernating
18192.0,72,1,957.97,6.865859791808101,1,At Risk
18193.0,165,1,243.76,5.500278138594339,2,Hibernating
18194.0,82,1,973.84,6.882273354967445,1,At Risk
18196.0,95,2,686.63,6.533250902574385,1,At Risk
18198.0,4,17,5425.56,8.599060694675584,0,Loyal Customers
18200.0,106,1,150.35,5.019595035467727,1,At Risk
18202.0,200,3,1396.99,7.242790769692349,2,Hibernating
18203.0,157,1,160.42000000000002,5.084009663896226,2,Hibernating
18204.0,71,3,1975.3500000000001,7.589006988129015,0,Loyal Customers
18205.0,36,2,517.36,6.2506699815672135,1,At Risk
18209.0,29,1,139.10000000000002,4.942356453342962,1,At Risk
18210.0,2,6,2621.38,7.871837581358896,0,Loyal Customers
18211.0,26,5,600.07,6.3987114002985646,1,At Risk
18212.0,326,1,216.07,5.380219882167671,2,Hibernating
18213.0,237,1,232.48000000000002,5.453096420335591,2,Hibernating
18215.0,89,1,299.34000000000003,5.7049151662521345,1,At Risk
18216.0,31,1,481.75,6.179498921308624,1,At Risk
18217.0,29,2,621.75,6.43414515414229,1,At Risk
18218.0,211,2,641.92,6.46602029970094,2,Hibernating
18219.0,3,10,2069.77,7.635675797768084,0,Loyal Customers
18220.0,227,1,305.28,5.724499716244923,2,Hibernating
18221.0,22,5,1041.61,6.949482463694109,1,At Risk
18222.0,93,1,443.0,6.095824562432225,1,At Risk
18223.0,5,14,6484.54,8.777330362366365,0,Loyal Customers
18224.0,264,1,158.95000000000002,5.074861266395527,2,Hibernating
18225.0,3,12,5504.96,8.61358642087413,0,Loyal Customers
18226.0,44,11,5228.05,8.561984896200169,0,Loyal Customers
18227.0,218,1,93.75,4.5512418439625355,2,Hibernating
18228.0,57,2,779.9,6.660447100668629,1,At Risk
18229.0,12,20,7276.9,8.892597638039238,0,Loyal Customers
18230.0,9,7,2810.2000000000003,7.941366717432833,0,Loyal Customers
18231.0,192,5,2071.77,7.636641155966783,0,Loyal Customers
18232.0,82,4,592.97,6.386828813036717,1,At Risk
18233.0,326,1,440.0,6.089044875446846,2,Hibernating
18235.0,72,3,1796.48,7.494140962968628,0,Loyal Customers
18236.0,30,6,882.24,6.783596964352348,1,At Risk
18237.0,3,5,987.1,6.895783907200917,1,At Risk
18239.0,219,5,1561.6100000000001,7.354112779132593,2,Hibernating
18240.0,46,1,422.58,6.0487423982594555,1,At Risk
18241.0,10,17,2073.09,7.637277782254905,0,Loyal Customers
18242.0,72,4,2232.4900000000002,7.711320663504336,0,Loyal Customers
18245.0,7,7,2567.06,7.850906029022887,0,Loyal Customers
18246.0,24,2,596.1,6.392084603552947,1,At Risk
18248.0,123,2,804.02,6.690867121830435,1,At Risk
18249.0,17,1,95.34,4.567883601202075,1,At Risk
18250.0,310,1,349.27,5.858704285656805,2,Hibernating
18251.0,87,1,4314.72,8.370019449389407,0,Loyal Customers
18252.0,51,2,518.27,6.252423979106417,1,At Risk
18255.0,89,1,103.30000000000001,4.647271362006727,1,At Risk
18257.0,39,8,2337.63,7.757320566811742,0,Loyal Customers
18259.0,25,3,2338.6,7.757735253568871,0,Loyal Customers
18260.0,173,6,2628.35,7.874491946336665,0,Loyal Customers
18261.0,43,2,324.24,5.784563371339637,1,At Risk
18262.0,140,1,149.48,5.013830184992775,2,Hibernating
18263.0,26,3,1213.16,7.10180775865179,1,At Risk
18265.0,72,2,801.51,6.687744315985722,1,At Risk
18268.0,134,1,25.5,3.2771447329921766,2,Hibernating
18269.0,366,1,168.60000000000002,5.133442723357803,2,Hibernating
18270.0,38,2,283.15000000000003,5.649502267743131,1,At Risk
18272.0,3,6,3078.58,8.03254850303289,0,Loyal Customers
18273.0,2,3,204.0,5.3230099791384085,1,At Risk
18274.0,30,1,175.92,5.175697653000126,1,At Risk
18276.0,44,1,335.86,5.81966741377024,1,At Risk
18277.0,58,1,110.38,4.7129477781615225,1,At Risk
18278.0,74,1,173.9,5.164214382024556,1,At Risk
18280.0,278,1,180.60000000000002,5.201806466167193,2,Hibernating
18281.0,181,1,80.82,4.404521712501253,2,Hibernating
18282.0,8,2,178.05,5.187665096444442,1,At Risk
18283.0,4,16,2039.58,7.620989360154264,0,Loyal Customers
18287.0,43,3,1837.28,7.516585630812605,0,Loyal Customers
