CustomerID,recency_days,frequency,monetary
14646.0,1.0263888887129724,73,280206.02
18102.0,0.04166666651144624,60,259657.3
17450.0,7.972916666418314,46,194390.79
16446.0,0.1493055555038154,2,168472.5
14911.0,0.8722222219221294,199,140336.83
12415.0,23.936111110728234,21,124914.53
14156.0,9.080555555410683,55,117210.08
17511.0,2.109722222201526,31,91062.38
16029.0,38.09930555522442,63,80850.84
12346.0,325.11736111110076,1,77183.6
16684.0,3.947222222108394,28,66653.56
13694.0,3.1374999997206032,50,65039.62
15311.0,0.03472222201526165,91,60632.75
13089.0,2.158333333209157,97,58762.08
17949.0,0.7527777776122093,44,58030.48
15769.0,6.956944444216788,26,56252.72
15061.0,3.0305555551312864,48,54534.14
14096.0,3.814583333209157,17,53258.43
14298.0,7.984722222201526,44,51527.3
14088.0,9.856944444123656,13,50491.81
15749.0,234.97916666651145,3,44534.3
12931.0,21.007638888899237,15,42055.96
17841.0,1.029861110728234,124,40495.99
15098.0,181.88680555531755,3,39916.5
13798.0,0.8743055551312864,57,37153.85
16013.0,3.0930555551312864,47,37130.6
16422.0,16.951388888526708,51,34684.4
15838.0,10.951388888526708,19,33643.08
17404.0,3.849999999627471,15,31876.82
17389.0,0.13333333330228925,34,31833.68
12748.0,0.020833333022892475,206,31654.78
13098.0,0.941666666418314,28,28882.44
14680.0,24.82708333292976,16,28754.11
13081.0,11.080555555410683,11,28337.38
13408.0,1.15625,62,28117.04
16333.0,7.021527777425945,22,26626.8
13777.0,0.017361111007630825,33,25977.16
17857.0,3.984027777798474,22,25301.54
12753.0,22.081944444216788,6,21429.39
16210.0,1.009722222108394,17,21076.3
17675.0,0.7826388888061047,31,20374.28
17381.0,8.035416666418314,29,20275.61
15039.0,9.054861111100763,47,19766.59
12471.0,1.8798611108213663,29,19758.65
12731.0,23.035416666418314,12,18895.91
15159.0,1.03125,30,18641.01
12901.0,8.113194444216788,28,17654.54
12678.0,41.990277777425945,12,17628.46
14031.0,6.817361110821366,19,17286.86
17428.0,0.12847222201526165,28,17256.85
13767.0,1.9097222220152617,37,17220.36
13881.0,3.0,20,17159.52
16839.0,8.157638888806105,34,16594.35
12921.0,8.852777777705342,37,16587.09
17677.0,1.1208333331160247,30,16345.38
15189.0,0.9777777777053416,41,16225.39
15856.0,3.820138888899237,27,16142.38
14051.0,0.10416666651144624,23,15610.39
14607.0,15.09375,12,15021.5
15513.0,32.92638888861984,19,14758.22
16133.0,3.0597222219221294,33,14589.04
14866.0,10.045138888526708,12,14389.9
16705.0,0.029166666325181723,20,14034.99
12681.0,14.053472221828997,22,13787.54
12621.0,1.059027777519077,20,13689.67
12540.0,19.054861111100763,17,13400.24
12433.0,0.11666666623204947,7,13375.87
15498.0,2.0013888888061047,27,13316.4
12477.0,22.124305555131286,6,13219.74
17735.0,1.8354166662320495,19,13110.02
16525.0,1.904861110728234,26,13027.45
14258.0,8.890972222201526,9,12669.98
13078.0,2.884722222108394,26,12627.94
15640.0,3.9270833330228925,15,12416.11
16000.0,2.0229166662320495,3,12393.7
17340.0,29.086805555503815,11,12353.29
12682.0,3.1180555555038154,31,12279.82
13113.0,0.00069444440305233,24,12245.96
14606.0,0.7236111108213663,91,12046.15
12557.0,15.82708333292976,5,11990.96
12939.0,63.928472221829,8,11581.8
15125.0,24.953472222201526,15,11528.48
14194.0,4.091666666325182,21,11349.52
12971.0,3.0208333330228925,86,11189.91
14895.0,7.1437499998137355,20,11138.71
12409.0,78.09166666632518,3,11072.67
17581.0,0.020138888619840145,25,11025.24
13319.0,4.969444444403052,26,10845.55
15482.0,15.086111111100763,11,10839.76
17107.0,32.941666666418314,6,10797.48
13340.0,44.98263888852671,7,10736.48
17139.0,15.109722222201526,12,10650.77
16779.0,1.913888888899237,22,10611.72
17865.0,30.02916666632518,20,10524.22
17706.0,3.9694444444030523,17,10504.49
15251.0,8.908333333209157,11,10484.99
14062.0,9.115277777425945,12,10464.85
14769.0,2.101388888899237,8,10415.33
15615.0,9.922222222201526,23,10399.74
16180.0,99.84861111082137,8,10254.18
16843.0,42.155555555131286,16,10196.57
12590.0,210.91527777770534,2,9864.26
13199.0,3.013888888526708,37,9802.12
13001.0,3.915972222108394,13,9785.97
15078.0,6.881249999627471,32,9743.11
12709.0,14.88333333330229,15,9706.52
13458.0,6.88958333292976,14,9646.57
14733.0,15.882638888899237,12,9585.91
16523.0,1.1555555551312864,21,9418.47
12567.0,22.074999999720603,10,9401.28
14367.0,7.979861110914499,16,9227.82
14667.0,10.055555555503815,25,9170.79
12744.0,55.91388888889924,4,9120.39
18092.0,1.9833333329297602,11,9068.26
12451.0,10.17361111100763,5,9035.52
13969.0,6.902083333116025,18,9024.17
13488.0,16.92291666660458,13,8968.31
13090.0,8.007638888899237,13,8895.82
16033.0,5.004166666418314,20,8778.82
17017.0,2.1374999997206032,20,8694.26
17306.0,10.024999999906868,19,8631.31
16656.0,21.921527777798474,15,8625.8
17243.0,0.974999999627471,26,8531.65
14527.0,2.021527777425945,55,8506.13
12683.0,3.8465277776122093,15,8476.57
18139.0,17.087499999906868,6,8438.34
15358.0,4.156944444403052,22,8347.2
16558.0,0.10416666651144624,20,8338.49
14056.0,0.9680555551312864,23,8152.71
14936.0,33.09722222201526,8,8137.02
16672.0,1.847916666418314,20,8134.94
13854.0,8.155555555131286,25,8109.52
14952.0,59.095138888806105,11,8099.49
18109.0,1.0513888886198401,26,8004.92
14796.0,0.8881944441236556,17,7973.93
15290.0,4.049305555410683,18,7943.22
14849.0,21.077777777798474,25,7930.54
13093.0,275.02499999990687,8,7832.47
12435.0,79.15555555513129,2,7829.89
13629.0,22.978472222108394,11,7792.36
17811.0,3.961111111100763,39,7755.12
15044.0,18.979166666511446,17,7634.73
15194.0,2.902777777519077,15,7616.53
18172.0,14.068055555224419,20,7561.68
13263.0,0.9520833329297602,34,7411.71
12428.0,25.186111110728234,8,7405.26
12980.0,157.1361111109145,9,7374.9
15465.0,19.11041666660458,18,7354.62
12474.0,16.924305555410683,18,7324.09
17396.0,38.94305555522442,7,7312.8
12583.0,2.1965277777053416,15,7281.38
13018.0,15.973611110821366,28,7277.7
18229.0,11.126388888806105,20,7276.9
16729.0,37.93124999990687,21,7202.01
16745.0,86.03611111082137,17,7180.7
16873.0,4.03125,6,7123.62
13324.0,35.848611110821366,10,7121.95
16923.0,11.993055555503815,19,7069.08
13985.0,3.822222222108394,15,7060.13
14961.0,10.130555555224419,9,7044.68
12766.0,3.1694444441236556,7,6989.63
12798.0,9.873611110728234,3,6977.04
12989.0,2.890277777798474,15,6924.11
15502.0,15.001388888806105,10,6923.98
13027.0,113.13263888889924,6,6912.0
16187.0,31.125,15,6911.44
16713.0,18.009722222108394,15,6910.78
17416.0,29.002083333209157,7,6893.42
12705.0,14.981249999720603,9,6868.29
12476.0,15.006944444030523,11,6816.42
12830.0,37.03888888889924,6,6814.64
15601.0,10.899305555503815,14,6776.56
16652.0,58.13333333330229,7,6773.97
18055.0,6.934027777519077,10,6761.34
16532.0,17.07083333330229,3,6748.8
13576.0,9.886111110914499,18,6717.34
15023.0,2.8104166663251817,11,6701.51
15249.0,31.045138888526708,13,6688.46
16746.0,4.011805555317551,18,6680.11
16353.0,3.0187499998137355,23,6675.71
12626.0,22.86388888861984,9,6620.48
16182.0,71.97708333330229,4,6617.65
15144.0,7.901388888712972,17,6580.44
12472.0,31.950694444123656,7,6572.11
17338.0,16.93541666632518,8,6484.75
18223.0,4.152083333116025,14,6484.54
15694.0,0.12916666641831398,14,6479.4
13225.0,2.972916666418314,7,6463.84
13102.0,0.998611110728234,24,6424.09
12431.0,35.03819444403052,15,6419.95
16814.0,13.974305555224419,21,6406.8
13871.0,22.084027777425945,13,6403.25
12359.0,57.00208333320916,4,6310.03
13668.0,2.0270833331160247,21,6309.83
13709.0,3.0986111108213663,13,6307.65
15005.0,15.01736111100763,28,6293.67
16126.0,28.865972221828997,4,6287.77
17315.0,1.0243055555038154,38,6271.15
14057.0,23.095833333209157,17,6211.66
12357.0,32.86319444421679,1,6207.67
14060.0,4.01458333292976,19,6140.42
13418.0,11.10208333330229,18,6127.43
15939.0,89.05555555550382,14,6100.01
17509.0,57.09999999962747,8,6083.64
14735.0,3.0284722219221294,32,6065.69
13097.0,32.08819444430992,10,6003.22
12637.0,66.96111111110076,8,6002.9
14101.0,73.01527777779847,6,5976.79
15382.0,14.077777777798474,6,5955.71
14944.0,29.152777777519077,12,5900.25
13209.0,29.955555555410683,8,5891.61
13534.0,1.9152777777053416,25,5870.08
14505.0,16.87847222201526,8,5859.43
14415.0,0.9249999998137355,13,5855.57
13050.0,14.147222221828997,17,5833.11
12720.0,2.199305555317551,25,5781.73
15218.0,10.043055555317551,11,5756.89
17686.0,6.882638888899237,7,5739.46
13316.0,36.96527777751908,4,5732.93
13178.0,25.85833333292976,11,5725.47
16553.0,162.88055555522442,12,5719.82
13468.0,1.0909722219221294,37,5704.97
14110.0,3.0166666666045785,12,5683.15
17716.0,22.03472222201526,11,5655.99
13004.0,11.057638888712972,18,5655.91
17049.0,2.084722221828997,9,5655.03
18118.0,10.05416666623205,26,5622.68
12839.0,2.011805555317551,14,5591.42
17757.0,0.8881944441236556,30,5589.44
12481.0,22.181249999906868,10,5579.82
14688.0,7.0166666666045785,21,5579.1
14049.0,16.020833333022892,4,5578.72
16767.0,30.13055555522442,11,5575.56
12539.0,21.97222222201526,4,5568.35
16161.0,1.027777777519077,19,5533.67
18225.0,2.9743055552244186,12,5504.96
16609.0,14.970833333209157,7,5493.46
15805.0,22.845833333209157,17,5488.18
16985.0,16.970138888806105,10,5464.12
16265.0,8.839583333116025,9,5447.0
18198.0,3.9173611109144986,17,5425.56
12490.0,4.863194444216788,10,5417.93
17809.0,15.993749999906868,12,5411.91
16701.0,8.069444444030523,13,5398.3
17719.0,37.093055555131286,15,5396.04
17850.0,371.8909722222015,34,5391.21
16303.0,25.084027777425945,3,5360.63
13269.0,0.9145833333022892,15,5343.28
17730.0,2.8798611108213663,13,5298.48
15150.0,16.998611110728234,10,5291.33
17061.0,73.05972222192213,11,5232.23
18226.0,43.968055555131286,11,5228.05
12362.0,2.8819444440305233,10,5226.23
16258.0,44.97222222201526,5,5203.51
13756.0,1.8374999999068677,14,5189.52
16191.0,2.0583333331160247,13,5180.52
15727.0,16.009722222108394,7,5159.06
13599.0,0.8611111110076308,21,5149.92
17858.0,5.037499999627471,12,5140.66
15903.0,9.19583333330229,7,5126.76
13941.0,21.129861110821366,5,5112.96
16700.0,8.076388888526708,13,5076.55
15046.0,8.875,15,5071.47
13139.0,15.955555555410683,7,5064.94
12432.0,42.046527777798474,5,5059.32
17602.0,1.9562499998137355,6,5054.42
15301.0,50.12013888871297,12,5049.95
17426.0,7.779861110728234,6,5037.26
15719.0,32.01458333292976,13,5028.42
14755.0,9.05972222192213,11,5010.28
14562.0,3.0729166665114462,18,5006.77
12444.0,20.97708333330229,5,5005.46
14329.0,16.875,7,4975.24
15032.0,255.9076388888061,3,4959.1
12437.0,1.0520833330228925,18,4951.41
12700.0,7.0854166662320495,4,4939.99
14709.0,14.881249999627471,13,4921.04
15786.0,45.942361110821366,3,4919.0
15547.0,6.998611110728234,14,4910.6
17133.0,15.015972222201526,7,4892.24
12664.0,7.821527777705342,9,4881.88
12688.0,113.1673611109145,1,4873.81
14292.0,7.041666666511446,9,4871.93
17652.0,24.996527777519077,12,4867.72
15738.0,18.183333333116025,16,4812.42
13013.0,0.9090277776122093,13,4810.94
15298.0,1.814583333209157,12,4799.9
15555.0,11.854861110914499,16,4791.87
15187.0,1.037499999627471,16,4777.18
17365.0,12.02569444430992,8,4762.32
12955.0,0.847916666418314,11,4757.16
14180.0,10.079166666604578,25,4748.52
15152.0,9.012499999720603,13,4745.69
16722.0,16.973611110821366,13,4730.81
17690.0,29.89791666623205,15,4726.8
12714.0,8.879861110821366,5,4708.86
14135.0,1.0499999998137355,15,4690.31
14191.0,1.1437499998137355,13,4684.76
14189.0,1.871527777519077,15,4654.08
14390.0,9.959027777425945,9,4642.57
14286.0,23.094444444403052,3,4628.75
14159.0,19.009722222108394,11,4627.98
15291.0,25.074999999720603,14,4623.3
13802.0,138.08055555541068,3,4599.42
15093.0,17.986805555410683,6,4597.02
14004.0,42.92361111100763,7,4582.64
16931.0,4.982638888526708,21,4554.87
17068.0,11.98333333292976,21,4545.89
17613.0,22.08263888861984,14,4544.55
12484.0,32.05069444421679,6,4527.32
13267.0,2.0680555552244186,19,4521.49
12524.0,8.888194444123656,8,4485.72
14426.0,23.01736111100763,10,4481.67
17975.0,14.974305555224419,13,4479.96
12627.0,10.029861110728234,7,4478.53
17364.0,0.15972222201526165,11,4462.68
16984.0,87.96319444430992,2,4459.52
13069.0,0.17430555541068316,24,4431.44
14085.0,1.961111111100763,18,4421.29
15955.0,23.94097222201526,14,4416.26
16626.0,0.03749999962747097,17,4413.1
15874.0,63.013194444123656,7,4405.88
12712.0,28.188194444403052,13,4396.13
14534.0,2.021527777425945,18,4395.65
13505.0,72.03749999962747,4,4393.63
12752.0,80.97083333320916,1,4366.78
16945.0,21.049305555410683,19,4345.5
14016.0,161.05624999990687,4,4341.21
14800.0,47.00277777761221,12,4331.79
17567.0,6.876388888806105,8,4331.48
18251.0,86.9076388888061,1,4314.72
12347.0,1.873611110728234,7,4310.0
17937.0,8.045138888526708,7,4301.22
12536.0,58.91527777770534,1,4279.71
15034.0,15.027083333116025,8,4274.16
14422.0,0.05833333311602473,6,4263.64
12500.0,22.854166666511446,11,4257.82
12757.0,15.013888888526708,9,4232.75
17419.0,10.96041666623205,12,4226.57
14525.0,19.050694444216788,9,4215.9
15804.0,0.013194444123655558,13,4206.39
15971.0,17.0,12,4199.85
12747.0,1.9277777774259448,11,4196.01
14146.0,8.105555555317551,5,4191.0
14277.0,14.90902777761221,3,4188.0
12949.0,30.059027777519077,8,4167.22
13384.0,30.0736111109145,7,4151.93
15570.0,6.918749999720603,12,4148.82
13988.0,19.107638888526708,6,4147.96
12569.0,1.851388888899237,32,4124.69
16592.0,3.959027777425945,16,4113.68
17920.0,3.9312499999068677,17,4107.6
13555.0,73.0097222221084,4,4098.88
16401.0,0.7743055555038154,12,4098.32
18041.0,11.049305555410683,21,4097.37
16670.0,16.1361111109145,11,4095.9
12749.0,3.1208333331160247,5,4090.88
14092.0,7.02569444430992,14,4076.91
12449.0,21.961111111100763,4,4067.29
17377.0,23.064583333209157,20,4058.32
14401.0,3.9722222220152617,13,4051.48
12656.0,16.963888888712972,5,4051.17
16549.0,9.905555555131286,10,4034.9
13815.0,21.938194444403052,4,4027.36
15514.0,11.92361111100763,11,4023.72
12957.0,9.122916666325182,8,4017.54
12867.0,25.888888888526708,7,4009.34
12378.0,129.09444444440305,1,4008.62
16186.0,22.004861110821366,12,4006.94
12841.0,4.067361110821366,25,3991.58
17001.0,0.13333333330228925,11,3989.57
15416.0,64.13333333330229,4,3984.32
12779.0,37.046527777798474,8,3981.36
12727.0,10.044444444123656,7,3980.7
14547.0,3.072222222108394,8,3974.75
14299.0,7.8645833330228925,9,3965.62
13523.0,32.902083333116025,5,3964.88
17611.0,6.972916666418314,15,3961.12
15529.0,22.056249999906868,11,3960.05
13183.0,7.097222222015262,9,3957.78
17769.0,12.063888888806105,10,3957.43
17651.0,11.097916666418314,10,3945.0
17593.0,3.0972222220152617,5,3923.86
15299.0,66.93819444440305,6,3907.01
14739.0,3.830555555410683,7,3902.28
13999.0,9.965277777519077,12,3901.81
14291.0,1.099999999627471,11,3883.25
15195.0,2.0208333330228925,1,3861.0
18073.0,113.9499999997206,12,3859.82
12662.0,0.03541666641831398,11,3849.78
16717.0,23.023611111100763,6,3843.08
13266.0,10.924305555410683,12,3834.26
17091.0,2.08819444430992,9,3827.76
12755.0,280.0055555552244,2,3811.95
12597.0,18.970138888806105,4,3811.22
13435.0,4.920138888526708,7,3809.89
12668.0,11.079166666604578,4,3807.15
15867.0,4.970833333209157,15,3803.6
16145.0,8.095138888806105,11,3799.49
16327.0,13.97708333330229,6,3789.67
16655.0,17.059027777519077,6,3789.52
16168.0,10.003472222015262,27,3787.6
16019.0,46.040972222108394,9,3786.24
12562.0,7.8125,7,3781.74
17173.0,4.923611111007631,8,3766.6
13124.0,89.00347222201526,3,3756.33
12429.0,8.811111110728234,4,3750.4
14145.0,46.02777777751908,4,3742.2
13552.0,65.89652777742594,12,3740.07
16570.0,14.824999999720603,10,3738.4
12502.0,95.04027777770534,5,3723.87
12647.0,21.995833333116025,12,3722.82
13680.0,0.9604166662320495,4,3719.12
17238.0,2.0520833330228925,17,3719.1
16240.0,23.930555555503815,2,3718.8
14364.0,108.07569444412366,8,3717.35
15845.0,17.13055555522442,8,3711.77
15622.0,42.83749999990687,9,3709.56
17819.0,71.08194444421679,7,3704.87
15379.0,168.98402777779847,7,3703.29
14282.0,2.8236111109144986,15,3701.44
12553.0,7.841666666325182,10,3692.28
16253.0,66.15347222192213,2,3683.86
13148.0,28.893749999813735,12,3683.26
15296.0,50.0437499997206,6,3672.86
15808.0,305.928472221829,4,3651.27
12417.0,2.9152777777053416,9,3649.1
13426.0,0.16041666641831398,10,3641.32
16440.0,7.033333333209157,5,3640.67
13381.0,31.036111110821366,6,3639.31
17230.0,263.8597222222015,8,3638.41
16904.0,3.986111111007631,15,3634.95
17528.0,0.9743055552244186,8,3628.5
13327.0,38.103472222108394,8,3627.77
13520.0,58.104166666511446,6,3624.35
13082.0,125.85694444412366,9,3613.63
18079.0,44.890972222201526,4,3613.15
15505.0,52.20416666660458,5,3610.96
16712.0,8.959722221828997,11,3603.66
13137.0,10.02847222192213,8,3603.29
15484.0,0.9076388888061047,4,3590.41
14132.0,1.96875,11,3586.03
16242.0,7.901388888712972,7,3579.86
14543.0,28.00347222201526,16,3565.08
17576.0,7.787499999627471,19,3564.83
14040.0,40.00555555522442,12,3560.32
17203.0,35.015972222201526,6,3560.08
17491.0,0.8555555553175509,10,3558.87
15544.0,8.83819444430992,9,3546.71
14503.0,2.9722222220152617,6,3543.26
12370.0,50.915972222108394,4,3541.94
13448.0,16.01180555531755,6,3534.69
12454.0,55.817361110821366,1,3528.34
17160.0,30.947916666511446,6,3518.03
13953.0,6.865277777425945,7,3515.68
15113.0,9.185416666325182,3,3509.04
16131.0,51.03958333330229,6,3506.54
13334.0,81.89513888861984,3,3502.32
14907.0,2.941666666418314,7,3501.1
16458.0,2.1361111109144986,18,3482.74
14395.0,1.9277777774259448,9,3479.91
13993.0,42.155555555131286,9,3466.36
13014.0,10.015972222201526,10,3466.28
15410.0,83.9187499997206,8,3450.84
16360.0,4.023611111100763,6,3450.41
15129.0,49.92361111100763,11,3447.4
13536.0,0.8416666663251817,7,3444.39
15974.0,38.984027777798474,7,3442.15
17725.0,15.844444444403052,11,3439.08
15676.0,18.006944444030523,3,3435.76
14221.0,41.96388888871297,9,3432.8
12406.0,21.72777777770534,2,3415.3
15981.0,24.201388888526708,8,3408.48
17758.0,18.920138888526708,8,3408.2
13437.0,13.951388888526708,7,3408.06
17669.0,42.16458333330229,7,3406.72
13198.0,9.89791666623205,6,3401.24
15228.0,65.95416666660458,4,3386.71
13842.0,58.08263888861984,9,3385.62
16011.0,7.846527777612209,16,3352.96
14227.0,25.876388888806105,10,3350.96
16818.0,10.089583333116025,11,3349.57
16607.0,17.101388888899237,14,3347.71
17183.0,7.113194444216788,6,3347.31
12643.0,127.99583333311602,6,3344.64
12613.0,56.910416666418314,5,3344.38
13015.0,52.9798611109145,5,3339.64
12594.0,37.02083333302289,10,3338.22
16556.0,66.05138888861984,7,3313.79
13373.0,60.08263888861984,3,3312.25
14841.0,52.907638888806105,6,3295.76
15632.0,15.124305555131286,8,3285.31
12480.0,27.91527777770534,4,3281.63
15764.0,87.78611111082137,6,3279.97
17723.0,126.75902777770534,6,3276.4
14702.0,0.722916666418314,17,3251.79
12619.0,15.915277777705342,8,3251.56
13952.0,217.15972222201526,2,3251.07
15708.0,40.08055555541068,7,3235.25
13047.0,56.06597222201526,9,3232.59
14175.0,59.03819444403052,3,3222.3
13880.0,20.962499999906868,13,3219.77
15443.0,1.090277777519077,7,3213.59
14388.0,9.970833333209157,8,3212.84
16107.0,17.131944444030523,7,3204.16
18087.0,290.0881944443099,1,3202.92
13868.0,6.845833333209157,2,3192.54
13758.0,11.068749999627471,7,3190.55
14844.0,63.089583333116025,4,3189.81
17220.0,23.96041666623205,14,3187.55
17050.0,95.959722221829,6,3185.64
12456.0,43.92291666660458,3,3181.04
17672.0,49.938888888806105,2,3178.17
16837.0,30.932638888712972,11,3170.98
16041.0,30.01736111100763,3,3166.4
17863.0,58.961805555503815,6,3160.0
15065.0,37.12847222201526,4,3158.13
17685.0,16.05138888861984,7,3155.83
13268.0,17.052777777425945,10,3152.71
15861.0,11.868749999906868,8,3146.92
14235.0,74.92569444421679,5,3144.86
17231.0,11.897222221828997,10,3124.72
13685.0,2.0479166666045785,7,3119.44
16678.0,2.0229166662320495,12,3109.99
13742.0,16.07152777770534,12,3107.87
14099.0,15.956249999813735,11,3104.17
15491.0,94.87083333311602,6,3100.09
14257.0,63.83055555541068,5,3099.72
14565.0,95.15486111072823,4,3099.12
13135.0,196.0819444442168,1,3096.0
16156.0,8.005555555224419,9,3092.04
13362.0,8.922916666604578,4,3090.74
16218.0,29.118749999906868,7,3084.68
13869.0,122.95624999981374,4,3083.65
17059.0,29.015972222201526,5,3080.39
15998.0,36.00347222201526,5,3080.22
18272.0,2.0048611108213663,6,3078.58
12910.0,22.93194444430992,8,3075.04
13631.0,99.12013888871297,11,3070.42
16940.0,51.98263888852671,3,3049.88
16393.0,1.9993055551312864,13,3040.96
16326.0,5.1104166666045785,14,3039.22
17799.0,21.898611111100763,10,3039.17
16905.0,4.950694444123656,7,3037.6
16709.0,84.07916666660458,5,3029.87
12598.0,9.022222221828997,8,3023.08
12395.0,18.89513888861984,12,3018.63
18094.0,81.14027777779847,7,3017.3
14456.0,4.95208333292976,9,3014.32
12754.0,235.15972222201526,3,3010.74
15521.0,39.96388888871297,8,3000.2
17659.0,16.972916666418314,12,2999.46
17504.0,205.99374999990687,9,2997.03
12670.0,9.893749999813735,5,2996.05
14307.0,88.13333333330229,6,2995.72
15687.0,8.178472221828997,9,2993.1
14639.0,51.905555555131286,6,2984.49
14032.0,1.8937499998137355,11,2975.59
15854.0,3.9659722219221294,12,2969.12
16497.0,49.07986111100763,6,2965.69
17924.0,11.152083333116025,7,2962.5
16686.0,46.959027777425945,7,2959.88
14868.0,2.9173611109144986,8,2953.59
12916.0,138.09375,4,2944.95
17444.0,147.03125,3,2940.04
16316.0,63.959722221829,8,2938.91
17512.0,28.027083333116025,10,2924.99
15606.0,60.87708333320916,9,2920.16
12906.0,11.121527777519077,5,2919.81
14112.0,22.013888888526708,7,2915.15
12438.0,13.973611110821366,2,2906.85
13451.0,25.86944444430992,5,2898.26
17644.0,0.9631944443099201,11,2895.64
18144.0,7.002777777612209,12,2888.75
12408.0,32.015972222201526,5,2888.55
13735.0,24.066666666418314,4,2883.54
16633.0,16.964583333116025,6,2883.1
14251.0,1.1791666662320495,5,2879.7
17728.0,3.1652777777053416,3,2876.01
14005.0,9.006249999627471,5,2874.72
12473.0,53.05763888871297,3,2873.73
15628.0,4.101388888899237,9,2870.24
13901.0,71.91805555531755,5,2867.2
12685.0,27.961111111100763,6,2863.08
14530.0,25.09166666632518,6,2862.11
18145.0,12.061111110728234,4,2861.55
14535.0,59.88263888889924,3,2854.84
14711.0,9.911111110821366,11,2839.62
14852.0,57.979166666511446,6,2836.69
14842.0,43.00902777770534,4,2824.69
16871.0,21.72430555522442,6,2812.34
12356.0,22.17361111100763,3,2811.43
18230.0,8.977777777705342,7,2810.2
16928.0,79.90277777751908,17,2806.75
17596.0,22.94374999962747,7,2806.69
14572.0,2.923611111007631,7,2804.54
16081.0,55.98888888861984,5,2799.42
13769.0,1.9041666663251817,10,2796.51
14903.0,20.863194444216788,5,2795.33
12578.0,20.97222222201526,2,2794.51
12758.0,116.10277777770534,2,2791.59
17739.0,11.151388888712972,7,2791.35
14626.0,23.092361110728234,4,2791.27
16764.0,3.0479166666045785,13,2790.95
17213.0,39.91458333330229,7,2781.23
12388.0,15.013888888526708,6,2780.66
15984.0,2.023611111100763,10,2780.63
14121.0,3.021527777425945,4,2780.15
13870.0,1.9770833333022892,8,2770.94
15993.0,8.086805555503815,7,2768.97
15114.0,29.90625,10,2760.56
13971.0,18.030555555131286,8,2758.26
13230.0,3.865972221828997,14,2755.63
15321.0,70.13194444403052,3,2748.31
17084.0,34.91388888889924,2,2747.99
14854.0,77.82638888852671,7,2740.03
13174.0,15.927083333022892,3,2738.82
16003.0,29.120138888712972,5,2735.37
12840.0,143.13958333292976,4,2726.77
15673.0,87.85972222220153,4,2726.23
12380.0,21.057638888712972,4,2724.81
17838.0,26.0625,5,2720.8
14125.0,10.002083333209157,3,2720.63
14808.0,39.02013888861984,8,2718.6
15356.0,30.98541666660458,10,2718.03
12708.0,29.123611110728234,10,2712.91
16938.0,8.104166666511446,4,2711.68
15696.0,32.9499999997206,8,2711.11
17069.0,27.817361110821366,9,2709.7
13285.0,22.9798611109145,4,2709.12
15796.0,0.7048611110076308,8,2707.61
13654.0,42.85138888889924,6,2707.33
14107.0,51.02638888871297,7,2703.23
14732.0,7.927777777425945,8,2702.49
17386.0,7.05694444430992,6,2686.42
12625.0,211.12222222192213,2,2683.82
13883.0,10.086805555503815,5,2674.48
18097.0,7.065277777612209,6,2662.4
14713.0,8.849999999627471,11,2662.2
12360.0,51.89444444421679,3,2662.06
14439.0,319.0493055554107,1,2661.24
15671.0,18.004861110821366,7,2657.13
12721.0,31.02569444430992,6,2656.13
13851.0,95.0097222221084,3,2651.46
16618.0,30.956944444216788,5,2647.59
13658.0,9.109027777798474,5,2639.17
17655.0,10.052777777425945,7,2638.94
13771.0,63.938888888806105,4,2634.45
12520.0,78.89374999981374,5,2634.26
17402.0,4.107638888526708,13,2633.85
18260.0,172.00902777770534,6,2628.35
15752.0,39.05069444421679,7,2626.6
13422.0,63.96388888871297,1,2626.3
13644.0,15.946527777705342,4,2624.26
17346.0,3.022222221828997,15,2622.88
18210.0,1.0749999997206032,6,2621.38
16255.0,16.006944444030523,8,2619.91
14262.0,7.939583333209157,8,2618.23
13021.0,3.842361110728234,9,2616.38
15782.0,9.084027777425945,3,2614.74
14397.0,2.144444444216788,19,2612.96
18075.0,22.89513888861984,10,2611.75
12836.0,58.90277777751908,4,2610.36
12726.0,27.96875,7,2609.1
13136.0,55.964583333116025,5,2607.61
13983.0,29.072222222108394,12,2603.43
17317.0,45.81319444440305,3,2600.34
17965.0,37.138194444123656,14,2599.19
12600.0,28.097916666418314,10,2599.04
14408.0,10.047916666604578,7,2599.03
13895.0,27.828472222201526,4,2593.07
16919.0,155.96875,11,2592.25
16241.0,9.07083333330229,13,2590.31
14243.0,8.068055555224419,10,2588.77
13804.0,30.012499999720603,7,2588.39
18077.0,7.970833333209157,11,2584.41
13911.0,56.879861110821366,9,2580.91
14546.0,4.993055555503815,5,2573.93
18245.0,6.918055555317551,7,2567.06
15485.0,29.929861111100763,3,2564.5
16308.0,37.05972222192213,4,2560.0
16912.0,28.022222221828997,11,2555.58
15033.0,4.006944444030523,10,2553.88
14334.0,16.117361111100763,8,2552.21
14676.0,30.972916666418314,6,2548.24
14776.0,50.8861111109145,11,2538.3
17700.0,16.040972222108394,4,2534.64
15572.0,4.111805555410683,7,2533.42
14659.0,8.02291666623205,9,2529.93
17314.0,24.13124999962747,8,2527.92
14701.0,10.00833333330229,9,2526.09
13394.0,1.0513888886198401,8,2520.02
17449.0,1.8291666666045785,7,2516.21
15245.0,133.74583333311602,3,2515.84
13344.0,67.12847222201526,3,2511.69
13695.0,30.933333333116025,15,2504.13
13471.0,0.879166666418314,4,2501.84
15932.0,3.8173611108213663,8,2495.87
16477.0,63.129166666418314,7,2494.46
15271.0,6.943749999627471,15,2493.34
12483.0,16.824999999720603,8,2484.98
12913.0,4.027083333116025,5,2483.63
12517.0,27.9486111109145,5,2481.6
14315.0,44.030555555131286,6,2481.13
13507.0,2.984027777798474,4,2479.16
13588.0,15.088888888712972,9,2478.95
17682.0,9.868749999906868,6,2474.33
17188.0,10.956249999813735,7,2474.23
14766.0,7.8645833330228925,6,2473.37
16710.0,18.916666666511446,10,2467.99
17164.0,32.14999999990687,7,2467.35
12455.0,72.88819444412366,6,2466.86
17131.0,4.998611110728234,5,2463.17
15750.0,2.0111111109144986,8,2463.05
13784.0,9.136805555317551,11,2462.79
13975.0,30.9798611109145,6,2461.24
14163.0,86.897222221829,4,2445.91
17071.0,27.84652777761221,9,2429.03
15527.0,18.02291666623205,8,2428.53
13949.0,2.1354166665114462,6,2427.32
14502.0,19.041666666511446,11,2426.79
16143.0,2.9423611108213663,6,2424.94
17722.0,95.89444444421679,4,2424.04
15089.0,9.84652777761221,6,2420.84
15373.0,7.90625,12,2415.91
12397.0,35.123611110728234,2,2409.9
17589.0,59.827777777798474,4,2402.92
15980.0,88.13124999962747,3,2398.86
18065.0,5.097222222015262,14,2392.83
13141.0,84.12222222192213,5,2388.75
15370.0,40.077777777798474,7,2386.05
14493.0,6.85833333292976,5,2383.24
14239.0,42.92361111100763,11,2380.85
15270.0,15.143055555410683,7,2379.49
13722.0,131.0041666664183,3,2375.41
17434.0,1.9819444441236556,7,2373.82
13908.0,79.0423611109145,4,2369.55
15755.0,9.911805555224419,6,2364.25
12457.0,65.98402777779847,7,2363.23
14930.0,108.09652777761221,3,2362.96
17530.0,0.7555555552244186,10,2362.53
14030.0,17.834722221828997,8,2358.84
17634.0,35.98680555541068,9,2358.59
14440.0,7.880555555224419,5,2357.68
15140.0,51.94652777770534,7,2354.25
14309.0,7.970138888806105,9,2352.53
12704.0,6.982638888526708,8,2340.84
18259.0,24.0111111109145,3,2338.6
12584.0,3.1354166665114462,9,2338.15
18257.0,38.91805555531755,8,2337.63
15281.0,58.15277777751908,9,2332.15
12782.0,4.148611111100763,5,2330.92
15785.0,32.053472221829,5,2328.97
17313.0,30.87847222201526,1,2328.84
17744.0,3.0270833331160247,6,2322.4
17211.0,26.032638888806105,8,2317.22
14290.0,10.949999999720603,5,2314.65
15365.0,25.181249999906868,7,2314.32
17954.0,4.940972222015262,12,2314.13
13704.0,4.90069444430992,9,2308.06
15288.0,42.827777777798474,5,2306.52
16550.0,108.06805555522442,5,2298.97
15105.0,17.830555555410683,7,2298.93
13115.0,11.00833333330229,4,2294.78
15704.0,139.96875,4,2293.62
12615.0,1.908333333209157,4,2291.19
17696.0,37.96319444430992,8,2285.71
14554.0,9.837499999906868,4,2279.49
13994.0,3.0729166665114462,6,2274.14
13317.0,65.96875,6,2273.68
14466.0,28.94652777770534,7,2272.4
16782.0,9.979166666511446,13,2267.95
16057.0,15.893749999813735,7,2263.12
16209.0,88.03611111082137,5,2262.62
12684.0,7.122916666325182,6,2253.63
16293.0,21.11944444430992,10,2248.99
13700.0,25.993055555503815,10,2248.63
17442.0,36.14791666623205,6,2248.56
14432.0,9.198611110914499,6,2248.5
15235.0,217.1291666664183,12,2247.51
16735.0,78.0423611109145,5,2247.41
13527.0,33.03194444440305,7,2242.36
14211.0,52.97708333330229,9,2241.1
14560.0,6.894444444216788,22,2237.77
16076.0,2.910416666418314,10,2234.73
18242.0,71.96319444430992,4,2232.49
16771.0,32.973611110821366,5,2230.61
13365.0,33.009722222108394,2,2225.37
15834.0,69.92291666660458,4,2222.65
15665.0,167.91180555522442,2,2222.21
14825.0,3.0499999998137355,12,2221.01
15811.0,21.888194444123656,6,2218.62
12876.0,57.01666666660458,2,2218.02
14226.0,28.052777777425945,5,2214.79
16743.0,28.984027777798474,7,2213.13
15722.0,35.046527777798474,5,2211.21
12653.0,148.08958333311602,2,2209.85
13862.0,17.851388888899237,8,2209.36
15179.0,17.99791666632518,5,2206.95
17591.0,72.96388888871297,7,2203.67
15123.0,6.984722222201526,2,2199.31
13831.0,15.881249999627471,6,2198.45
14700.0,31.92361111100763,3,2195.1
15797.0,112.8236111109145,3,2192.4
16628.0,29.00347222201526,5,2188.05
17406.0,332.90486111072823,3,2184.42
15394.0,9.042361110914499,4,2183.54
12909.0,39.004861110821366,5,2178.67
12856.0,7.081944444216788,6,2170.78
12501.0,336.0152777777985,1,2169.39
14341.0,44.876388888806105,8,2166.98
12633.0,58.04861111100763,4,2163.98
12935.0,1.809027777519077,7,2160.7
16456.0,98.95833333302289,5,2158.18
14407.0,106.9499999997206,6,2157.73
16379.0,3.8833333333022892,4,2157.4
16966.0,7.965277777519077,7,2154.97
13224.0,59.91319444403052,2,2152.95
17940.0,48.97430555522442,9,2152.18
17272.0,41.842361110728234,4,2148.63
14828.0,196.10694444412366,3,2139.76
12560.0,4.955555555410683,3,2134.01
13517.0,59.046527777798474,3,2128.42
18061.0,21.0625,10,2119.41
13632.0,24.08263888861984,5,2118.93
14360.0,31.151388888712972,4,2118.03
18008.0,69.89791666623205,9,2116.19
14691.0,30.013888888526708,5,2114.33
15674.0,72.89791666623205,4,2111.89
13755.0,3.0166666666045785,9,2108.06
14640.0,23.988194444216788,6,2107.38
18173.0,86.05833333311602,4,2106.84
18093.0,92.87986111082137,4,2106.52
14461.0,147.81874999962747,3,2102.67
15058.0,24.91180555522442,11,2102.54
15815.0,63.00555555522442,5,2100.6
13126.0,4.118055555503815,8,2099.64
12610.0,22.1361111109145,5,2099.54
17861.0,2.853472222108394,8,2097.88
17400.0,125.88333333330229,5,2097.84
16875.0,66.96597222192213,5,2095.53
17191.0,27.827777777798474,7,2093.68
14306.0,50.97708333330229,2,2093.32
13265.0,52.90833333320916,5,2092.66
17490.0,0.15416666632518172,7,2092.32
13297.0,7.137499999720603,4,2089.85
13571.0,12.08541666623205,12,2088.94
18044.0,3.9333333331160247,10,2088.6
14810.0,40.06319444440305,11,2085.33
16954.0,0.12777777761220932,9,2085.08
17768.0,7.977777777705342,3,2081.9
16407.0,12.072916666511446,10,2079.68
14696.0,3.96319444430992,7,2078.95
14515.0,17.050694444216788,6,2076.89
14209.0,10.105555555317551,6,2073.43
18241.0,9.027777777519077,17,2073.09
18231.0,191.9388888888061,5,2071.77
18219.0,2.046527777798474,10,2069.77
12948.0,15.819444444030523,7,2064.95
12928.0,34.93472222192213,5,2062.7
16281.0,71.91180555522442,1,2062.06
14409.0,70.772222221829,6,2059.45
12518.0,0.10902777779847383,5,2056.89
17667.0,65.92916666623205,5,2055.51
14188.0,30.00347222201526,6,2054.36
16150.0,42.00763888889924,5,2053.02
17086.0,6.955555555410683,6,2050.08
17612.0,52.910416666418314,6,2048.45
14232.0,42.07013888889924,5,2048.07
13495.0,7.061805555131286,5,2044.87
17597.0,213.03888888889924,1,2044.37
13450.0,26.038888888899237,6,2043.72
14001.0,45.09652777761221,3,2043.08
12585.0,233.96597222192213,2,2040.1
18283.0,3.033333333209157,16,2039.58
13630.0,4.898611111100763,7,2031.78
16358.0,0.9034722219221294,4,2027.5
16409.0,35.836805555503815,5,2022.98
14482.0,17.98333333292976,6,2022.81
15341.0,80.13194444403052,1,2020.52
17625.0,17.968055555131286,4,2020.4
13593.0,107.96875,5,2011.88
18069.0,25.865972221828997,5,2009.24
15372.0,136.84097222192213,1,2007.4
16098.0,87.11874999990687,7,2005.63
14217.0,1.0395833333022892,17,2004.98
14544.0,23.905555555131286,2,2004.3
17082.0,32.89791666623205,2,2003.85
16754.0,371.79999999981374,1,2002.4
18188.0,14.836111111100763,3,2001.04
13305.0,3.8993055555038154,10,2000.86
16698.0,226.0819444442168,2,1998.0
17679.0,52.21319444430992,2,1992.11
17088.0,27.93541666632518,4,1991.01
17827.0,4.909722222015262,5,1987.33
13590.0,10.99722222192213,6,1981.92
13725.0,49.115972221829,8,1980.56
17337.0,150.91319444403052,4,1979.61
17422.0,15.974305555224419,6,1979.37
14462.0,65.87152777751908,11,1975.57
18204.0,70.83749999990687,3,1975.35
17090.0,3.9624999999068677,7,1974.65
15531.0,7.754861110821366,2,1972.39
16341.0,24.151388888712972,4,1971.87
12674.0,38.02638888871297,4,1970.6
17790.0,26.055555555503815,14,1964.3
17997.0,73.85902777779847,8,1962.46
13246.0,17.833333333022892,6,1961.52
14506.0,16.99166666623205,5,1960.65
14498.0,42.02847222192213,5,1957.32
12853.0,134.05624999990687,6,1957.1
15493.0,32.03194444440305,5,1953.41
17554.0,0.9409722220152617,5,1952.45
17218.0,3.956944444216788,10,1951.97
14533.0,24.03125,7,1949.72
15814.0,16.189583333209157,4,1945.33
14418.0,3.049305555410683,3,1937.25
15864.0,21.970833333209157,6,1936.32
15157.0,3.05694444430992,3,1936.07
15351.0,11.998611110728234,7,1934.66
12528.0,8.92361111100763,6,1933.48
14655.0,7.848611110821366,4,1932.23
13094.0,20.94652777770534,12,1927.32
15518.0,63.98958333302289,8,1921.55
14978.0,71.98819444421679,5,1921.37
14653.0,0.9618055555038154,7,1916.7
14285.0,20.916666666511446,4,1910.01
17228.0,15.101388888899237,8,1906.09
16983.0,12.027777777519077,7,1905.87
14210.0,105.0097222221084,6,1905.84
15819.0,48.916666666511446,4,1905.45
16942.0,12.006944444030523,9,1904.99
14250.0,6.930555555503815,3,1904.05
12762.0,7.102083333302289,2,1898.52
14730.0,0.9243055554106832,8,1897.57
14934.0,81.11111111100763,2,1890.94
12371.0,44.106944444123656,2,1887.96
15641.0,104.9486111109145,4,1887.2
16170.0,50.186805555131286,6,1885.05
13890.0,0.8847222221083939,10,1883.81
16128.0,17.066666666418314,5,1880.22
17738.0,18.90625,4,1879.05
17368.0,22.89166666660458,8,1878.87
15367.0,56.942361110821366,4,1877.59
17463.0,15.965277777519077,5,1875.86
16986.0,29.038194444030523,2,1873.2
13982.0,38.85138888889924,4,1871.81
15021.0,8.03958333330229,9,1871.77
17469.0,15.982638888526708,5,1870.97
16841.0,36.040972222108394,6,1869.82
17870.0,1.904861110728234,12,1865.89
16426.0,1.9506944441236556,10,1863.76
16201.0,2.8666666662320495,4,1863.47
14887.0,78.8874999997206,1,1862.0
12423.0,0.11111111100763083,8,1859.31
14305.0,70.88958333292976,3,1858.96
12963.0,7.996527777519077,8,1856.63
17293.0,7.925694444216788,9,1854.06
14472.0,103.07569444412366,8,1852.67
16979.0,3.02013888861984,6,1852.0
12383.0,184.1999999997206,5,1850.56
12381.0,4.004166666418314,5,1845.31
17519.0,16.83819444430992,6,1844.02
14524.0,31.01458333292976,9,1843.83
18180.0,4.174305555410683,6,1843.75
12950.0,1.9812499997206032,3,1843.0
16102.0,41.9798611109145,3,1842.14
16455.0,63.02291666623205,7,1841.18
14113.0,3.022222221828997,4,1840.42
14216.0,2.912499999627471,4,1839.3
13924.0,1.132638888899237,6,1838.85
17015.0,28.086805555503815,3,1838.61
14459.0,154.96875,1,1837.92
18287.0,42.13958333292976,3,1837.28
13650.0,16.019444444216788,6,1836.34
15827.0,72.88541666651145,14,1836.09
14665.0,60.14999999990687,5,1835.7
16152.0,268.12708333320916,1,1829.04
15203.0,25.19027777761221,6,1827.8
17702.0,29.865972221828997,4,1824.37
16153.0,49.08333333302289,5,1824.23
17705.0,2.9618055555038154,9,1823.52
13421.0,39.936805555131286,2,1823.21
16169.0,7.890277777798474,4,1822.97
17828.0,22.17291666660458,4,1820.09
13048.0,13.97708333330229,4,1819.41
17787.0,152.05972222192213,4,1817.54
17629.0,5.0791666666045785,8,1814.12
15260.0,99.95486111100763,7,1810.77
16474.0,6.9916666662320495,7,1810.49
13481.0,45.154861110728234,5,1804.56
17663.0,25.16249999962747,7,1802.91
15812.0,106.93819444440305,5,1801.14
16249.0,52.11319444421679,5,1800.07
13562.0,81.08263888861984,3,1799.33
13196.0,10.955555555410683,4,1797.78
17648.0,60.13124999962747,4,1797.5
12348.0,74.98402777779847,4,1797.24
18235.0,71.18263888871297,3,1796.48
13134.0,85.09375,4,1793.58
18179.0,8.85208333330229,6,1793.17
18122.0,7.9874999998137355,6,1791.84
13510.0,0.9611111111007631,4,1791.56
12523.0,18.996527777519077,11,1789.77
14215.0,11.021527777425945,6,1789.72
14621.0,0.8527777777053416,5,1788.36
13875.0,53.134722222108394,5,1786.79
14608.0,3.831944444216788,4,1785.15
14935.0,296.92083333292976,1,1784.71
15220.0,51.00763888889924,6,1778.96
12645.0,33.00833333330229,4,1775.18
17092.0,49.70763888861984,4,1774.03
15594.0,15.16458333330229,5,1771.78
15473.0,13.899305555503815,7,1771.2
16681.0,72.06874999962747,6,1770.34
16719.0,14.140972222201526,7,1770.22
13456.0,17.147222221828997,6,1766.72
16751.0,30.084722221828997,1,1764.72
12424.0,162.0305555551313,2,1760.96
12823.0,74.21875,5,1759.5
12349.0,18.124305555131286,1,1757.55
15241.0,66.15625,8,1756.44
16359.0,6.823611110914499,9,1750.92
13808.0,5.022222221828997,5,1747.66
15067.0,77.97916666651145,3,1744.76
15950.0,31.070138888899237,4,1744.71
16380.0,60.88194444403052,1,1743.15
13157.0,48.95833333302289,4,1741.22
14595.0,19.026388888712972,6,1740.6
17930.0,35.10208333330229,5,1740.48
17353.0,128.81319444440305,2,1740.0
17457.0,126.0013888888061,5,1737.7
15050.0,24.856249999720603,3,1737.69
14673.0,2.929861111100763,5,1736.4
17043.0,31.88680555531755,4,1735.18
14387.0,32.01458333292976,3,1727.6
17451.0,0.908333333209157,7,1721.4
14834.0,17.09722222201526,6,1720.3
17873.0,79.83958333311602,5,1719.58
15267.0,21.868749999906868,5,1717.36
17162.0,28.052777777425945,10,1715.46
13763.0,62.90069444430992,1,1714.96
17147.0,22.012499999720603,4,1714.59
14441.0,0.15486111072823405,4,1712.89
12405.0,148.16527777770534,1,1710.39
15947.0,82.08611111110076,1,1708.24
12407.0,49.11041666660458,5,1708.12
16902.0,115.93958333320916,1,1706.88
15240.0,44.125,5,1706.57
16398.0,153.89861111110076,2,1705.8
12843.0,65.02847222192213,8,1702.26
17193.0,35.00208333320916,7,1699.3
13824.0,32.00624999962747,5,1698.94
17813.0,13.859027777798474,5,1698.07
17750.0,4.945138888899237,9,1694.16
12764.0,316.1048611109145,1,1693.88
16007.0,47.072916666511446,4,1693.81
14245.0,219.17361111100763,2,1693.45
16791.0,28.734722222201526,7,1693.03
16671.0,27.965277777519077,3,1692.27
16775.0,9.894444444216788,11,1691.51
15380.0,8.02569444430992,5,1690.26
17152.0,194.02152777742594,3,1689.5
12635.0,89.0736111109145,2,1689.18
13162.0,121.86874999990687,4,1688.29
13577.0,24.896527777425945,4,1687.6
17282.0,129.93124999990687,3,1685.46
16638.0,22.070138888899237,10,1680.72
15549.0,76.85277777770534,3,1677.71
13149.0,13.986805555410683,4,1676.06
17656.0,72.99027777742594,5,1674.69
13184.0,14.033333333209157,10,1667.95
12352.0,35.92569444421679,7,1665.74
17754.0,0.0625,5,1664.65
12912.0,2.1631944440305233,5,1662.3
12530.0,59.0111111109145,4,1662.28
15214.0,1.029861110728234,8,1661.44
15332.0,365.9215277777985,4,1661.06
12967.0,357.73611111100763,2,1660.9
16115.0,9.05416666623205,8,1660.88
14045.0,108.89097222220153,4,1659.75
15953.0,14.887499999720603,8,1657.28
15826.0,55.86458333302289,3,1654.31
16813.0,7.949305555317551,10,1652.18
16711.0,2.845833333209157,5,1651.03
14837.0,89.07777777779847,4,1649.5
13647.0,9.034722222015262,4,1648.12
17284.0,59.924999999813735,6,1647.48
13750.0,53.02361111110076,5,1647.26
13012.0,8.989583333022892,8,1646.84
12657.0,10.877083333209157,4,1643.18
15002.0,115.08749999990687,4,1641.76
14573.0,179.06597222201526,9,1639.82
13627.0,58.9375,5,1638.47
15024.0,9.030555555131286,10,1636.43
12398.0,45.09930555522442,1,1635.66
15122.0,113.834722221829,3,1633.78
14164.0,70.01805555541068,2,1631.77
12377.0,314.87847222201526,2,1628.12
14759.0,4.032638888806105,3,1625.97
13425.0,107.81736111082137,3,1624.21
16515.0,51.98611111100763,5,1624.14
15172.0,8.040972222108394,5,1624.05
14937.0,56.01458333292976,3,1621.88
17101.0,9.953472222201526,4,1621.73
18161.0,14.840277777519077,5,1618.69
16987.0,2.8083333331160247,7,1616.8
14336.0,16.04861111100763,4,1614.91
16992.0,10.041666666511446,5,1614.31
15791.0,43.10833333292976,2,1612.69
14312.0,46.12777777761221,6,1611.59
14918.0,115.04166666651145,2,1610.15
12669.0,150.12222222192213,2,1607.73
12868.0,185.08888888871297,6,1607.06
16817.0,2.074305555317551,9,1604.75
12947.0,143.11388888861984,6,1603.99
12783.0,1.8708333331160247,4,1603.87
15660.0,24.827777777798474,9,1600.86
16496.0,8.09652777761221,3,1599.52
16466.0,33.05208333302289,7,1595.96
13850.0,128.9486111109145,1,1595.48
17673.0,1.0,6,1594.97
16801.0,162.88680555531755,4,1594.23
16676.0,33.03402777761221,4,1592.12
14970.0,67.96249999990687,4,1592.06
15611.0,9.009722222108394,13,1591.45
18178.0,128.1388888885267,4,1590.81
14442.0,204.05138888861984,2,1589.82
13614.0,23.918749999720603,4,1585.46
16332.0,27.936111110728234,7,1582.8
12393.0,71.88124999962747,4,1582.6
14719.0,1.0048611108213663,5,1581.84
14587.0,18.052777777425945,9,1580.29
14178.0,8.03402777761221,7,1580.26
12607.0,59.86388888861984,1,1579.51
13814.0,91.959722221829,2,1579.12
16889.0,194.07291666651145,3,1578.67
13186.0,39.04861111100763,3,1575.89
17671.0,15.02013888861984,4,1572.71
16283.0,5.029166666325182,5,1569.11
12865.0,25.929861111100763,2,1568.23
15906.0,19.018055555410683,7,1567.69
15111.0,28.827777777798474,3,1567.48
17204.0,174.91944444412366,4,1564.56
13659.0,205.00902777770534,2,1563.0
17085.0,122.94097222201526,5,1562.4
18239.0,218.0083333333023,5,1561.61
14038.0,77.96736111072823,3,1560.38
16394.0,56.126388888806105,5,1555.34
13313.0,21.834722221828997,5,1555.32
15532.0,24.915972222108394,4,1554.83
15620.0,56.00624999962747,3,1553.18
15117.0,14.193055555224419,5,1551.78
13634.0,32.96527777751908,5,1547.36
14229.0,51.115277777425945,3,1547.2
16790.0,3.0395833333022892,6,1545.62
13397.0,72.07916666660458,5,1544.13
16369.0,17.850694444030523,3,1543.33
12818.0,261.0305555551313,1,1542.08
16365.0,17.05972222192213,9,1540.42
17159.0,21.081944444216788,3,1538.88
13849.0,51.07708333292976,2,1537.95
12877.0,3.0972222220152617,12,1535.77
15392.0,4.075694444123656,4,1535.53
17837.0,41.859027777798474,8,1535.33
15625.0,103.1034722221084,4,1534.26
13320.0,77.77986111072823,4,1532.2
13107.0,43.91527777770534,4,1531.62
12759.0,51.9173611109145,3,1531.44
14321.0,10.127083333209157,5,1530.75
14567.0,56.103472222108394,2,1530.36
15701.0,1.9243055554106832,4,1529.0
16244.0,211.10555555531755,2,1522.75
16066.0,16.038888888899237,5,1521.04
13213.0,56.047222222201526,5,1520.58
13764.0,70.0326388888061,3,1516.42
14267.0,162.11180555541068,3,1516.24
13791.0,127.04583333292976,2,1516.0
16748.0,17.106249999720603,5,1515.9
16053.0,32.061805555131286,2,1511.95
16434.0,28.93194444430992,7,1511.8
16910.0,3.9993055551312864,8,1508.96
15265.0,150.91944444412366,2,1506.12
12937.0,14.90625,4,1504.27
15916.0,15.961111111100763,8,1502.86
16279.0,20.90972222201526,3,1502.78
15530.0,21.01736111100763,4,1497.31
14414.0,91.02847222192213,7,1496.98
17002.0,85.00694444403052,3,1493.73
16880.0,30.053472221828997,7,1491.43
15057.0,274.89791666623205,2,1489.5
13110.0,30.930555555503815,7,1488.67
13692.0,24.064583333209157,3,1488.32
17553.0,129.11805555550382,1,1487.6
14758.0,144.1868055551313,4,1484.06
16395.0,60.0,5,1482.06
18016.0,31.975694444030523,5,1477.66
14878.0,12.065972222015262,9,1476.09
14403.0,129.99513888871297,4,1475.81
16755.0,113.9784722221084,3,1475.43
12826.0,2.1006944440305233,7,1474.72
14246.0,110.04166666651145,3,1474.06
14963.0,9.023611111100763,5,1472.34
15128.0,59.95555555541068,4,1471.0
17590.0,1.996527777519077,3,1466.77
16016.0,2.9270833330228925,8,1465.51
14875.0,107.02083333302289,2,1465.32
15983.0,21.802777777425945,4,1465.12
12882.0,8.855555555317551,2,1463.04
14233.0,48.87222222192213,4,1462.72
14704.0,19.020833333022892,7,1461.62
17063.0,20.8548611109145,7,1461.14
16996.0,29.83819444430992,6,1456.96
13309.0,6.844444444403052,5,1456.79
13477.0,37.03194444440305,6,1454.58
14541.0,58.112499999813735,8,1453.35
16059.0,65.12083333311602,6,1453.16
14404.0,33.01388888852671,6,1449.32
14740.0,196.77291666623205,3,1448.21
13717.0,31.942361110821366,6,1445.01
13461.0,38.15902777761221,3,1445.0
17073.0,17.043749999720603,4,1444.84
17175.0,43.888194444123656,4,1443.69
15987.0,11.88333333330229,7,1432.77
14566.0,110.07291666651145,1,1432.0
16503.0,106.04444444412366,4,1431.93
13475.0,190.9569444442168,4,1431.78
15427.0,32.93124999990687,3,1430.54
16103.0,6.940277777612209,6,1429.64
13159.0,8.0625,4,1429.35
14035.0,28.115972221828997,5,1428.02
15858.0,15.001388888806105,5,1427.57
15681.0,24.84722222201526,5,1426.16
17571.0,49.87013888871297,4,1424.42
14071.0,3.015972222201526,8,1422.75
15106.0,17.148611111100763,5,1422.52
16463.0,20.950694444123656,4,1422.4
16571.0,26.044444444123656,3,1421.69
14019.0,46.109027777798474,3,1421.61
14901.0,10.820138888899237,9,1421.29
14443.0,53.11111111100763,4,1420.2
16173.0,15.081249999813735,6,1418.32
17856.0,1.1319444440305233,4,1418.03
17288.0,8.861805555410683,7,1417.63
14748.0,28.76180555531755,5,1415.75
16012.0,34.97569444403052,3,1415.29
16245.0,23.10833333292976,3,1413.66
16348.0,31.879166666418314,7,1413.31
15237.0,1.1277777776122093,4,1412.32
15444.0,8.800694444216788,2,1411.21
15596.0,100.07986111100763,5,1406.59
17083.0,108.87986111082137,3,1405.78
15426.0,18.884722222108394,5,1404.07
14649.0,4.013888888526708,4,1402.59
14741.0,11.168055555317551,6,1400.34
15478.0,39.93819444440305,2,1399.92
18116.0,67.07638888852671,8,1399.51
18202.0,199.02638888871297,3,1396.99
13995.0,14.936111110728234,5,1393.69
17354.0,50.09444444440305,1,1393.06
15810.0,78.13333333330229,4,1391.98
13414.0,133.0451388885267,3,1390.5
16271.0,15.026388888712972,4,1389.64
13516.0,20.982638888526708,3,1389.41
16539.0,2.1729166666045785,4,1388.81
15134.0,14.163194444030523,8,1387.99
12952.0,5.09375,4,1387.79
12775.0,16.845138888806105,5,1386.04
13308.0,22.138194444123656,3,1385.51
18167.0,22.870833333116025,3,1384.86
17311.0,77.94374999962747,2,1384.85
13572.0,205.0354166664183,1,1384.25
15898.0,0.8937499998137355,5,1383.83
15051.0,22.88333333330229,3,1383.36
14116.0,19.097916666418314,5,1382.74
16389.0,52.92291666660458,4,1382.07
17621.0,20.81874999962747,3,1379.9
12886.0,67.11180555541068,2,1378.4
15569.0,103.10763888852671,5,1375.71
14434.0,21.16249999962747,6,1372.8
15453.0,1.0770833329297602,7,1371.77
17676.0,3.898611111100763,6,1371.18
15095.0,103.03402777761221,4,1370.6
14507.0,23.02013888861984,6,1367.88
13813.0,39.09166666632518,4,1366.86
14897.0,7.095833333209157,4,1366.38
15563.0,21.993749999906868,3,1361.44
13396.0,28.82708333292976,2,1360.99
16726.0,25.91458333330229,5,1358.74
17054.0,27.995833333116025,5,1356.33
14859.0,12.063888888806105,4,1353.74
15116.0,17.01736111100763,4,1352.75
16079.0,16.001388888806105,3,1352.0
16493.0,79.06944444403052,4,1351.63
12770.0,210.13680555531755,1,1351.45
15411.0,25.896527777425945,4,1348.93
12646.0,4.10833333292976,2,1346.97
14154.0,238.84999999962747,2,1345.62
15398.0,15.83541666623205,2,1345.53
12463.0,52.96249999990687,4,1344.78
16669.0,23.01666666660458,2,1344.48
16317.0,119.00277777761221,3,1341.65
13743.0,2.111805555410683,7,1341.6
18177.0,30.92083333292976,6,1340.87
16045.0,119.00624999962747,4,1340.7
13501.0,287.74374999990687,1,1340.32
15734.0,114.08333333302289,2,1339.45
12620.0,14.104166666511446,3,1339.41
15059.0,40.05208333302289,9,1337.72
17372.0,40.05069444421679,8,1337.18
12919.0,7.9604166662320495,6,1335.19
14064.0,28.98333333292976,5,1334.34
15680.0,8.961111111100763,3,1333.68
17932.0,28.709027777425945,3,1331.57
12676.0,24.01736111100763,6,1331.39
16295.0,9.189583333209157,4,1328.55
13232.0,12.09097222192213,7,1327.75
15146.0,164.02847222192213,2,1327.16
17633.0,30.975694444030523,4,1324.84
17095.0,22.02013888861984,3,1324.16
16110.0,44.92708333302289,3,1320.95
14591.0,14.953472222201526,4,1320.21
14794.0,2.1104166666045785,7,1319.91
16083.0,100.08541666623205,2,1317.62
12526.0,0.028472221922129393,3,1316.66
12854.0,78.02430555550382,3,1316.25
14921.0,29.981249999720603,2,1316.07
12576.0,35.11041666660458,5,1315.83
14511.0,10.822916666511446,5,1314.81
14973.0,106.87430555513129,3,1314.45
14738.0,42.16249999962747,7,1314.45
16040.0,64.96041666623205,3,1313.55
12364.0,7.102777777705342,4,1313.1
17004.0,45.93402777751908,2,1312.14
12516.0,77.15069444430992,2,1312.06
14477.0,19.06874999962747,4,1309.6
16120.0,58.936111110728234,4,1309.14
14047.0,8.046527777798474,5,1308.61
13328.0,315.8944444442168,1,1308.48
14297.0,17.155555555131286,4,1305.33
12507.0,133.82013888889924,3,1304.81
17919.0,87.96458333311602,1,1304.04
15813.0,207.19236111082137,2,1303.91
16370.0,81.87152777751908,4,1301.91
15108.0,141.10138888889924,4,1300.25
13168.0,35.995833333116025,4,1299.59
16464.0,19.027083333116025,3,1298.66
12488.0,9.166666666511446,3,1298.66
12372.0,71.02638888871297,3,1298.04
15602.0,7.941666666418314,9,1297.87
17961.0,20.82986111100763,39,1296.44
16929.0,3.175694444216788,7,1295.39
16224.0,56.790972222108394,4,1295.3
15621.0,3.9506944441236556,4,1293.03
16744.0,10.98888888861984,7,1291.91
16101.0,70.10555555531755,1,1290.7
14856.0,35.91458333330229,3,1290.53
15171.0,330.8847222221084,1,1289.5
15136.0,2.0166666666045785,4,1286.7
16949.0,3.0715277777053416,6,1286.27
17802.0,81.91249999962747,3,1285.04
17350.0,7.877083333209157,4,1281.32
13538.0,42.84444444440305,7,1280.85
15494.0,20.915972222108394,2,1280.58
16951.0,134.03125,3,1277.75
16692.0,255.91944444412366,2,1276.0
12394.0,63.19583333330229,2,1272.48
13878.0,54.021527777425945,1,1271.57
16899.0,7.032638888806105,6,1271.06
12630.0,9.084722221828997,2,1270.88
13492.0,135.93402777751908,3,1269.84
14898.0,22.913888888899237,6,1269.31
13431.0,66.95902777742594,2,1269.1
14916.0,70.14583333302289,4,1268.98
15199.0,58.90138888871297,4,1268.7
16660.0,15.91458333330229,4,1267.65
17037.0,87.00069444440305,1,1267.32
17158.0,31.899305555503815,3,1266.97
14105.0,238.78611111082137,1,1266.23
13989.0,65.12708333320916,2,1266.08
16842.0,100.08888888871297,3,1264.19
15497.0,17.040972222108394,2,1262.2
16688.0,0.8930555554106832,4,1260.86
17388.0,77.09652777761221,4,1259.56
15009.0,11.96875,3,1259.43
14669.0,241.04652777779847,3,1259.24
17019.0,10.98888888861984,4,1258.08
17412.0,2.05138888861984,7,1258.06
13151.0,295.01458333292976,1,1257.87
16639.0,30.979166666511446,3,1257.51
17481.0,3.015277777798474,4,1255.59
13848.0,91.99444444430992,3,1255.0
17262.0,51.995833333116025,5,1253.36
14383.0,37.87291666632518,3,1247.69
12689.0,25.179861111100763,2,1247.61
13029.0,30.15069444430992,3,1247.5
12494.0,15.136111110914499,7,1246.1
13860.0,0.9951388887129724,5,1245.9
16531.0,21.847916666418314,7,1244.59
17584.0,6.818055555224419,2,1242.3
17588.0,99.96736111072823,3,1240.2
17731.0,78.90833333320916,4,1240.11
12985.0,0.08611111110076308,2,1239.38
13476.0,178.03472222201526,2,1238.47
14893.0,9.013194444123656,2,1237.85
13931.0,95.10972222220153,2,1237.53
15201.0,86.91458333330229,5,1236.54
18080.0,18.199999999720603,2,1231.5
18171.0,58.15069444430992,5,1231.31
15910.0,0.08263888861984015,8,1228.88
14913.0,35.18124999990687,4,1227.43
12997.0,21.877083333209157,4,1226.89
12412.0,74.10694444412366,3,1226.88
15841.0,72.02430555550382,4,1224.06
14428.0,6.981249999720603,5,1224.06
15376.0,39.90694444440305,3,1221.56
15004.0,146.94791666651145,1,1220.38
14745.0,112.11458333302289,5,1220.26
15227.0,36.035416666418314,5,1219.4
14698.0,1.0166666666045785,5,1217.27
13491.0,51.17916666623205,10,1215.82
17410.0,15.87777777761221,5,1214.72
13055.0,77.93333333311602,3,1214.41
17774.0,96.00069444440305,4,1213.73
18263.0,25.15972222201526,3,1213.16
13918.0,49.01736111100763,2,1212.84
16653.0,15.915972222108394,2,1212.66
12464.0,9.970138888806105,8,1212.05
17653.0,36.00277777761221,4,1207.56
16762.0,19.046527777798474,3,1207.24
14684.0,25.053472221828997,5,1201.51
13158.0,94.03611111082137,4,1201.06
17320.0,99.97152777761221,3,1200.62
15605.0,35.93958333320916,5,1198.23
13118.0,19.00277777761221,5,1197.81
16794.0,0.7888888888992369,10,1196.5
17720.0,25.906944444403052,4,1195.94
17526.0,4.072916666511446,4,1195.9
15145.0,3.8118055551312864,4,1194.73
12611.0,51.984722222201526,1,1193.32
13208.0,58.85069444403052,5,1193.17
13882.0,2.0652777776122093,5,1191.13
12462.0,18.152083333116025,2,1189.59
15737.0,14.061805555131286,8,1188.12
16612.0,32.21666666632518,4,1187.66
15630.0,44.884722222108394,2,1186.35
17800.0,36.99513888871297,9,1186.21
17058.0,81.10902777779847,3,1179.89
16950.0,56.155555555131286,3,1178.56
16042.0,21.791666666511446,5,1177.47
13752.0,123.94027777761221,6,1175.38
12885.0,62.96527777751908,3,1175.22
12640.0,23.04027777770534,3,1174.58
15306.0,63.995833333116025,3,1174.35
13564.0,353.8333333330229,2,1174.03
14857.0,59.143749999813735,2,1173.12
12358.0,1.099999999627471,2,1168.06
13500.0,22.885416666511446,3,1166.77
14487.0,26.02291666623205,6,1165.48
14737.0,3.1069444441236556,3,1164.55
14261.0,50.115277777425945,2,1163.45
14447.0,18.18194444430992,5,1163.23
16800.0,10.947222222108394,1,1162.65
12546.0,46.02847222192213,2,1161.5
15088.0,20.98333333292976,2,1160.07
18168.0,175.7284722221084,6,1160.04
13499.0,17.061805555131286,5,1159.11
16184.0,63.796527777798474,6,1158.79
17867.0,29.94097222201526,6,1157.87
17348.0,14.059027777519077,5,1156.6
16637.0,31.981249999720603,4,1154.47
13611.0,88.9159722221084,3,1154.4
16062.0,9.024305555503815,4,1153.62
12710.0,96.03472222201526,3,1149.02
17505.0,161.0,2,1145.84
16766.0,272.8944444442168,2,1145.6
12769.0,238.10069444403052,1,1143.6
17770.0,198.0111111109145,5,1143.27
15985.0,122.84652777761221,2,1142.42
16270.0,352.933333333116,1,1141.24
13330.0,92.01597222220153,3,1140.93
13819.0,301.0916666663252,3,1140.35
16172.0,94.97777777770534,5,1140.21
17135.0,15.834722221828997,7,1139.73
17500.0,16.934027777519077,3,1138.0
17302.0,14.134722222108394,5,1135.63
17242.0,107.91319444403052,2,1135.04
15489.0,22.16458333330229,3,1134.28
16989.0,6.840972221922129,6,1133.25
13282.0,17.88680555531755,3,1132.14
13310.0,27.81041666632518,3,1132.03
18125.0,29.01458333292976,4,1131.75
15500.0,7.9604166662320495,4,1131.56
13447.0,22.96666666632518,3,1129.14
14824.0,9.9375,4,1127.71
12609.0,77.84444444440305,3,1126.85
14708.0,2.1868055551312864,3,1126.37
17470.0,44.00555555522442,5,1125.07
14129.0,1.0749999997206032,5,1123.86
13772.0,33.046527777798474,3,1122.63
13486.0,77.98402777779847,3,1122.41
17562.0,13.936805555131286,7,1122.38
16807.0,142.03472222201526,3,1121.59
16086.0,58.98680555541068,5,1121.39
15730.0,65.01319444412366,3,1120.88
14723.0,9.893749999813735,6,1120.66
14276.0,98.12847222201526,3,1119.74
12842.0,69.88680555531755,2,1118.99
17894.0,71.14374999981374,8,1118.54
17788.0,73.11180555541068,2,1117.9
13591.0,64.01666666660458,3,1117.13
17585.0,108.97222222201526,4,1116.68
16350.0,20.87291666632518,4,1116.47
16714.0,316.96111111110076,2,1114.06
12679.0,58.01388888852671,4,1113.02
14817.0,199.96875,2,1110.34
15069.0,178.9402777776122,1,1109.53
12399.0,118.98263888852671,4,1108.65
15933.0,20.98333333292976,3,1107.46
16833.0,0.9243055554106832,4,1106.53
12857.0,210.10416666651145,2,1106.4
14102.0,4.883333333302289,5,1105.88
13064.0,12.013194444123656,4,1105.59
14948.0,22.81527777761221,6,1101.97
15716.0,145.0354166664183,4,1101.11
17047.0,84.97430555522442,3,1100.9
14744.0,15.999305555131286,7,1099.98
14410.0,91.90416666632518,9,1099.27
15978.0,76.89513888861984,1,1098.78
13104.0,2.986111111007631,6,1098.48
17966.0,37.09999999962747,5,1098.43
17609.0,40.015277777798474,5,1098.28
14971.0,34.82152777770534,3,1097.98
14161.0,215.04791666660458,3,1097.62
16225.0,44.180555555503815,5,1096.32
13211.0,9.921527777798474,3,1095.42
13652.0,45.165972222108394,3,1095.08
15745.0,18.961805555503815,4,1094.59
15608.0,27.979166666511446,4,1093.68
18189.0,77.00694444403052,2,1090.24
13853.0,56.938888888806105,1,1090.14
12534.0,130.09999999962747,1,1089.18
15763.0,31.129166666418314,2,1086.92
16533.0,18.987499999813735,3,1082.81
13610.0,11.88333333330229,7,1082.33
14561.0,75.00763888889924,3,1080.76
13744.0,94.89652777742594,2,1080.52
13726.0,38.084027777425945,2,1079.66
15197.0,10.118055555503815,3,1079.61
12354.0,231.98541666660458,1,1079.4
14352.0,156.88124999962747,4,1078.96
16094.0,11.003472222015262,4,1078.23
16563.0,53.040972222108394,1,1077.74
13715.0,280.7284722221084,5,1077.39
16049.0,39.9798611109145,3,1074.81
13131.0,22.978472222108394,3,1073.3
15712.0,8.945138888899237,5,1072.36
15238.0,28.93194444430992,3,1071.99
13467.0,10.117361111100763,2,1071.91
17041.0,26.061805555131286,3,1071.49
13635.0,67.07986111100763,1,1071.03
13761.0,49.950694444123656,2,1070.65
14212.0,89.00347222201526,1,1070.48
13521.0,0.9583333330228925,3,1070.47
16200.0,3.923611111007631,2,1068.87
16918.0,49.0,6,1068.82
15436.0,11.864583333022892,3,1067.75
17522.0,1.0131944441236556,5,1066.15
15027.0,30.106944444123656,4,1066.15
17277.0,227.00208333320916,2,1065.35
14488.0,67.13888888852671,1,1064.28
12951.0,8.024999999906868,6,1064.07
15801.0,45.95694444421679,3,1063.95
12936.0,16.80416666623205,4,1063.9
12815.0,147.1034722221084,2,1063.46
14411.0,310.0791666666046,1,1063.0
16214.0,170.05555555550382,3,1062.75
15706.0,63.11180555541068,4,1060.56
17727.0,14.822222222108394,1,1060.25
18130.0,14.92361111100763,3,1059.39
17214.0,59.9812499997206,6,1059.12
13455.0,24.061805555131286,2,1058.34
15977.0,16.972916666418314,2,1054.73
12716.0,3.1631944440305233,2,1053.49
14419.0,10.061111110728234,6,1051.79
16416.0,26.0,3,1051.4
15329.0,38.884722222108394,3,1049.7
14078.0,101.02361111110076,6,1049.37
17287.0,25.97430555522442,7,1049.06
15839.0,32.95555555541068,3,1048.49
16728.0,45.92638888861984,4,1048.28
15777.0,240.83819444430992,4,1047.11
15407.0,33.03819444403052,4,1046.74
16520.0,185.97638888889924,3,1046.57
14293.0,2.8979166662320495,4,1046.56
15464.0,337.870833333116,1,1044.65
15192.0,119.04791666660458,3,1044.32
14389.0,64.89791666623205,2,1043.46
15073.0,9.087499999906868,3,1043.41
12497.0,81.01458333292976,1,1043.1
13719.0,14.891666666604578,5,1041.68
18221.0,21.92361111100763,5,1041.61
15434.0,7.970138888806105,5,1041.48
16320.0,171.89236111100763,2,1038.46
14465.0,246.0083333333023,3,1038.44
16175.0,93.92916666623205,4,1037.59
17042.0,2.0166666666045785,5,1036.58
12691.0,27.834027777425945,6,1035.8
16260.0,50.13194444403052,1,1035.45
13639.0,73.96805555513129,1,1033.34
14584.0,168.76180555531755,4,1033.06
17724.0,70.89166666660458,3,1033.0
15996.0,87.89999999990687,6,1032.58
12599.0,28.969444444403052,7,1032.58
17405.0,0.8180555552244186,3,1031.41
12724.0,4.8666666662320495,4,1031.41
13235.0,211.81736111082137,1,1031.07
12717.0,150.9187499997206,2,1030.98
13253.0,156.11180555541068,2,1030.4
17033.0,85.92777777742594,3,1030.14
15333.0,207.97430555522442,1,1028.56
16980.0,254.8430555551313,2,1028.46
16682.0,4.02569444430992,5,1028.0
16160.0,64.93819444440305,2,1025.44
14904.0,1.996527777519077,2,1025.44
15658.0,189.8944444442168,5,1024.1
17096.0,14.90902777761221,4,1022.13
14346.0,120.12708333320916,2,1021.58
13165.0,45.90625,2,1021.48
12572.0,8.145833333022892,2,1020.42
13376.0,98.85694444412366,3,1019.76
18142.0,156.9798611109145,2,1019.52
13956.0,4.979166666511446,5,1019.27
12828.0,2.170138888526708,6,1018.71
12514.0,266.8416666663252,1,1017.68
13728.0,36.084027777425945,6,1016.14
12642.0,24.907638888806105,3,1013.26
12739.0,77.99305555550382,2,1013.04
17197.0,29.095833333209157,1,1013.01
14195.0,201.0979166664183,2,1012.0
14775.0,57.890972222201526,3,1011.9
16229.0,86.81527777761221,2,1010.6
13032.0,51.87222222192213,2,1010.18
14224.0,109.97638888889924,4,1009.73
16572.0,126.84444444440305,3,1009.6
16174.0,125.97499999962747,3,1009.55
17951.0,39.01388888852671,3,1008.54
17646.0,218.9812499997206,3,1008.39
14631.0,50.06458333320916,3,1006.98
13429.0,10.152777777519077,4,1006.8
14446.0,0.052777777425944805,4,1005.55
13867.0,30.876388888806105,3,1005.09
14214.0,30.09652777761221,5,1004.38
13410.0,23.88680555531755,5,1003.06
14083.0,3.98333333292976,9,1002.9
12446.0,57.0,1,1002.31
12545.0,74.96597222192213,2,1000.39
15508.0,188.87986111082137,6,1000.27
18143.0,116.02986111072823,2,1000.16
12722.0,84.91666666651145,4,997.63
15110.0,23.06527777761221,4,996.1
15104.0,196.01458333292976,2,993.54
17594.0,84.84444444440305,2,993.18
12849.0,30.964583333116025,2,992.65
13363.0,17.006944444030523,2,992.5
14223.0,91.96666666632518,3,991.13
16232.0,43.02361111110076,4,990.88
14514.0,60.86458333302289,3,990.2
17126.0,151.9569444442168,5,989.45
15062.0,70.83263888861984,4,987.86
18237.0,2.0006944444030523,5,987.1
14583.0,5.012499999720603,5,986.96
17324.0,17.094444444403052,4,986.48
13117.0,21.033333333209157,8,984.91
17144.0,0.7868055552244186,2,984.57
12510.0,142.1076388885267,2,982.57
15133.0,127.08749999990687,3,982.42
15071.0,93.04652777779847,2,982.07
16188.0,44.021527777425945,4,981.86
16085.0,22.976388888899237,5,981.51
12541.0,29.090277777519077,3,981.18
18170.0,32.92708333302289,3,980.31
13509.0,8.11111111100763,7,979.72
13350.0,15.845138888806105,2,979.12
15132.0,17.819444444030523,5,977.93
14920.0,212.09583333320916,2,977.77
13026.0,0.8277777777984738,5,975.36
16376.0,8.049999999813735,2,974.96
14522.0,23.976388888899237,4,974.54
15449.0,25.908333333209157,3,974.52
12994.0,3.8798611108213663,3,974.42
18194.0,81.97291666641831,1,973.84
16009.0,21.83263888861984,4,972.11
15506.0,22.027083333116025,3,972.08
13155.0,32.88124999962747,4,971.76
17100.0,17.843055555131286,2,971.74
14256.0,259.9812499997206,2,969.06
14138.0,1.004166666418314,2,965.88
15793.0,14.138194444123656,3,965.61
15860.0,40.05902777751908,8,965.16
12550.0,78.92708333302289,1,964.83
14931.0,4.104861110914499,4,964.68
13138.0,21.83263888861984,6,962.39
14006.0,115.13263888889924,3,962.19
15156.0,0.7694444442167878,3,961.49
16419.0,112.01180555531755,6,958.71
18192.0,71.12291666632518,1,957.97
13823.0,18.10277777770534,2,957.66
12697.0,28.168749999720603,3,957.59
14629.0,3.829861111007631,2,955.26
15948.0,7.887499999720603,2,955.24
17244.0,52.896527777425945,1,954.9
17097.0,1.8229166665114462,8,954.42
15835.0,43.87708333320916,4,954.09
14540.0,9.107638888526708,3,952.66
15421.0,58.14583333302289,4,950.36
13636.0,36.09722222201526,5,949.12
12822.0,70.11527777742594,2,948.88
17044.0,24.93194444430992,1,948.48
13748.0,95.12847222201526,5,948.25
12458.0,70.89236111100763,2,947.4
15747.0,12.016666666604578,3,946.64
13261.0,268.0194444442168,2,944.1
12820.0,2.9013888887129724,4,942.34
14075.0,4.1749999998137355,3,942.26
15289.0,28.959027777425945,3,939.78
17527.0,53.0124999997206,4,939.37
17227.0,18.08263888861984,6,939.32
16584.0,79.96180555550382,2,936.08
14140.0,3.15625,2,935.05
16027.0,91.08541666623205,6,934.62
15787.0,25.913194444030523,3,933.26
13655.0,113.93402777751908,2,932.97
14532.0,235.9895833330229,4,932.85
18133.0,211.9416666664183,1,931.5
16934.0,54.00694444403052,2,931.03
17289.0,31.03402777761221,3,931.02
17552.0,59.82638888852671,4,930.41
17618.0,5.041666666511446,3,930.28
16907.0,28.781944444403052,5,928.76
14475.0,71.08611111110076,3,925.85
12924.0,87.95486111100763,4,925.75
14231.0,183.07291666651145,3,925.71
17048.0,117.0423611109145,3,925.35
15312.0,74.98611111100763,4,924.85
13805.0,51.916666666511446,2,924.6
15654.0,8.987499999813735,2,922.53
13122.0,93.87291666632518,2,922.39
16551.0,95.13333333330229,3,922.12
13934.0,263.1743055554107,1,922.1
13035.0,73.16180555522442,2,921.88
14081.0,301.8562499997206,2,921.62
15576.0,37.032638888806105,1,921.37
13984.0,26.00833333330229,5,920.51
17018.0,40.047222222201526,2,920.1
12652.0,330.90972222201526,1,919.98
13075.0,129.1048611109145,1,919.61
15253.0,15.852777777705342,5,918.2
13549.0,25.145833333022892,7,918.2
14015.0,52.11666666623205,1,917.34
14712.0,28.993749999906868,3,917.07
15707.0,34.92708333302289,4,916.98
16511.0,21.089583333116025,3,916.33
17236.0,12.034722222015262,6,916.13
14141.0,2.1229166663251817,4,915.13
16216.0,266.8861111109145,1,914.93
16809.0,22.87847222201526,5,914.69
15587.0,49.967361110728234,4,913.68
15364.0,95.12777777761221,2,913.19
14359.0,18.981249999720603,3,912.18
13192.0,94.94236111082137,2,911.94
14289.0,8.04583333292976,6,911.26
13689.0,62.978472222108394,1,910.0
13782.0,12.038888888899237,6,908.86
13038.0,79.92569444421679,3,908.46
15480.0,115.92916666623205,1,905.5
15807.0,49.94444444403052,3,903.9
17323.0,14.806249999906868,7,903.12
17848.0,80.83402777742594,9,901.2
16716.0,266.115972221829,2,901.2
15511.0,11.129861110821366,5,900.53
12940.0,54.02847222192213,2,899.69
14625.0,195.8874999997206,2,899.63
13810.0,28.178472221828997,2,899.51
15079.0,212.00347222201526,4,895.61
15865.0,40.004861110821366,3,895.13
15211.0,59.97152777761221,2,894.41
15066.0,52.97569444403052,1,893.59
12772.0,59.146527777425945,1,892.47
16361.0,9.012499999720603,4,891.21
13515.0,72.05833333311602,4,891.12
15255.0,66.00486111082137,1,890.85
14240.0,29.961805555503815,2,890.34
17007.0,50.08541666623205,6,889.93
14344.0,126.95763888861984,8,889.93
17829.0,298.0027777776122,1,889.24
17537.0,29.07916666660458,2,887.67
16900.0,16.095833333209157,3,887.11
14449.0,18.030555555131286,4,885.8
15822.0,2.9166666665114462,2,885.47
17704.0,168.13194444403052,2,885.19
15799.0,75.00277777761221,3,884.14
18236.0,29.197222222108394,6,882.24
14623.0,31.95416666660458,5,882.02
15907.0,3.02013888861984,3,881.87
17109.0,28.82708333292976,6,881.29
13662.0,85.03194444440305,3,881.26
13037.0,137.8777777776122,3,881.07
15076.0,172.18541666632518,1,880.85
17027.0,78.01805555541068,6,877.56
15653.0,92.08402777742594,2,877.44
14770.0,231.9368055551313,2,876.42
15100.0,333.09375,3,876.0
16513.0,4.105555555317551,4,874.59
16657.0,9.043055555317551,4,874.43
13294.0,189.16388888889924,2,873.74
15208.0,0.8097222219221294,5,870.12
13200.0,18.885416666511446,4,870.09
13979.0,72.97083333320916,1,869.87
17566.0,7.705555555410683,2,869.77
12694.0,69.98888888861984,2,869.67
13203.0,9.086805555503815,4,869.46
17886.0,31.111805555410683,3,869.28
17649.0,137.87291666632518,1,868.49
14912.0,16.145833333022892,2,867.85
14715.0,24.027777777519077,4,867.38
16235.0,40.07916666660458,5,867.31
14597.0,10.984027777798474,2,866.24
16567.0,193.95347222220153,2,865.6
13846.0,24.029861110728234,3,865.06
12680.0,0.0,4,862.81
16266.0,73.02916666632518,7,861.89
16221.0,36.046527777798474,3,860.86
12794.0,52.91388888889924,2,860.41
13339.0,200.17986111110076,1,860.12
14577.0,12.002083333209157,4,859.71
14553.0,18.979166666511446,5,859.27
13566.0,40.035416666418314,2,856.84
16163.0,231.89930555550382,2,856.6
12693.0,126.7909722221084,4,855.91
17064.0,58.10555555531755,3,855.45
16037.0,269.1506944443099,3,855.02
12878.0,235.9881944442168,2,854.99
17560.0,94.147222221829,4,854.95
16121.0,56.99374999990687,2,854.66
14193.0,67.1361111109145,2,853.39
15022.0,11.010416666511446,4,852.39
12379.0,81.11180555541068,2,852.24
16070.0,21.875,2,852.15
13991.0,11.855555555317551,6,851.88
16020.0,16.063888888806105,3,851.01
18096.0,11.004166666418314,3,849.06
12713.0,0.023611111100763083,1,848.55
14657.0,17.002083333209157,4,848.22
16347.0,10.98333333292976,2,847.45
16877.0,11.96041666623205,6,846.62
14803.0,161.95277777779847,3,845.55
13221.0,239.82777777779847,2,844.86
12847.0,21.981944444123656,1,843.64
17624.0,14.081944444216788,2,843.48
17929.0,10.867361111100763,4,843.0
13929.0,168.89166666660458,2,842.65
16108.0,84.04305555531755,1,842.5
16560.0,26.09375,2,841.41
14862.0,25.117361111100763,2,841.2
17076.0,35.78958333330229,3,841.08
14332.0,22.038888888899237,3,840.21
13940.0,16.899305555503815,4,839.14
17115.0,7.930555555503815,3,837.5
16554.0,41.915972222108394,3,837.1
15832.0,253.88958333292976,1,836.79
12728.0,70.88819444412366,4,836.33
16747.0,37.05069444421679,2,836.06
17169.0,57.10069444403052,2,835.78
13835.0,24.88402777770534,4,834.57
17075.0,17.036111110821366,4,834.12
16644.0,177.00763888889924,2,833.78
15862.0,7.973611110821366,4,832.88
14644.0,67.18055555550382,2,830.76
16924.0,20.99791666632518,3,829.89
13681.0,17.067361110821366,4,827.83
12461.0,93.82847222220153,2,826.88
12781.0,63.092361110728234,2,826.74
16494.0,296.00069444440305,1,826.53
12427.0,21.16249999962747,3,825.8
15164.0,68.03125,3,824.58
16164.0,16.906944444403052,3,822.48
12778.0,19.055555555503815,6,822.23
13893.0,297.0555555555038,1,821.1
17921.0,63.745833333116025,4,820.23
13220.0,77.96666666632518,4,819.29
17759.0,16.86666666623205,3,818.71
16092.0,114.08611111110076,3,817.86
16869.0,22.033333333209157,4,817.12
16943.0,211.03680555522442,3,816.73
15649.0,335.96944444440305,2,816.0
15399.0,0.9902777774259448,3,815.77
18064.0,132.84097222192213,2,814.0
16600.0,3.8680555555038154,6,813.52
16621.0,51.049999999813735,4,813.48
14421.0,56.97638888889924,2,813.11
16284.0,30.859722222201526,2,812.68
17980.0,165.0340277776122,3,811.45
16460.0,27.961111111100763,3,811.23
16276.0,176.1361111109145,1,810.6
16624.0,80.00763888889924,2,810.57
15965.0,16.837499999906868,4,808.87
14499.0,25.992361111100763,3,808.44
15533.0,18.885416666511446,3,807.57
12421.0,15.154861110728234,4,807.04
13707.0,266.7826388888061,2,806.41
12434.0,84.00833333330229,2,806.14
18248.0,122.1048611109145,2,804.02
12422.0,95.1263888888061,3,803.56
15644.0,165.91388888889924,4,803.54
13637.0,51.97083333320916,3,803.05
18265.0,71.94444444403052,2,801.51
17114.0,5.0229166662320495,8,801.12
16367.0,36.984027777798474,2,800.67
15561.0,11.071527777705342,4,800.59
13720.0,116.00277777761221,4,799.9
17905.0,70.803472221829,4,798.99
17703.0,34.874305555131286,3,798.74
13280.0,121.98333333292976,3,798.46
16438.0,5.08263888861984,5,798.35
13389.0,10.950694444123656,3,797.96
12701.0,79.08541666623205,2,797.71
13336.0,76.94791666651145,1,795.12
15831.0,57.98333333292976,3,794.64
15990.0,43.86944444430992,2,792.11
13016.0,72.94583333330229,3,789.89
14976.0,56.842361110728234,7,789.86
16759.0,7.005555555224419,3,789.79
13329.0,31.097916666418314,2,789.0
14557.0,84.8763888888061,1,788.38
13323.0,2.8180555552244186,5,787.85
13884.0,6.847222222015262,5,787.6
16546.0,290.0625,2,787.15
13212.0,19.006944444030523,3,786.83
13109.0,59.106944444123656,2,786.54
12628.0,3.982638888526708,3,786.46
15806.0,45.92708333302289,3,784.58
18136.0,62.88194444403052,3,784.33
17180.0,55.87777777761221,4,783.97
16054.0,144.98749999981374,1,783.9
15952.0,33.063888888806105,4,781.91
17006.0,4.028472221922129,4,781.78
15679.0,23.8548611109145,4,781.28
13583.0,155.09027777751908,1,781.03
15239.0,9.941666666418314,2,780.59
17797.0,21.978472222108394,3,780.43
18228.0,56.14513888861984,2,779.9
12735.0,314.96736111072823,2,779.57
13167.0,18.018055555410683,4,779.33
17411.0,11.934027777519077,3,778.94
13375.0,88.1048611109145,1,778.65
14815.0,36.05138888861984,2,778.5
17414.0,43.02569444430992,2,778.0
16505.0,31.024999999906868,1,777.6
13563.0,83.92013888852671,2,777.53
12425.0,77.80486111110076,1,777.2
15618.0,32.177777777425945,4,776.85
15743.0,15.813194444403052,4,775.96
13314.0,1.0145833329297602,3,775.94
13341.0,260.125,1,775.85
16825.0,38.040972222108394,2,775.18
15414.0,9.125,3,774.9
16043.0,37.0,4,773.99
16222.0,317.9666666663252,1,773.55
15075.0,77.01597222220153,1,773.03
17764.0,50.07430555531755,2,772.55
17409.0,184.0930555551313,2,771.85
15353.0,254.02430555550382,2,770.12
14412.0,42.086805555503815,2,770.03
12965.0,88.88819444412366,1,769.81
16480.0,75.04861111100763,1,769.29
13356.0,79.928472221829,1,768.24
14672.0,234.1048611109145,2,765.55
17695.0,131.09027777751908,2,765.34
14885.0,131.03125,1,765.32
17516.0,14.83263888861984,5,764.88
17268.0,107.11388888861984,4,763.64
17466.0,9.982638888526708,2,763.28
15599.0,26.04583333292976,2,761.74
14883.0,18.10208333330229,6,761.59
17425.0,18.888888888526708,2,759.17
16036.0,86.91458333330229,2,758.92
15568.0,2.0576388887129724,3,758.29
12413.0,66.15972222201526,3,758.1
14550.0,10.026388888712972,2,757.37
16770.0,57.02013888861984,5,757.1
16725.0,301.8319444442168,6,756.82
15223.0,225.05486111110076,2,755.75
13370.0,371.09999999962747,1,754.87
18104.0,36.94652777770534,1,754.64
14234.0,21.78958333330229,4,754.12
16470.0,51.027083333116025,4,752.77
13730.0,135.1770833330229,2,752.6
13030.0,10.930555555503815,2,752.44
16256.0,266.022222221829,1,752.43
16205.0,30.137499999720603,4,751.03
12908.0,175.88263888889924,2,750.0
17146.0,105.00416666641831,3,749.78
14923.0,50.040972222108394,1,749.1
15656.0,44.91249999962747,4,748.5
16859.0,144.02152777742594,2,747.81
14201.0,59.97430555522442,7,747.44
17387.0,19.076388888526708,2,746.81
14050.0,31.118055555503815,2,746.36
17034.0,15.899999999906868,3,745.52
14790.0,16.140277777798474,4,745.06
13950.0,10.92083333292976,4,745.06
13236.0,24.0,2,744.85
13354.0,70.9812499997206,1,743.53
16730.0,51.94374999962747,3,743.11
12374.0,24.88402777770534,1,742.93
16891.0,1.0659722220152617,5,742.43
12465.0,16.844444444403052,2,742.19
14662.0,28.02569444430992,4,741.37
13753.0,287.0013888888061,1,741.26
13900.0,182.72499999962747,3,740.95
15252.0,35.97222222201526,2,740.78
12603.0,21.088888888712972,1,739.2
14756.0,14.77569444430992,1,738.96
12976.0,211.12152777751908,1,738.6
16806.0,102.89097222220153,4,736.21
17461.0,22.103472222108394,3,735.82
15074.0,104.92013888852671,1,735.67
15045.0,151.053472221829,2,735.66
15215.0,46.04791666660458,3,734.94
16146.0,156.9375,3,734.13
13575.0,22.98333333292976,5,732.07
16099.0,49.984027777798474,3,731.9
15525.0,1.9215277777984738,3,731.87
16491.0,46.10555555531755,1,731.5
14778.0,126.89374999981374,2,730.86
13736.0,4.896527777425945,2,729.8
12468.0,187.05138888861984,2,729.54
17979.0,35.03125,4,729.01
16261.0,16.81041666632518,4,728.54
17666.0,3.1555555551312864,2,728.16
13077.0,0.7263888888992369,4,728.02
13623.0,30.03472222201526,5,727.74
14055.0,105.90694444440305,1,725.64
17692.0,126.95069444412366,4,725.58
16140.0,65.02430555550382,2,725.18
12723.0,3.1048611109144986,5,725.07
15636.0,89.06458333320916,2,724.76
12475.0,53.11111111100763,1,723.38
17521.0,29.061111110728234,3,723.21
15272.0,56.99374999990687,2,721.94
14869.0,8.009722222108394,2,721.45
15584.0,23.07986111100763,4,720.86
18062.0,172.9187499997206,3,720.52
16023.0,45.84444444440305,3,719.81
15581.0,155.9486111109145,10,717.43
15274.0,3.828472222201526,2,716.57
12535.0,91.16805555531755,2,716.35
15400.0,91.95347222220153,5,716.2
17888.0,20.961805555503815,8,716.0
17029.0,110.0722222221084,2,716.0
15330.0,31.791666666511446,2,714.96
15757.0,65.02499999990687,2,714.42
18035.0,35.00763888889924,3,713.89
12616.0,94.89791666623205,2,713.3
13169.0,63.027083333116025,2,712.88
13147.0,9.95208333292976,4,712.8
17761.0,32.10208333330229,1,712.78
13416.0,43.16249999962747,2,712.5
13587.0,63.013194444123656,1,712.4
17642.0,119.15208333311602,2,712.29
15855.0,136.10416666651145,5,712.24
13705.0,7.012499999720603,3,711.86
17179.0,177.834722221829,3,711.79
13249.0,91.97499999962747,3,711.41
14867.0,185.04930555541068,3,710.28
16362.0,31.992361111100763,5,709.99
14127.0,122.08402777742594,3,709.71
16136.0,59.15277777751908,3,709.38
15951.0,8.177777777425945,2,708.22
16449.0,197.10069444403052,2,707.69
12453.0,133.9458333333023,1,707.09
16309.0,105.88541666651145,2,706.57
14126.0,7.045138888526708,3,706.13
16364.0,11.057638888712972,2,705.79
16882.0,66.08888888871297,3,705.12
16015.0,3.077777777798474,3,704.26
17934.0,51.06527777761221,2,704.25
12612.0,73.88541666651145,1,704.04
17974.0,24.050694444216788,3,703.99
12883.0,24.137499999720603,4,703.47
15103.0,30.91458333330229,2,703.36
16997.0,287.8069444443099,3,702.0
14179.0,40.029861110728234,2,701.57
14198.0,17.84375,4,701.4
14356.0,79.147222221829,2,701.23
13238.0,16.88402777770534,4,700.73
17734.0,53.01180555531755,3,700.63
17812.0,12.043749999720603,4,699.81
17423.0,45.968055555131286,2,698.41
14829.0,28.856944444123656,4,697.55
17472.0,190.91180555522442,3,697.54
15800.0,106.93541666632518,2,696.89
15700.0,171.83124999981374,2,696.68
14009.0,197.87708333320916,2,695.61
14959.0,63.768749999813735,4,695.42
17884.0,3.053472221828997,4,695.07
15304.0,60.10208333330229,8,694.4
12925.0,4.068749999627471,2,694.05
15053.0,4.029166666325182,3,693.95
14643.0,169.92291666660458,2,693.81
12410.0,308.09097222192213,2,693.33
13601.0,44.80486111110076,2,693.32
14111.0,13.962499999906868,4,692.85
17198.0,23.09097222192213,3,692.22
17733.0,38.19027777761221,2,692.19
14880.0,76.96388888871297,3,690.59
16212.0,18.993055555503815,2,690.34
17796.0,39.88333333330229,4,690.0
18085.0,329.89791666623205,2,689.95
13023.0,63.84930555522442,2,689.9
15181.0,65.95277777779847,3,689.48
17502.0,8.984027777798474,4,689.1
13799.0,116.02986111072823,2,688.86
16642.0,4.054861111100763,2,688.33
18196.0,94.85277777770534,2,686.63
12658.0,18.10277777770534,1,686.05
15038.0,58.053472221829,6,685.74
16122.0,72.8861111109145,4,684.42
15669.0,39.865972221829,4,684.34
17874.0,184.99722222192213,6,683.46
14222.0,176.83888888871297,1,683.17
15582.0,24.121527777519077,3,682.91
17341.0,156.01180555531755,3,682.29
18135.0,28.720833333209157,5,681.91
17397.0,21.94583333330229,2,681.41
12478.0,3.1208333331160247,1,680.99
18082.0,25.00347222201526,1,680.84
13524.0,40.0111111109145,5,680.18
16872.0,76.86458333302289,3,680.02
15322.0,85.1361111109145,1,679.68
13430.0,18.188194444403052,2,679.45
14788.0,6.822222222108394,2,679.44
13925.0,92.00208333320916,4,678.25
13548.0,95.91666666651145,2,678.16
13388.0,130.99861111072823,2,677.1
13040.0,8.091666666325182,2,676.99
16377.0,266.88124999962747,1,676.2
15626.0,74.115972221829,2,675.8
17462.0,59.95416666660458,2,675.69
18156.0,12.018055555410683,2,675.64
15574.0,177.0340277776122,4,675.64
12942.0,130.92430555541068,3,675.6
13607.0,39.8562499997206,1,675.51
13325.0,81.09305555513129,1,675.3
17994.0,121.04791666660458,4,674.89
13838.0,5.076388888526708,4,674.82
13355.0,121.91805555531755,1,674.7
13464.0,57.90902777761221,1,674.68
17749.0,177.87847222201526,2,674.52
13951.0,175.83819444430992,3,674.45
14504.0,46.868055555503815,4,673.26
13258.0,11.138194444123656,3,672.83
14628.0,90.91111111082137,2,671.96
12838.0,33.02083333302289,2,671.95
12638.0,32.98541666660458,1,671.69
12418.0,112.07083333330229,1,668.58
14342.0,20.978472222108394,4,668.56
13741.0,71.14652777742594,3,668.43
16268.0,70.76388888852671,2,667.65
15969.0,2.072222222108394,3,666.1
17105.0,158.87291666632518,2,665.78
13963.0,307.9215277777985,4,664.54
17883.0,2.7923611109144986,4,664.34
16208.0,44.05138888861984,2,664.26
13596.0,5.034027777612209,2,664.11
15643.0,191.21666666632518,3,664.0
14720.0,5.033333333209157,3,663.81
16573.0,84.15069444430992,2,663.61
16774.0,67.00624999962747,4,661.52
13028.0,22.069444444030523,2,661.32
14603.0,274.0993055552244,1,660.0
15492.0,27.91458333330229,2,659.46
13759.0,32.9187499997206,2,659.41
16357.0,32.865277777425945,3,658.88
14150.0,35.11458333302289,2,658.64
16696.0,134.93541666632518,4,657.9
14818.0,73.07569444412366,3,657.8
17459.0,42.97569444403052,2,657.3
15677.0,48.884722222108394,1,657.23
17321.0,7.964583333116025,2,657.16
16157.0,15.047916666604578,3,656.69
13049.0,63.888194444123656,2,656.68
16708.0,45.02083333302289,1,656.63
17299.0,11.03402777761221,4,656.61
16127.0,38.952777777798474,1,656.25
14894.0,84.95763888861984,1,655.75
14725.0,24.00555555522442,1,655.58
16444.0,45.95833333302289,4,654.67
14651.0,66.87361111072823,2,653.75
17398.0,114.1263888888061,3,653.38
18151.0,134.0520833330229,2,653.35
13496.0,10.077777777798474,2,653.33
18121.0,148.99791666632518,2,653.3
15205.0,84.71805555513129,2,653.24
15031.0,3.9381944444030523,4,653.19
14548.0,150.02152777742594,2,652.8
17523.0,10.979166666511446,4,652.74
16056.0,44.896527777425945,1,650.75
15571.0,11.11666666623205,4,650.43
16969.0,38.984722222201526,3,650.41
17779.0,20.94097222201526,3,650.32
14034.0,21.949999999720603,3,648.89
13240.0,95.94583333330229,4,648.7
16495.0,2.9791666665114462,3,648.26
17777.0,24.033333333209157,3,647.56
17373.0,39.890277777798474,4,646.92
16014.0,37.03194444440305,3,646.83
16734.0,51.96249999990687,3,646.76
12589.0,28.1048611109145,2,646.68
14044.0,26.03125,4,646.42
15651.0,36.17291666660458,3,646.3
14855.0,118.9499999997206,2,645.65
12719.0,4.961805555503815,2,644.95
17312.0,138.04027777770534,3,644.3
14451.0,59.96666666632518,2,643.9
16383.0,74.00347222201526,2,643.76
14020.0,16.144444444216788,2,642.8
13034.0,54.02013888861984,2,642.77
15384.0,169.07847222220153,2,642.41
17545.0,42.9486111109145,3,642.32
17046.0,156.93472222192213,1,642.02
15297.0,9.845833333209157,3,641.94
18218.0,210.99791666632518,2,641.92
12624.0,105.90694444440305,2,641.13
13417.0,4.167361110914499,2,640.83
13318.0,0.7493055551312864,3,640.76
12631.0,56.956249999813735,1,640.5
14301.0,116.88680555531755,1,640.14
15648.0,203.87291666632518,2,639.5
17515.0,30.9486111109145,4,639.02
18160.0,56.875,2,638.06
14754.0,44.03402777761221,2,638.05
14128.0,60.03472222201526,2,637.5
14481.0,164.09166666632518,2,636.51
14664.0,19.07708333292976,2,636.24
15829.0,98.83680555550382,2,636.14
15773.0,5.001388888806105,1,635.68
14000.0,210.8333333330229,1,635.66
16139.0,18.175694444216788,3,635.41
13892.0,26.041666666511446,4,632.97
14220.0,246.9770833333023,2,632.4
16306.0,213.02638888871297,6,632.27
18183.0,226.89166666660458,2,632.07
13822.0,5.02569444430992,2,632.0
14021.0,154.8777777776122,3,631.9
15244.0,64.9798611109145,2,631.57
17985.0,21.93472222192213,1,631.35
13539.0,85.10555555531755,3,631.34
16418.0,44.00763888889924,3,631.12
17990.0,236.04583333292976,3,630.84
13046.0,30.17638888861984,2,629.31
13525.0,14.03402777761221,2,628.78
14687.0,106.03541666641831,1,628.38
13518.0,85.09791666641831,1,627.16
15028.0,7.947222222108394,4,627.13
14036.0,284.1416666666046,1,626.65
13914.0,11.09375,2,626.45
15402.0,148.02291666623205,2,626.35
16469.0,23.01736111100763,4,625.42
16750.0,44.001388888806105,5,623.93
12649.0,106.92291666660458,3,623.51
15147.0,239.87013888871297,1,623.5
13368.0,256.11874999990687,2,623.4
16431.0,212.94513888889924,3,623.28
15258.0,168.0138888885267,2,623.16
17499.0,289.14999999990687,1,622.88
15182.0,153.96736111072823,2,622.85
12577.0,34.97638888889924,3,622.65
17460.0,93.90694444440305,6,622.43
15768.0,115.084722221829,3,621.83
18217.0,28.98055555531755,2,621.75
16915.0,8.84097222192213,6,621.68
17640.0,86.15069444430992,1,621.66
14152.0,74.99722222192213,2,621.29
13402.0,126.87430555513129,2,621.23
13546.0,11.916666666511446,3,621.09
16141.0,87.98541666660458,1,620.4
12667.0,57.82638888852671,1,620.13
13493.0,274.88541666651145,2,618.63
16613.0,69.87361111072823,1,618.59
13145.0,39.00347222201526,4,618.52
12596.0,50.99166666623205,2,618.27
16134.0,21.114583333022892,2,618.09
14593.0,21.001388888806105,3,617.15
14377.0,190.97083333320916,2,617.05
16311.0,17.163888888899237,2,616.26
14905.0,157.00624999962747,2,616.15
14382.0,25.85555555531755,1,615.49
15275.0,37.0625,1,615.14
16566.0,14.844444444403052,5,614.66
16116.0,211.0340277776122,1,612.78
18022.0,35.00347222201526,1,612.72
12513.0,112.08263888861984,1,612.29
18149.0,50.03194444440305,3,612.08
15232.0,112.84930555522442,2,612.06
16109.0,218.14791666623205,2,611.88
16763.0,198.04027777770534,1,611.85
15645.0,18.038194444030523,1,611.59
13731.0,218.928472221829,2,610.59
12673.0,4.954861111007631,2,610.52
15795.0,149.08819444430992,1,610.01
14636.0,35.859722222201526,2,609.85
13357.0,256.9541666666046,1,609.4
16442.0,1.0465277777984738,3,609.3
13933.0,108.94930555531755,2,608.79
12933.0,23.84166666632518,3,607.53
17119.0,2.923611111007631,2,606.91
16718.0,368.990972221829,1,606.05
17849.0,217.96111111110076,4,605.8
14133.0,129.05277777742594,3,605.64
17507.0,261.04305555531755,2,605.58
13233.0,73.97569444403052,2,605.12
14323.0,114.05069444421679,2,605.06
17664.0,18.056249999906868,2,604.64
12944.0,35.0736111109145,2,604.51
16732.0,31.12222222192213,1,603.75
12707.0,291.17499999981374,1,603.42
16022.0,259.98194444412366,1,602.63
15366.0,74.90902777761221,2,602.51
12654.0,10.11111111100763,5,601.98
14609.0,71.99722222192213,4,601.56
16654.0,140.89374999981374,4,601.27
12420.0,63.16319444403052,1,600.39
13301.0,103.05902777751908,4,600.19
18211.0,25.194444444030523,5,600.07
12872.0,326.0819444442168,2,599.97
12521.0,142.08263888861984,1,599.68
12556.0,49.98888888861984,2,599.56
14710.0,13.91458333330229,4,599.48
17420.0,49.91527777770534,3,598.83
15720.0,23.91805555531755,1,598.73
13311.0,3.996527777519077,2,598.57
16298.0,22.035416666418314,3,598.2
14108.0,30.089583333116025,2,597.91
14645.0,156.14930555550382,2,597.09
15381.0,213.03819444403052,2,596.85
14675.0,15.99444444430992,1,596.36
14467.0,17.001388888806105,4,596.26
18246.0,23.0423611109145,2,596.1
14965.0,95.97916666651145,2,596.09
13888.0,119.10902777779847,2,595.67
17658.0,25.029861110728234,2,595.42
14284.0,30.19374999962747,2,595.25
13558.0,5.059722221922129,4,594.52
16325.0,46.16805555531755,3,594.24
13959.0,78.90555555513129,3,594.04
15442.0,248.01805555541068,1,594.0
12917.0,127.83888888871297,1,594.0
16535.0,4.897222221828997,1,593.75
18232.0,81.0423611109145,4,592.97
16203.0,58.013194444123656,4,592.9
16788.0,122.91458333330229,2,592.74
13811.0,183.12222222192213,2,591.75
14692.0,136.90416666632518,4,591.55
13276.0,63.004166666418314,2,590.93
13452.0,258.93819444440305,2,590.0
13270.0,365.9145833333023,1,590.0
14882.0,26.002083333209157,2,589.7
16838.0,196.98402777779847,2,588.85
14338.0,160.9458333333023,2,588.22
15624.0,116.04999999981374,4,588.13
17351.0,35.75347222201526,3,587.15
17890.0,322.06319444440305,2,586.89
12384.0,28.174305555410683,2,585.27
13243.0,202.98333333292976,1,585.12
15222.0,318.19930555531755,1,585.0
16384.0,89.06319444440305,2,584.5
16072.0,287.92916666623205,1,584.32
14023.0,6.952777777798474,2,584.07
13557.0,27.893055555410683,2,584.06
15762.0,64.85763888852671,2,583.75
17014.0,7.945138888899237,3,583.43
15573.0,31.049999999813735,2,583.24
12426.0,194.01666666660458,1,582.73
13427.0,18.99166666623205,3,582.6
12695.0,6.977777777705342,4,582.1
17259.0,147.9090277776122,2,581.23
18095.0,312.0,2,580.05
17142.0,238.7694444442168,1,579.0
13292.0,38.115277777425945,2,578.94
17540.0,24.03749999962747,2,578.9
16005.0,11.96041666623205,4,578.71
14529.0,59.890972222201526,3,578.61
12601.0,189.1062499997206,5,577.06
14176.0,296.9847222222015,4,576.9
16723.0,90.99236111110076,2,576.4
15830.0,37.09027777751908,1,576.0
15550.0,3.8833333333022892,4,575.63
13487.0,57.029861110728234,3,575.4
14400.0,148.875,1,574.7
18123.0,23.93541666632518,2,574.44
15339.0,65.99930555513129,2,574.07
15303.0,289.95208333292976,1,574.02
12879.0,44.01805555541068,3,573.22
13379.0,25.961805555503815,3,572.56
12816.0,95.00624999962747,2,572.2
13816.0,23.174999999813735,2,571.67
17616.0,173.11041666660458,3,571.2
15821.0,43.876388888806105,2,570.96
15315.0,63.999305555131286,2,570.5
13939.0,22.970138888806105,3,568.55
17360.0,16.98541666660458,3,568.24
13321.0,71.89305555541068,2,567.36
16667.0,67.89166666660458,2,567.18
18150.0,31.834027777425945,3,566.58
16278.0,99.81805555522442,1,566.38
16345.0,43.865972221829,1,565.46
13894.0,23.129166666418314,3,564.62
15344.0,0.08680555550381541,3,563.94
16933.0,0.9972222219221294,2,563.23
14753.0,86.91666666651145,1,563.15
17970.0,210.69930555531755,1,562.79
14167.0,38.93124999990687,4,562.59
16916.0,23.02916666632518,2,562.41
12414.0,216.9159722221084,3,562.41
12559.0,310.12569444440305,2,561.71
13946.0,78.9701388888061,3,561.57
15655.0,242.89236111100763,1,560.67
13044.0,290.8958333330229,1,560.47
14273.0,50.979166666511446,4,559.97
16275.0,196.00624999962747,1,559.87
15415.0,312.94236111082137,1,559.61
16906.0,81.0423611109145,4,559.59
12866.0,282.94374999962747,1,559.12
17503.0,2.147222221828997,2,558.96
12987.0,73.0326388888061,2,558.7
13800.0,309.0159722222015,1,558.32
14592.0,34.84375,3,557.94
13260.0,60.978472222108394,1,557.62
13405.0,203.8465277776122,2,557.45
17955.0,198.03472222201526,4,557.3
16385.0,59.984722222201526,3,554.86
17864.0,12.065972222015262,3,554.85
14891.0,147.77916666632518,2,554.38
14618.0,8.961805555503815,3,553.44
15068.0,45.9187499997206,2,553.36
12363.0,109.10555555531755,2,552.0
17674.0,73.96875,2,551.04
17291.0,307.99027777742594,1,550.8
17235.0,24.874305555131286,2,550.06
17265.0,138.08402777742594,2,550.01
12390.0,79.13680555531755,1,549.84
14177.0,85.90208333311602,4,549.46
16536.0,109.87222222192213,1,548.12
16031.0,91.98819444421679,2,547.9
14474.0,45.97499999962747,1,547.66
16811.0,4.049305555410683,2,547.07
17637.0,30.999305555131286,2,547.06
16211.0,88.02708333311602,1,547.02
17295.0,28.084027777425945,3,547.0
17520.0,53.03194444440305,1,546.81
14805.0,14.854166666511446,4,546.4
14997.0,45.973611110821366,3,546.2
17806.0,10.943055555224419,1,546.04
12793.0,334.026388888713,2,545.48
16475.0,87.92569444421679,4,544.3
13617.0,39.95833333302289,3,544.18
13390.0,74.17499999981374,1,544.08
16927.0,115.06944444403052,3,543.05
13278.0,40.0423611109145,1,542.73
16230.0,189.11388888861984,2,542.03
17897.0,172.06041666632518,3,541.81
17447.0,39.938888888806105,2,541.53
17557.0,13.995138888712972,3,541.46
13874.0,357.7708333330229,1,540.45
12743.0,133.8534722221084,2,540.13
13812.0,41.93263888871297,3,539.0
14496.0,311.1590277776122,2,538.81
15469.0,49.853472222108394,2,538.55
15539.0,6.968055555131286,1,538.46
14539.0,15.125,2,537.48
16206.0,54.089583333116025,4,537.06
15043.0,30.933333333116025,1,537.0
16804.0,22.83819444430992,3,536.99
16233.0,70.80763888871297,3,536.68
16142.0,249.10694444412366,1,535.34
13000.0,106.08819444430992,3,534.85
13385.0,329.12361111072823,1,534.57
16340.0,106.91458333330229,1,534.31
17443.0,219.08541666623205,1,534.24
13434.0,73.93055555550382,2,534.24
13217.0,121.8874999997206,3,533.98
15433.0,213.08680555550382,2,533.3
15825.0,171.97430555522442,1,532.94
12784.0,8.88333333330229,2,532.82
16706.0,36.95833333302289,3,531.35
14265.0,108.97083333320916,2,530.18
18159.0,300.933333333116,1,530.15
14002.0,133.87152777751908,2,529.73
14463.0,97.89583333302289,3,529.62
16185.0,16.13124999962747,2,529.41
18043.0,24.001388888806105,3,529.29
15452.0,29.02569444430992,3,528.48
17631.0,1.127083333209157,3,528.33
17062.0,313.07569444412366,4,528.29
16602.0,35.87222222192213,1,528.08
15756.0,60.97222222201526,4,528.01
12479.0,10.974999999627471,1,527.2
17623.0,32.05416666623205,1,527.05
15919.0,19.05694444430992,2,525.69
17429.0,127.97777777770534,3,524.92
15467.0,8.939583333209157,3,524.88
13721.0,35.947916666511446,1,524.14
17329.0,13.93472222192213,2,523.11
18017.0,80.85763888852671,3,523.0
17712.0,44.015277777798474,1,522.91
12863.0,51.94097222201526,1,521.2
15149.0,133.07777777779847,1,520.8
17345.0,14.907638888806105,4,519.69
14873.0,209.9569444442168,1,519.68
12571.0,39.1048611109145,2,519.61
13643.0,30.88402777770534,3,519.44
16955.0,184.0930555551313,4,518.67
16650.0,71.12430555513129,1,518.42
15030.0,71.08333333302289,2,518.28
18252.0,50.004861110821366,2,518.27
16892.0,0.9805555553175509,5,518.19
16135.0,262.0138888885267,1,517.55
17454.0,191.95277777779847,4,517.53
18205.0,35.97777777770534,2,517.36
13043.0,272.91527777770534,1,516.42
15809.0,35.84027777751908,5,515.77
12811.0,260.1305555552244,3,514.85
15246.0,237.9201388885267,2,514.15
15882.0,198.0520833330229,4,514.08
13005.0,173.08124999981374,2,513.7
17513.0,71.83888888871297,1,513.2
17290.0,3.0083333333022892,2,513.01
17805.0,73.0423611109145,1,512.31
17480.0,77.04930555541068,1,511.82
12582.0,238.1701388885267,2,511.36
14851.0,22.9375,2,511.35
16561.0,5.041666666511446,2,511.12
15406.0,30.97777777770534,2,510.71
15891.0,226.01041666651145,1,509.13
12436.0,99.02847222192213,1,509.01
17391.0,163.11944444430992,2,508.8
15417.0,84.89166666660458,1,508.8
14317.0,64.08749999990687,1,508.58
17958.0,116.02152777742594,1,508.46
17415.0,79.0,1,507.84
14158.0,39.90416666632518,1,507.66
14820.0,20.88124999962747,4,507.29
13885.0,188.90486111072823,2,506.8
16614.0,182.05138888861984,1,506.19
12988.0,291.92986111110076,1,505.82
14014.0,76.98055555531755,1,505.18
16960.0,38.05208333302289,3,505.1
15081.0,21.82083333330229,5,504.8
12991.0,22.8861111109145,2,503.76
17630.0,169.03611111082137,2,503.6
15535.0,172.86666666623205,4,502.9
16863.0,30.89166666660458,2,502.8
13865.0,57.97152777761221,4,501.56
15881.0,311.82708333292976,5,501.39
14871.0,2.9638888887129724,4,501.28
13116.0,137.928472221829,1,501.14
13247.0,17.07708333292976,4,501.12
16898.0,25.879166666418314,3,501.03
16616.0,14.84652777761221,2,500.42
15389.0,171.85555555531755,1,500.0
14077.0,40.010416666511446,5,499.42
15193.0,60.18541666632518,1,499.32
14681.0,70.87361111072823,3,498.95
16488.0,32.96388888871297,3,498.8
15142.0,45.999305555131286,1,498.74
17053.0,130.1020833333023,1,498.48
17298.0,100.83819444430992,2,498.42
16820.0,95.03055555513129,1,497.61
17495.0,7.029166666325182,2,497.56
15300.0,63.82083333330229,1,496.44
15018.0,38.00208333320916,3,496.21
12904.0,17.927777777425945,2,496.06
17374.0,218.15625,2,495.77
15448.0,312.088888888713,1,494.64
16352.0,17.095833333209157,2,494.44
17333.0,85.11041666660458,1,494.25
12763.0,137.94305555522442,2,494.08
14270.0,331.13680555531755,1,492.65
13732.0,27.875694444403052,1,491.86
14236.0,80.15069444430992,2,490.86
15000.0,47.047222222201526,1,490.52
15877.0,1.0395833333022892,2,490.33
14416.0,21.894444444216788,2,490.22
18074.0,373.1229166663252,1,489.6
12809.0,177.08263888861984,1,489.31
17361.0,48.879861110821366,3,488.2
14396.0,64.86180555541068,2,487.99
15165.0,372.94930555531755,1,487.75
16643.0,245.18472222192213,1,487.51
13338.0,157.1555555551313,1,487.02
13675.0,150.99513888871297,2,486.82
17453.0,17.13055555522442,2,486.72
15287.0,21.8861111109145,2,486.69
13153.0,5.024999999906868,1,486.22
12639.0,238.0013888888061,1,486.1
15109.0,245.11944444430992,1,484.95
16999.0,22.956249999813735,2,484.82
16518.0,60.90694444440305,2,484.32
13531.0,204.82916666660458,2,483.8
14958.0,146.9375,3,483.73
12808.0,36.11458333302289,3,483.65
14147.0,77.77777777751908,2,483.4
14450.0,180.08611111110076,3,483.25
16603.0,74.11388888861984,2,482.47
17950.0,71.897222221829,3,482.2
12504.0,17.86666666623205,2,482.05
18216.0,30.82986111100763,1,481.75
13176.0,45.879861110821366,1,481.49
14130.0,318.8645833330229,1,480.91
15091.0,67.00208333320916,1,480.71
17555.0,19.019444444216788,2,480.31
16368.0,1.9847222222015262,2,479.91
16812.0,360.01041666651145,1,479.35
16008.0,23.095833333209157,3,478.78
15589.0,255.12222222192213,3,478.53
16768.0,47.09166666632518,3,478.09
12644.0,129.0951388888061,1,477.91
16693.0,68.06944444403052,2,477.86
13092.0,70.0638888888061,5,477.83
14320.0,206.14305555541068,2,477.79
12447.0,242.97569444403052,1,476.49
18176.0,357.87847222201526,1,476.35
15507.0,171.06319444440305,1,475.86
14853.0,23.82916666660458,2,475.8
15006.0,50.90416666632518,1,475.43
14497.0,308.82569444412366,1,475.37
15780.0,183.0340277776122,3,475.28
14013.0,109.90902777761221,3,473.02
16038.0,7.006944444030523,3,471.78
15721.0,11.024999999906868,1,471.4
13066.0,23.995138888712972,2,470.8
15963.0,19.053472221828997,2,470.76
14431.0,302.0902777775191,1,470.36
15557.0,28.00277777761221,1,468.91
14896.0,204.10416666651145,2,468.77
13171.0,21.09930555522442,3,468.41
14029.0,62.919444444123656,2,467.66
15468.0,50.959027777425945,2,467.51
13579.0,14.172916666604578,2,467.04
14205.0,16.07986111100763,2,466.7
16504.0,24.897222221828997,1,465.88
13248.0,124.00694444403052,2,465.68
13928.0,10.095138888806105,4,464.57
15026.0,79.95694444421679,3,464.2
16586.0,248.1374999997206,1,463.95
15349.0,157.86388888861984,2,463.91
14967.0,49.072222222108394,1,463.8
12787.0,9.17083333292976,3,463.66
17418.0,41.993055555503815,2,463.46
14489.0,206.9159722221084,1,463.38
17964.0,31.087499999906868,2,463.21
12945.0,287.94097222201526,1,462.95
14331.0,123.9812499997206,2,462.66
14470.0,11.09652777761221,2,461.19
16824.0,15.00833333330229,2,460.64
16805.0,173.06041666632518,2,460.59
12491.0,38.022222221829,1,460.4
12355.0,213.95902777742594,1,459.4
16589.0,70.91666666651145,3,459.24
17880.0,364.1034722221084,1,458.92
16374.0,65.89513888861984,2,458.78
15754.0,50.92361111100763,3,458.57
13506.0,315.95624999981374,2,458.52
15092.0,214.94444444403052,2,457.81
15121.0,49.915972222108394,2,457.72
12375.0,10.093055555131286,2,457.5
13398.0,191.9812499997206,1,457.34
12564.0,260.9131944440305,1,456.9
12999.0,195.97638888889924,3,455.88
14513.0,100.05902777751908,3,455.59
15585.0,176.17499999981374,1,455.3
16529.0,189.81041666632518,1,455.25
14335.0,15.964583333116025,2,454.86
15471.0,1.9430555552244186,1,454.48
13485.0,232.95277777779847,1,454.24
17140.0,246.9701388888061,1,454.12
15475.0,76.89583333302289,1,454.11
17564.0,23.97430555522442,3,454.01
18158.0,8.854861110914499,2,453.4
12729.0,113.04861111100763,1,453.01
18071.0,257.0354166664183,2,453.0
14184.0,66.00486111082137,1,452.89
12591.0,316.9270833330229,1,452.85
16574.0,70.96597222192213,1,451.44
14173.0,10.038888888899237,4,450.84
16885.0,14.965277777519077,3,450.41
17040.0,137.1048611109145,1,449.73
13489.0,104.98194444412366,4,449.52
12448.0,43.96111111110076,1,449.45
15739.0,65.96388888871297,1,449.12
17579.0,4.015277777798474,3,448.9
14780.0,54.00277777761221,2,447.68
15646.0,157.12291666632518,3,447.64
15368.0,20.922222222201526,1,446.94
14149.0,220.1291666664183,1,446.62
17370.0,72.10833333292976,4,446.18
17190.0,58.053472221829,2,444.74
18006.0,22.831944444216788,1,444.68
14638.0,50.11111111100763,1,443.6
16404.0,69.91319444403052,1,443.05
18222.0,92.08680555550382,1,443.0
12579.0,77.81597222201526,1,440.42
18233.0,325.17083333292976,1,440.0
15524.0,24.02847222192213,1,440.0
14022.0,224.92430555541068,1,440.0
13954.0,1.0,2,439.92
16025.0,29.045138888526708,1,439.66
12391.0,21.029861110728234,1,439.66
13359.0,63.13888888852671,1,439.56
16968.0,3.908333333209157,2,439.43
13358.0,268.04027777770534,1,439.03
14272.0,73.11249999981374,2,437.96
12552.0,38.11666666623205,2,437.82
16034.0,195.8562499997206,3,437.7
12592.0,91.90694444440305,2,437.6
16084.0,298.8645833330229,1,436.18
15551.0,36.00902777770534,1,436.06
16948.0,138.0027777776122,3,435.02
15456.0,282.95763888861984,3,434.59
14910.0,2.11388888861984,4,434.35
14460.0,109.93819444440305,3,434.34
14093.0,11.849305555224419,1,433.86
12493.0,165.1062499997206,2,433.74
17035.0,245.06041666632518,2,433.53
16236.0,77.94444444403052,1,432.2
16881.0,66.0951388888061,1,432.0
12452.0,16.098611110821366,2,430.57
13245.0,50.04861111100763,1,430.5
12795.0,18.09930555522442,1,430.48
12827.0,5.0229166662320495,3,430.15
16884.0,37.04027777770534,2,429.84
15450.0,29.81874999962747,1,429.84
15230.0,238.92430555541068,2,429.6
15036.0,71.88055555522442,3,429.56
15553.0,59.9499999997206,1,428.93
15957.0,31.024999999906868,1,428.89
13602.0,64.0437499997206,1,428.89
17869.0,106.85694444412366,5,428.18
15360.0,39.135416666511446,1,427.93
12725.0,370.87847222201526,1,427.8
12403.0,49.08263888861984,1,427.7
15976.0,164.99305555550382,2,427.64
12740.0,63.08749999990687,1,427.6
12802.0,186.1347222221084,1,427.58
15930.0,66.91527777770534,1,426.63
14288.0,212.97777777770534,1,426.6
15639.0,133.93055555550382,1,425.32
14157.0,19.05416666623205,2,424.89
16119.0,7.902083333116025,2,423.36
17525.0,359.03125,1,422.7
13473.0,60.0625,2,422.64
16689.0,75.04930555541068,2,422.6
18240.0,45.98888888861984,1,422.58
13140.0,107.88680555531755,3,422.47
16780.0,99.86180555541068,2,422.24
18106.0,329.01874999981374,1,421.9
14757.0,74.92638888861984,1,420.5
15206.0,9.964583333116025,4,420.3
14124.0,83.97083333320916,1,419.58
15361.0,361.12361111072823,1,418.92
18034.0,21.019444444216788,2,418.68
17371.0,16.97222222201526,3,418.4
12593.0,108.00486111082137,3,418.1
17701.0,252.01736111100763,1,417.95
17232.0,2.02013888861984,2,417.77
13615.0,318.1868055551313,1,417.69
16737.0,52.990972221829,1,417.6
12833.0,144.96111111110076,1,417.38
13166.0,282.89861111110076,1,417.2
16816.0,102.94027777761221,4,417.06
13889.0,92.15069444430992,1,416.9
16957.0,238.95416666660458,2,416.64
13085.0,157.02708333311602,2,416.08
15803.0,50.91249999962747,1,415.82
14139.0,45.96944444440305,1,415.82
12930.0,77.897222221829,2,415.8
12580.0,246.10138888889924,1,415.7
15725.0,14.915972222108394,1,415.25
14333.0,67.09166666632518,1,415.2
18001.0,11.86666666623205,2,415.13
16795.0,364.9458333333023,1,414.88
14998.0,169.80555555550382,2,414.87
12993.0,22.875694444403052,4,414.76
15994.0,54.015277777798474,1,414.27
16239.0,56.18124999990687,2,414.2
17483.0,64.98611111100763,3,414.04
13974.0,48.92291666660458,1,413.59
16834.0,227.13402777770534,1,413.46
17134.0,106.12291666632518,2,413.2
14620.0,205.03611111082137,2,412.78
15523.0,83.84791666641831,1,412.01
16272.0,116.08055555541068,1,411.7
15186.0,13.911111110821366,2,411.41
17392.0,306.0013888888061,2,411.27
15099.0,83.98402777779847,1,410.48
15695.0,266.17916666623205,2,409.98
14048.0,304.9145833333023,1,409.93
13827.0,57.00833333330229,3,409.8
14348.0,259.8520833333023,1,409.57
12990.0,30.992361111100763,3,409.5
15225.0,233.9159722221084,1,409.4
16243.0,33.0124999997206,2,409.1
16018.0,38.942361110821366,2,408.9
15269.0,23.137499999720603,1,408.8
17913.0,58.086805555503815,2,408.65
16629.0,73.09444444440305,2,408.63
16324.0,127.99444444430992,3,408.59
17931.0,133.76180555531755,2,408.36
15127.0,65.09722222201526,1,406.53
16947.0,235.1333333333023,1,406.48
16399.0,18.859722222201526,2,406.22
15342.0,129.1048611109145,1,406.09
14616.0,242.12222222192213,3,406.08
12970.0,6.930555555503815,4,405.47
12922.0,160.88541666651145,1,405.38
15012.0,53.01944444421679,2,405.04
15938.0,111.99583333311602,5,404.58
16319.0,217.05763888871297,1,404.4
16484.0,173.0305555551313,2,404.3
12498.0,20.99791666632518,3,403.7
17431.0,312.92638888861984,1,403.3
15221.0,365.98749999981374,1,403.25
18036.0,31.92361111100763,3,403.12
15184.0,28.964583333116025,2,402.2
12386.0,337.00902777770534,2,401.9
15158.0,44.956249999813735,1,401.4
16500.0,4.031944444403052,6,400.86
15889.0,156.06944444403052,2,400.77
16198.0,74.91111111082137,1,400.68
12792.0,256.05138888861984,1,400.54
17375.0,198.87847222201526,3,400.1
18164.0,36.995833333116025,1,399.65
13255.0,8.98333333292976,2,399.51
18154.0,2.8395833331160247,2,399.19
17052.0,27.916666666511446,1,399.09
17830.0,1.0152777777984738,3,398.7
15522.0,32.058333333116025,2,397.99
13352.0,59.95486111100763,1,397.98
12508.0,25.88402777770534,2,397.88
15967.0,22.88124999962747,2,397.68
15429.0,26.015277777798474,2,397.35
17926.0,132.92430555541068,2,397.29
12824.0,59.00069444440305,1,397.12
13594.0,52.1048611109145,1,396.97
17486.0,260.9513888885267,1,396.87
15883.0,1.8229166665114462,2,396.48
18067.0,39.86944444430992,1,396.33
16354.0,62.93194444430992,2,395.8
17603.0,77.9388888888061,1,394.72
14619.0,245.21736111072823,1,394.44
16207.0,24.95763888861984,1,394.38
15386.0,185.96041666623205,1,394.14
15264.0,63.959027777425945,1,393.74
15345.0,45.05694444430992,1,393.54
17226.0,308.04027777770534,1,393.49
14600.0,305.1263888888061,1,393.33
14670.0,279.94236111082137,2,392.86
16010.0,245.10833333292976,3,392.4
15837.0,64.15902777761221,1,391.98
16917.0,276.0381944440305,1,391.52
12982.0,242.0409722221084,1,390.54
18024.0,152.00694444403052,2,389.78
17379.0,10.954166666604578,1,389.72
14752.0,43.03819444403052,1,389.64
13873.0,119.11249999981374,3,389.6
13345.0,287.1590277776122,1,389.5
16250.0,260.90486111072823,2,389.44
15847.0,37.92291666660458,2,389.27
12690.0,205.15347222192213,1,389.01
15592.0,46.160416666418314,1,388.58
13899.0,15.965277777519077,2,388.52
13856.0,168.115972221829,3,388.5
17438.0,253.09999999962747,1,388.45
14538.0,64.09652777761221,2,388.25
17817.0,3.924305555410683,3,387.68
14420.0,98.77986111072823,1,387.52
13673.0,18.027083333116025,2,387.44
17508.0,280.1944444440305,1,387.31
17595.0,11.862499999813735,2,386.69
14114.0,273.1305555552244,2,386.53
15664.0,50.078472222201526,1,386.43
17614.0,56.86736111110076,1,386.32
14779.0,280.0055555552244,3,386.15
13821.0,144.12569444440305,2,385.64
17711.0,10.04861111100763,2,385.1
13919.0,58.93472222192213,2,384.81
17357.0,23.84722222201526,2,384.39
16204.0,22.965277777519077,1,384.18
17205.0,53.00277777761221,1,384.08
16982.0,60.015277777798474,1,384.06
12733.0,233.8548611109145,1,383.95
13833.0,158.97430555522442,1,383.85
17189.0,105.71597222192213,2,383.75
12515.0,352.87986111082137,1,383.7
15440.0,54.02361111110076,3,383.68
14304.0,222.04166666651145,1,383.45
15424.0,253.99166666623205,2,383.34
12832.0,31.97222222201526,2,383.03
13817.0,28.7923611109145,2,382.98
17239.0,312.13124999962747,1,382.5
13657.0,10.012499999720603,2,382.14
17250.0,3.0243055555038154,2,381.97
17223.0,309.870138888713,2,381.89
15090.0,307.94930555531755,1,381.32
16441.0,66.79305555531755,2,381.2
15048.0,64.91319444403052,4,381.0
12871.0,83.90486111072823,2,380.64
17573.0,28.992361111100763,3,380.6
17138.0,275.03888888889924,1,380.5
17999.0,36.870833333116025,2,380.39
17031.0,11.10208333330229,2,380.35
17936.0,4.970833333209157,1,380.13
14731.0,46.87222222192213,3,380.02
16552.0,242.11527777742594,2,379.73
13656.0,164.0965277776122,2,379.65
13589.0,14.027777777519077,2,379.65
17878.0,43.05972222192213,1,379.45
16909.0,71.83680555550382,1,379.14
16930.0,25.859027777798474,3,378.89
13372.0,89.00277777761221,1,378.64
17736.0,8.884722222108394,3,377.44
12890.0,23.808333333116025,1,376.72
17489.0,58.16249999962747,2,376.64
13936.0,179.1687499997206,1,376.58
17078.0,35.7312499997206,2,375.86
16858.0,368.12361111072823,1,375.69
14448.0,8.958333333022892,2,375.35
14079.0,124.02777777751908,1,375.1
16147.0,133.12013888871297,1,375.0
14067.0,63.103472222108394,2,374.7
17492.0,247.89513888861984,1,374.57
12873.0,281.91111111082137,1,374.0
13351.0,65.99652777751908,1,373.94
16321.0,71.91319444403052,5,373.65
12895.0,41.95763888861984,2,372.8
12544.0,35.85763888852671,1,372.7
12981.0,29.03472222201526,2,372.22
13300.0,168.98680555541068,1,371.89
18155.0,74.97083333320916,3,371.62
15472.0,112.89791666623205,1,371.56
16776.0,59.990277777425945,1,371.54
14950.0,18.959722221828997,1,371.2
15975.0,83.9701388888061,1,371.01
15063.0,212.97569444403052,1,370.8
15922.0,372.95763888861984,1,369.5
16758.0,64.9187499997206,1,369.34
14888.0,206.91111111082137,1,369.2
17765.0,158.00624999962747,3,367.63
16065.0,364.990972221829,1,367.14
18181.0,23.90416666632518,1,366.85
17911.0,8.915277777705342,1,366.23
17432.0,17.803472221828997,2,365.76
16499.0,359.9715277776122,2,365.45
16202.0,360.0881944443099,1,365.27
14886.0,252.16249999962747,1,364.8
15949.0,16.15347222192213,2,364.72
12373.0,310.98611111100763,1,364.6
15343.0,86.95486111100763,1,364.5
15885.0,92.08819444430992,2,364.35
14528.0,36.82013888889924,1,364.22
12538.0,28.81527777761221,1,363.95
17330.0,22.16249999962747,2,363.9
14171.0,97.83819444430992,1,363.79
16509.0,296.14236111100763,1,363.7
18056.0,287.932638888713,1,363.65
16485.0,76.875,1,363.65
12915.0,148.05277777742594,2,363.65
14932.0,365.04305555531755,1,363.53
14427.0,49.93541666632518,2,363.34
14594.0,6.973611110821366,2,363.33
16903.0,28.887499999720603,1,363.2
16378.0,246.90486111072823,3,362.95
16052.0,53.90069444430992,1,362.06
15025.0,32.89583333302289,1,361.96
13844.0,10.978472222108394,1,361.62
16769.0,259.964583333116,1,361.54
16305.0,138.022222221829,1,361.22
13291.0,155.0930555551313,1,361.11
17358.0,302.8284722222015,2,360.81
16595.0,60.98263888852671,1,360.16
13780.0,6.959027777425945,2,360.01
13298.0,0.9854166666045785,1,360.0
15120.0,133.1263888888061,1,358.82
17948.0,146.99444444430992,1,358.56
16823.0,226.90972222201526,1,358.38
13228.0,80.93194444430992,1,358.0
13976.0,206.15069444430992,1,357.98
17025.0,60.155555555131286,3,357.77
16971.0,37.905555555131286,1,357.21
18040.0,18.9375,2,357.2
13453.0,165.1361111109145,2,356.98
14500.0,87.83680555550382,3,356.85
15713.0,142.96944444440305,2,356.7
15247.0,121.99861111072823,1,356.0
16372.0,32.987499999813735,2,355.73
15840.0,58.15416666632518,2,355.56
14537.0,57.08055555541068,1,355.56
17742.0,112.89027777779847,2,355.11
14690.0,43.88263888889924,2,355.05
12888.0,213.86666666623205,2,354.12
12845.0,266.96944444440305,4,354.09
13173.0,3.8743055551312864,2,353.65
13210.0,93.1888888888061,1,353.48
13343.0,177.01805555541068,1,353.43
14804.0,8.0625,1,353.27
12617.0,28.924305555410683,1,352.98
15678.0,52.14236111100763,1,352.7
18112.0,11.921527777798474,2,352.69
12566.0,85.93055555550382,1,351.65
15870.0,32.077777777798474,1,351.44
15789.0,357.9270833330229,1,351.3
13923.0,53.01180555531755,1,351.13
13332.0,13.972222222015262,1,350.9
13740.0,240.09583333320916,1,350.75
13108.0,372.09375,1,350.06
12532.0,29.96041666623205,1,349.83
15901.0,16.004861110821366,3,349.75
13670.0,74.89236111100763,1,349.7
13887.0,203.81111111072823,1,349.55
18250.0,309.98194444412366,1,349.27
15405.0,188.92083333292976,1,349.1
13927.0,74.03472222201526,1,348.99
17252.0,116.12847222201526,2,348.91
13790.0,3.8763888888061047,1,348.8
12527.0,81.03819444403052,3,348.71
16159.0,281.0159722222015,1,348.2
13052.0,211.94305555522442,1,348.15
14379.0,43.83819444430992,2,348.1
13497.0,282.15694444440305,2,348.05
15334.0,156.06111111072823,3,347.87
17668.0,0.9756944440305233,2,347.75
18127.0,18.947916666511446,3,347.08
13062.0,190.90138888871297,1,346.98
13649.0,256.0409722221084,2,346.6
16423.0,24.14513888861984,1,346.12
13091.0,27.87222222192213,1,345.82
15781.0,24.91180555522442,3,345.46
17123.0,161.08541666623205,1,345.3
13774.0,81.03055555513129,1,345.0
14633.0,265.82152777770534,1,344.9
16978.0,77.0,1,344.33
17569.0,331.94097222201526,1,344.14
13068.0,9.909722222015262,2,344.0
15047.0,269.08402777742594,1,343.62
15520.0,1.0777777777984738,1,343.5
18081.0,35.84722222201526,3,343.45
12715.0,105.89444444421679,1,343.36
12875.0,142.8888888885267,2,343.23
17795.0,179.0097222221084,2,342.83
16851.0,3.970833333209157,3,342.45
17835.0,2.043055555317551,3,342.24
16826.0,50.947916666511446,1,341.7
13347.0,69.97361111082137,1,341.36
14491.0,174.8944444442168,2,340.93
15115.0,17.910416666418314,1,340.11
13737.0,199.84583333320916,1,339.6
17045.0,112.82013888889924,3,339.44
16545.0,164.09236111072823,1,339.3
17697.0,235.88194444403052,1,338.95
16183.0,66.91041666641831,1,338.71
15652.0,90.93611111072823,1,337.74
15942.0,133.1590277776122,1,337.44
13930.0,57.12847222201526,2,337.34
15900.0,23.021527777425945,1,337.28
13569.0,16.988194444216788,2,337.12
17973.0,51.09444444440305,1,337.04
16105.0,248.10902777779847,1,336.96
17384.0,18.876388888806105,2,336.4
15619.0,10.191666666418314,1,336.4
18078.0,216.92916666623205,2,336.13
18276.0,43.08055555541068,1,335.86
14196.0,106.10069444403052,1,335.52
16063.0,259.91249999962747,1,335.32
17917.0,44.979166666511446,3,335.03
12489.0,335.9840277777985,1,334.93
14988.0,211.03125,1,334.54
15466.0,84.94583333330229,1,334.53
17221.0,6.96875,2,334.48
12350.0,309.86736111110076,1,334.4
15918.0,190.04722222220153,2,334.23
14264.0,154.10416666651145,2,333.97
13216.0,267.022222221829,1,333.74
13727.0,28.12777777761221,2,333.48
16625.0,274.0,1,333.08
14902.0,25.094444444403052,1,332.66
13904.0,36.964583333116025,2,332.64
16850.0,333.07013888889924,1,332.41
16803.0,64.93194444430992,1,332.3
16177.0,49.99513888871297,1,331.95
16274.0,372.88541666651145,1,331.55
16030.0,309.0569444443099,1,331.24
15210.0,224.86041666660458,1,331.18
16478.0,24.874305555131286,3,331.0
12891.0,185.01319444412366,3,331.0
17862.0,323.01874999981374,1,330.9
12519.0,63.14166666660458,1,330.84
13706.0,302.14513888861984,1,330.79
14517.0,32.9375,2,330.45
15130.0,169.1076388885267,1,330.11
16593.0,50.00624999962747,3,330.03
15714.0,11.058333333116025,2,330.03
12953.0,9.143055555410683,1,329.85
17866.0,142.07152777770534,1,329.65
17615.0,129.9472222221084,3,329.6
13239.0,261.1006944440305,1,329.56
17914.0,3.0361111108213663,1,329.36
17154.0,74.96388888871297,1,329.34
15153.0,30.820138888899237,1,329.25
15880.0,368.9930555555038,1,329.03
14012.0,277.0166666666046,1,328.8
17222.0,64.95277777779847,1,328.65
16343.0,15.795138888526708,2,328.58
16855.0,23.032638888806105,2,328.4
15213.0,318.02013888861984,2,328.35
14747.0,248.94513888889924,1,328.2
14206.0,238.84166666632518,1,328.16
16318.0,34.98958333302289,1,328.15
15314.0,198.92430555541068,1,327.97
14024.0,121.05555555550382,2,327.7
15579.0,68.00347222201526,2,327.6
16366.0,18.188194444403052,1,327.3
14870.0,261.08263888861984,1,327.25
16322.0,0.881249999627471,2,326.75
17715.0,200.0124999997206,1,326.4
14987.0,15.118749999906868,2,326.4
16071.0,44.066666666418314,1,326.24
15363.0,372.0152777777985,1,326.0
12844.0,28.97152777761221,2,325.96
16830.0,38.05208333302289,1,325.91
14850.0,311.0618055551313,1,325.75
15944.0,276.0951388888061,1,325.1
12790.0,191.9416666664183,1,324.92
13801.0,66.10763888852671,1,324.8
15597.0,34.97499999962747,1,324.57
18261.0,42.884722222108394,2,324.24
16685.0,60.952777777798474,2,324.24
15675.0,80.959722221829,3,323.69
15921.0,172.07430555531755,1,323.03
16739.0,176.14791666623205,1,323.0
13955.0,153.81319444440305,2,322.96
16627.0,78.92499999981374,1,322.8
16342.0,74.92638888861984,4,322.41
15224.0,357.90833333320916,2,322.08
14424.0,17.04305555531755,1,322.08
14484.0,49.94374999962747,1,321.92
17976.0,371.95902777742594,1,321.79
14823.0,179.98472222220153,3,321.43
15236.0,298.0819444442168,1,321.05
12365.0,290.95763888861984,1,320.69
16096.0,263.9666666663252,1,320.62
14622.0,184.00555555522442,1,320.58
13986.0,16.90972222201526,1,320.46
15107.0,310.91944444412366,6,319.5
16967.0,188.93472222192213,1,319.02
17157.0,7.152777777519077,2,319.0
17229.0,95.95416666660458,2,318.76
17248.0,119.96944444440305,1,318.65
14703.0,14.143749999813735,1,318.17
17839.0,41.80763888871297,1,318.15
12648.0,154.03819444403052,1,318.05
18066.0,74.88888888852671,1,318.0
17172.0,78.1347222221084,1,317.76
15101.0,8.105555555317551,2,317.53
17267.0,126.81111111072823,2,317.2
15257.0,282.9944444443099,1,317.15
15385.0,39.902083333116025,1,316.88
15243.0,73.94305555522442,1,316.68
16761.0,96.06597222201526,1,316.62
15204.0,356.95902777742594,1,316.58
17458.0,14.992361111100763,1,316.5
13494.0,311.03611111082137,1,316.26
15872.0,14.038194444030523,2,316.25
14479.0,253.15486111072823,2,316.25
16473.0,164.15277777751908,3,316.11
12614.0,277.10277777770534,1,315.6
16091.0,154.1701388885267,2,315.06
15766.0,63.82430555531755,1,315.06
17237.0,10.908333333209157,2,314.69
16193.0,236.0451388885267,1,314.45
12650.0,2.8444444444030523,1,314.44
18117.0,25.002083333209157,1,314.4
16227.0,224.9701388888061,1,314.22
15970.0,303.0291666663252,1,314.1
13484.0,240.84722222201526,1,313.8
16582.0,112.8249999997206,1,313.62
14729.0,373.00486111082137,1,313.49
13845.0,64.18402777751908,1,312.98
15318.0,3.0555555555038154,1,312.62
14555.0,56.85138888889924,2,312.54
12834.0,282.12569444440305,1,312.38
13642.0,215.0111111109145,1,312.28
17362.0,238.92152777779847,2,312.23
12785.0,363.959722221829,1,311.95
16450.0,149.0437499997206,1,311.92
14142.0,372.8451388888061,1,311.81
15326.0,333.04999999981374,1,311.71
14951.0,78.89930555550382,1,311.69
14327.0,162.95277777779847,1,311.65
12852.0,294.1687499997206,1,311.55
13990.0,212.89652777742594,1,311.3
17854.0,184.8534722221084,2,311.26
16781.0,371.933333333116,1,311.25
13897.0,49.930555555503815,1,311.16
15185.0,69.9472222221084,1,310.62
15308.0,273.98749999981374,1,310.47
14311.0,242.10833333292976,1,310.26
17912.0,309.9340277775191,5,310.06
14924.0,245.14236111100763,1,310.05
15661.0,316.9541666666046,2,309.8
15699.0,17.183333333116025,1,309.65
16810.0,191.8874999997206,1,309.54
14339.0,242.0722222221084,1,309.52
14847.0,148.0819444442168,1,309.4
17604.0,216.96319444430992,2,309.36
12884.0,87.98611111100763,1,309.05
13787.0,75.03055555513129,2,309.04
15010.0,35.00555555522442,1,308.94
16956.0,17.16249999962747,1,308.74
13699.0,154.83263888861984,1,308.58
17510.0,24.118055555503815,1,308.48
13369.0,365.0555555555038,1,308.28
13466.0,183.84097222192213,1,307.9
15973.0,366.0472222222015,1,307.82
16123.0,51.147222221829,1,307.78
13529.0,78.14930555550382,2,307.76
13395.0,184.90694444440305,1,307.72
13060.0,253.0506944442168,1,307.53
14716.0,42.80624999990687,2,307.51
14915.0,90.96944444440305,2,307.48
17120.0,232.89513888861984,1,307.46
13932.0,294.03333333320916,1,307.4
13142.0,18.863194444216788,1,307.09
17334.0,301.9104166664183,2,307.02
15087.0,281.09444444440305,1,306.94
16668.0,14.796527777798474,6,306.72
13762.0,218.14930555550382,1,306.72
13718.0,245.97638888889924,2,306.55
18059.0,22.834027777425945,3,306.46
15659.0,43.143749999813735,1,306.45
17176.0,201.00624999962747,1,306.13
13863.0,247.10416666651145,1,305.78
15219.0,175.82847222220153,1,305.75
16796.0,88.95069444412366,1,305.62
16181.0,72.96666666632518,1,305.54
18220.0,226.1576388888061,1,305.28
13045.0,98.90694444440305,1,305.28
12623.0,275.9583333330229,1,305.1
17941.0,130.18055555550382,1,304.56
15163.0,17.98611111100763,2,304.47
18185.0,248.96388888871297,1,304.25
16217.0,234.9715277776122,2,304.25
17070.0,113.82569444412366,1,304.24
16674.0,54.05486111110076,2,304.24
17732.0,372.13958333292976,1,303.97
16400.0,94.01597222220153,1,303.93
13083.0,3.9090277776122093,2,303.75
17433.0,87.93472222192213,1,303.16
16425.0,301.9305555555038,1,302.7
14248.0,317.9201388885267,1,302.58
16386.0,28.015277777798474,2,302.57
18165.0,176.9770833333023,1,302.46
16292.0,121.01805555541068,1,302.25
17506.0,75.04930555541068,1,302.2
15054.0,11.908333333209157,2,302.1
17094.0,321.9868055554107,1,302.0
16297.0,268.18124999990687,1,301.9
16715.0,77.77430555550382,1,301.72
15667.0,39.07916666660458,1,301.32
15148.0,10.186805555131286,1,301.29
15623.0,140.80833333311602,1,301.03
13479.0,200.08680555550382,2,300.95
17978.0,364.94791666651145,1,300.92
16430.0,56.9187499997206,1,300.85
16479.0,9.965277777519077,2,300.83
14762.0,263.1875,1,300.52
13304.0,350.9270833330229,1,300.42
15254.0,126.90694444440305,1,300.36
17793.0,24.93472222192213,1,300.34
13745.0,161.83819444430992,1,300.04
18053.0,70.15625,1,300.02
18215.0,88.86458333302289,1,299.34
13667.0,148.88055555522442,1,299.05
15609.0,183.99305555550382,1,298.48
17824.0,50.941666666418314,1,298.4
16104.0,61.10208333330229,1,298.21
17678.0,263.04027777770534,1,298.11
12881.0,275.04583333292976,1,298.0
15857.0,18.022222221828997,1,297.0
17531.0,189.7312499997206,1,296.7
13441.0,91.13333333330229,1,296.64
17266.0,1.9430555552244186,3,296.58
13751.0,287.870833333116,1,296.25
13504.0,63.979166666511446,1,295.93
16998.0,149.1291666664183,4,295.0
14954.0,11.930555555503815,1,294.85
17124.0,184.9499999997206,1,294.24
15732.0,211.93472222192213,2,294.12
16402.0,264.01736111100763,2,293.45
17163.0,21.16180555522442,2,293.1
15060.0,7.9604166662320495,4,293.0
12829.0,336.06736111082137,2,293.0
16721.0,261.86249999981374,1,292.47
14985.0,197.93124999990687,2,292.01
13502.0,16.09097222192213,3,292.0
13449.0,23.18194444430992,1,291.88
17255.0,40.022222221829,2,291.48
14656.0,168.95763888861984,2,291.05
14947.0,71.8763888888061,2,290.82
16648.0,42.161111110821366,1,290.66
15279.0,354.084722221829,1,290.51
17691.0,357.8125,2,290.4
16526.0,171.03333333320916,1,290.36
17551.0,358.9430555552244,1,290.34
13573.0,49.928472221829,2,290.25
14784.0,25.97222222201526,2,289.99
17464.0,157.9798611109145,1,289.96
17201.0,53.03819444403052,1,289.78
16897.0,298.90833333320916,2,289.78
14162.0,173.05138888861984,2,289.36
16125.0,366.8763888888061,1,289.35
14549.0,310.96041666623205,1,289.24
15545.0,53.97638888889924,2,288.97
17081.0,24.995833333116025,2,288.91
17501.0,220.12708333320916,2,288.6
16808.0,98.71944444440305,2,288.42
15396.0,112.07916666660458,1,288.18
17977.0,28.973611110821366,1,288.14
17080.0,21.993749999906868,2,287.62
17760.0,21.07916666660458,2,287.59
16432.0,63.95208333292976,1,287.4
13760.0,53.859027777798474,2,286.79
16555.0,34.92986111110076,2,285.89
14660.0,86.05277777742594,2,285.74
14953.0,24.910416666418314,1,285.67
17636.0,18.92361111100763,1,285.56
16429.0,105.95555555541068,1,284.55
18190.0,191.91805555531755,2,284.46
13121.0,268.83541666623205,1,283.73
13439.0,254.9375,1,283.71
12703.0,70.79027777770534,1,283.55
17783.0,71.86319444421679,2,283.47
13708.0,270.96111111110076,1,283.33
13259.0,61.084722221829,1,283.18
18270.0,37.953472222201526,2,283.15
17694.0,141.03472222201526,1,283.12
14350.0,273.9416666664183,1,282.93
13754.0,151.0409722221084,2,282.6
13177.0,64.12083333311602,1,282.45
16557.0,23.9486111109145,2,281.85
16848.0,52.172222222201526,1,281.42
14242.0,234.04444444412366,2,280.55
16149.0,4.056249999906868,2,280.52
17247.0,14.89513888861984,1,280.09
14975.0,56.94583333330229,1,279.94
15556.0,23.862499999813735,1,279.77
14480.0,10.84375,1,279.05
14764.0,46.03888888889924,1,278.3
14908.0,73.99583333311602,1,277.8
13803.0,254.99513888871297,1,277.07
15355.0,28.962499999906868,2,277.05
13606.0,28.794444444123656,3,276.75
13272.0,30.951388888526708,2,276.56
13544.0,39.03680555522442,2,276.06
12750.0,128.15069444430992,1,275.88
14512.0,187.00763888889924,2,275.28
16313.0,2.9916666662320495,2,274.15
16883.0,186.9993055551313,2,272.48
17498.0,75.01736111100763,1,272.22
14819.0,63.964583333116025,2,272.07
13917.0,49.120833333116025,2,272.04
14816.0,196.98194444412366,1,271.85
13058.0,24.004861110821366,3,271.4
17767.0,14.922222222201526,1,271.2
17254.0,4.002777777612209,2,271.19
17496.0,358.1743055554107,1,271.05
18108.0,253.95416666660458,1,271.0
17011.0,29.97222222201526,1,270.9
15774.0,68.03194444440305,1,270.8
14520.0,1.1277777776122093,2,270.6
13242.0,111.99791666632518,3,270.4
12558.0,7.089583333116025,1,269.96
17251.0,362.0722222221084,1,269.83
13533.0,182.03888888889924,3,269.09
14727.0,273.9201388885267,1,268.58
14508.0,21.709722221828997,2,268.05
15408.0,263.90833333320916,1,267.18
17550.0,196.94513888889924,3,267.16
15320.0,43.97430555522442,1,267.13
15517.0,232.9499999997206,1,267.03
16451.0,87.14791666623205,1,266.97
17786.0,84.99930555513129,2,266.85
14863.0,28.906944444403052,1,266.76
13837.0,211.02777777751908,2,266.59
15119.0,245.15416666632518,1,266.4
12962.0,6.871527777519077,2,266.39
14068.0,319.86666666623205,1,265.85
17430.0,32.14305555541068,2,265.76
14423.0,217.90138888871297,1,265.2
17968.0,373.01874999981374,1,265.1
13973.0,286.89513888861984,1,264.7
15912.0,177.93124999990687,2,264.62
17403.0,35.897222221829,1,263.92
17708.0,187.10972222220153,2,263.33
12492.0,62.899305555503815,2,263.21
16413.0,56.02916666632518,1,262.2
16936.0,25.0736111109145,1,261.9
13189.0,18.09097222192213,2,260.68
14053.0,123.93263888871297,2,260.25
15143.0,225.0326388888061,1,259.45
13127.0,77.09999999962747,1,259.17
14452.0,10.030555555131286,2,259.05
15577.0,150.82430555531755,3,258.88
13277.0,15.14513888861984,4,258.4
13227.0,201.0437499997206,1,257.7
15014.0,42.69652777770534,2,257.67
15894.0,252.9583333330229,2,257.6
13626.0,252.1145833330229,1,257.23
16048.0,372.8902777777985,2,256.44
12430.0,42.90347222192213,1,256.4
13806.0,63.046527777798474,1,256.38
17896.0,22.95208333292976,1,256.32
16727.0,363.959722221829,1,256.32
17385.0,14.074999999720603,1,256.11
16447.0,135.00347222201526,1,255.91
15277.0,46.112499999813735,1,255.9
14761.0,58.02777777751908,2,255.9
14881.0,19.072222222108394,1,255.4
16226.0,202.92291666660458,3,255.12
15261.0,134.8958333330229,1,254.82
15154.0,74.86458333302289,1,254.28
12604.0,78.94583333330229,2,254.18
14765.0,28.706249999813735,3,254.11
15689.0,119.13402777770534,2,254.1
12797.0,365.07986111100763,1,254.03
15759.0,217.90069444430992,3,253.04
15019.0,266.01041666651145,1,252.81
15035.0,89.07083333330229,1,252.73
13404.0,0.8840277777053416,2,252.49
15346.0,332.0638888888061,1,252.42
13645.0,119.86041666660458,1,252.1
13711.0,218.0965277776122,2,252.06
16330.0,17.018055555410683,3,251.91
16836.0,39.11458333302289,2,251.87
17155.0,17.00833333330229,2,251.7
16976.0,266.8451388888061,1,251.52
14501.0,183.03333333320916,2,251.21
13512.0,260.115972221829,1,251.21
13207.0,14.915277777705342,2,250.26
16596.0,15.11666666623205,2,250.15
17303.0,360.97083333320916,1,250.04
15510.0,330.0277777775191,1,250.0
17456.0,364.89374999981374,1,249.86
16124.0,316.9201388885267,1,249.0
13061.0,71.86527777742594,1,248.61
16510.0,371.96597222192213,1,248.1
15097.0,3.949305555317551,1,248.08
13592.0,35.12569444440305,4,247.96
18072.0,185.08749999990687,1,247.44
18009.0,234.9680555551313,1,247.39
13349.0,10.196527777705342,1,247.32
14658.0,4.885416666511446,2,247.15
15783.0,10.125,1,246.3
17278.0,240.98611111100763,1,246.04
16778.0,73.959722221829,2,245.94
16024.0,11.974999999627471,1,245.75
17771.0,56.046527777798474,2,245.33
12660.0,10.974999999627471,1,245.1
15118.0,133.91388888889924,1,244.8
16528.0,3.0034722220152617,1,244.41
17892.0,55.834027777425945,3,244.1
17925.0,372.11111111100763,1,244.08
13103.0,39.13333333330229,1,243.94
16793.0,56.90416666632518,1,243.84
18193.0,164.95277777779847,1,243.76
13886.0,70.9812499997206,1,243.56
15634.0,16.848611110821366,1,243.55
17339.0,93.97291666641831,2,243.36
16215.0,80.10555555531755,1,242.35
15776.0,132.96111111110076,1,241.62
16601.0,40.07013888889924,1,241.53
14523.0,107.98402777779847,1,241.09
16427.0,262.8194444440305,2,241.06
17051.0,193.94236111082137,1,240.89
15598.0,52.865277777425945,1,240.68
15286.0,49.07083333330229,1,240.55
13565.0,18.928472221828997,2,240.22
17256.0,106.97222222201526,2,240.0
17181.0,56.91805555531755,2,239.92
15690.0,3.8687499999068677,2,239.76
13570.0,242.9680555551313,1,239.49
17684.0,43.06944444403052,1,239.41
16756.0,214.13680555531755,1,239.4
12561.0,302.0493055554107,1,238.85
12718.0,70.84166666632518,1,238.25
17877.0,169.99305555550382,1,237.61
14586.0,276.11527777742594,1,237.36
15457.0,261.88819444412366,1,237.07
12732.0,179.053472221829,1,236.26
16026.0,42.956249999813735,1,236.09
14647.0,200.96527777751908,1,236.04
13187.0,336.745138888713,1,236.02
14375.0,184.96249999990687,1,235.56
15850.0,18.941666666418314,2,234.88
15462.0,93.98541666660458,3,234.6
14473.0,73.90277777751908,2,234.34
17060.0,265.9743055552244,1,234.24
16961.0,115.96111111110076,1,234.17
12736.0,332.2034722222015,1,234.0
13348.0,63.80694444430992,1,233.76
16583.0,373.0326388888061,1,233.45
16302.0,126.12916666641831,1,233.22
13678.0,151.10833333292976,1,232.6
18213.0,236.1034722221084,1,232.48
16117.0,189.04722222220153,1,232.21
17908.0,373.0451388885267,1,232.03
14995.0,38.04930555541068,2,231.98
15393.0,15.834722221828997,2,231.86
17111.0,46.86874999990687,1,231.61
16641.0,105.00069444440305,1,231.1
18030.0,3.842361110728234,2,230.65
16445.0,33.0124999997206,1,230.51
17125.0,49.92291666660458,1,230.5
13786.0,366.95624999981374,1,230.4
16926.0,370.963888888713,1,230.25
13960.0,20.890972222201526,2,230.22
12812.0,44.12222222192213,1,229.64
13008.0,322.93472222192213,1,229.47
15528.0,253.85833333292976,1,229.33
14793.0,20.916666666511446,1,228.99
17347.0,85.98472222220153,1,228.96
13146.0,25.88958333292976,1,228.91
13712.0,246.01180555531755,1,228.84
13070.0,191.96180555550382,1,228.8
17969.0,165.99305555550382,2,228.2
16527.0,80.8534722221084,1,228.06
14569.0,0.9111111108213663,1,227.39
17212.0,252.71388888871297,1,226.85
13474.0,235.95624999981374,1,226.84
17194.0,360.0305555551313,1,226.78
17572.0,70.78958333330229,4,226.75
18005.0,3.040972222108394,2,226.47
17860.0,368.00624999962747,1,226.45
16315.0,330.0368055552244,1,226.37
16619.0,263.1888888888061,1,226.21
17789.0,280.98333333292976,1,225.9
12672.0,329.1458333330229,1,225.9
14624.0,56.96249999990687,2,225.85
12402.0,322.95902777742594,1,225.6
16690.0,71.90833333320916,2,225.58
14052.0,19.013888888526708,1,225.36
15483.0,160.9881944442168,4,225.26
16587.0,231.8743055551313,1,225.15
14357.0,42.85208333330229,1,225.12
17171.0,288.84236111072823,1,224.91
15175.0,71.05486111110076,1,224.14
16471.0,274.13124999962747,1,223.95
16753.0,57.98333333292976,1,223.92
14929.0,31.811805555131286,1,223.88
13926.0,22.981944444123656,1,223.85
17534.0,53.00208333320916,1,223.36
15637.0,52.18194444430992,1,223.36
13382.0,280.115972221829,1,222.99
16777.0,79.96458333311602,2,222.62
18101.0,10.967361110728234,2,222.4
14598.0,43.9798611109145,1,221.97
14960.0,7.997222221922129,2,221.27
13419.0,63.00069444440305,1,221.06
16482.0,15.011805555317551,1,220.62
18114.0,289.97916666651145,1,220.1
13079.0,3.8312499998137355,5,220.1
13600.0,311.8909722222015,1,219.52
15096.0,42.09930555522442,1,219.39
12702.0,19.093055555131286,1,219.0
15790.0,9.91458333330229,1,218.75
13669.0,50.1374999997206,2,218.55
12574.0,315.1458333330229,1,218.45
15724.0,200.92361111100763,2,218.25
16634.0,222.02847222192213,2,217.9
16392.0,269.027083333116,1,217.89
14570.0,280.0777777777985,2,217.21
15554.0,277.15972222201526,1,217.2
16080.0,81.08888888871297,2,217.16
13739.0,17.96875,1,216.9
13503.0,70.97708333330229,1,216.85
12897.0,204.02569444430992,2,216.5
15604.0,51.9187499997206,1,216.39
17436.0,1.0138888885267079,2,216.3
14104.0,154.0,2,216.21
13858.0,56.8562499997206,1,216.17
18212.0,325.85833333292976,1,216.07
16179.0,60.13124999962747,1,215.83
16189.0,15.043749999720603,2,215.48
16190.0,39.86874999990687,1,215.08
12831.0,261.99166666623205,1,215.05
12588.0,38.90902777761221,1,214.9
16338.0,156.95416666660458,1,214.8
17619.0,311.9388888888061,1,214.37
16846.0,49.95486111100763,1,214.32
15460.0,353.86249999981374,1,214.26
16647.0,169.0437499997206,2,214.06
14601.0,10.126388888806105,1,213.96
13621.0,116.18333333311602,1,213.85
17153.0,23.963888888712972,1,213.78
14241.0,183.04444444412366,1,213.7
13411.0,106.95347222220153,1,213.55
16591.0,68.08819444430992,1,213.5
15540.0,10.95763888861984,1,213.3
16519.0,24.88124999962747,2,212.98
17580.0,252.00624999962747,3,212.77
15866.0,100.94513888889924,1,211.89
16017.0,46.995833333116025,1,211.88
16356.0,197.0409722221084,3,211.77
16411.0,18.97708333330229,2,211.7
15703.0,264.08263888861984,1,211.5
13271.0,36.92986111110076,1,211.49
12995.0,84.87916666641831,1,211.32
13532.0,33.01736111100763,1,210.31
13828.0,21.86666666623205,1,209.49
17855.0,372.1291666664183,1,208.97
15327.0,52.03819444403052,1,208.75
17514.0,127.87847222201526,1,208.65
15897.0,193.9583333330229,2,208.59
16457.0,217.9798611109145,1,208.36
18191.0,261.0291666663252,1,207.8
12547.0,197.0083333333023,2,207.8
16866.0,140.11388888861984,3,207.74
15052.0,318.87361111072823,1,207.73
17923.0,281.8993055555038,1,207.5
16752.0,372.022222221829,1,207.5
16323.0,195.91805555531755,1,207.5
13099.0,98.79861111100763,1,207.36
15925.0,193.88541666651145,1,207.15
15820.0,319.03472222201526,1,206.98
17166.0,38.12777777761221,2,206.34
14964.0,246.94236111082137,1,206.21
13065.0,372.8319444442168,1,205.86
17670.0,227.15138888871297,1,205.7
15307.0,95.04999999981374,1,205.3
15758.0,24.084722221828997,1,205.25
13513.0,126.04166666651145,1,205.1
15319.0,283.0013888888061,1,204.5
17206.0,52.97569444403052,1,204.24
18273.0,1.9819444441236556,3,204.0
13017.0,6.872916666325182,1,204.0
17187.0,226.00763888889924,1,203.95
17394.0,218.97777777770534,1,203.87
17891.0,161.6958333333023,1,203.86
17376.0,70.0097222221084,2,203.2
14381.0,51.81944444403052,1,202.68
18169.0,60.022222221829,1,202.65
14984.0,18.93194444430992,2,202.37
16895.0,64.02430555550382,1,202.27
14385.0,8.884722222108394,3,202.11
13428.0,9.9375,1,201.78
15347.0,365.89236111100763,1,201.6
17889.0,211.84999999962747,2,201.37
13295.0,359.0618055551313,1,201.2
13284.0,330.14374999981374,1,201.19
13859.0,325.85833333292976,1,201.16
17988.0,11.076388888526708,7,201.12
17693.0,136.8763888888061,1,200.47
13262.0,262.9055555551313,1,200.29
16415.0,43.96875,1,200.27
15437.0,261.9854166666046,1,200.16
13980.0,59.96944444440305,1,200.14
14782.0,319.0680555552244,1,200.1
13723.0,216.8236111109145,1,199.85
15593.0,70.04444444412366,1,199.8
13322.0,16.936805555131286,1,199.48
16832.0,183.8847222221084,3,199.15
18110.0,19.0111111109145,1,198.8
18126.0,60.021527777425945,1,198.58
17987.0,184.93611111072823,1,198.57
16178.0,137.8645833330229,1,197.9
12450.0,155.92291666660458,2,197.88
17843.0,302.88680555531755,1,197.73
12581.0,39.16249999962747,1,197.71
14185.0,330.9569444442168,1,197.65
14789.0,28.160416666418314,1,197.64
16829.0,156.084722221829,1,197.22
15234.0,276.1645833333023,1,197.0
12586.0,16.851388888899237,1,196.94
13436.0,1.0951388888061047,1,196.89
15746.0,133.89513888861984,1,196.88
13978.0,14.05138888861984,2,196.79
16112.0,142.93194444430992,4,195.74
13792.0,65.92986111110076,2,195.55
17010.0,17.9173611109145,1,195.36
15612.0,35.91527777770534,2,195.15
17475.0,78.91319444403052,1,194.37
15683.0,116.99583333311602,1,193.75
17343.0,354.90486111072823,1,193.64
15198.0,91.92222222220153,2,193.64
16847.0,42.972916666418314,1,193.44
17383.0,3.80138888861984,1,193.39
14806.0,74.8874999997206,1,193.39
14476.0,256.88263888889924,1,193.0
12522.0,38.88888888852671,2,192.72
14768.0,16.99722222192213,2,192.6
12791.0,373.057638888713,1,192.6
16887.0,34.94652777770534,1,192.33
16965.0,226.02916666632518,1,192.07
17608.0,32.98888888861984,2,191.99
14100.0,137.07569444412366,1,191.95
15909.0,173.09166666632518,1,191.94
14087.0,2.006249999627471,1,191.47
15692.0,27.94305555522442,1,191.04
17233.0,34.947222222108394,1,190.88
15723.0,364.0680555552244,1,190.7
13033.0,356.9354166663252,1,190.55
15412.0,170.89305555541068,1,190.53
13972.0,70.03888888889924,2,190.25
12361.0,286.95763888861984,1,189.9
13826.0,175.959722221829,1,189.5
13663.0,178.8791666664183,1,189.47
14801.0,60.89305555541068,1,189.34
14697.0,217.88263888889924,2,188.61
14830.0,52.93124999990687,1,188.03
17781.0,158.86805555550382,2,188.02
17279.0,57.036111110821366,1,187.83
18013.0,154.94374999962747,2,187.29
13568.0,172.92222222220153,1,187.05
17440.0,156.03888888889924,3,186.42
13672.0,300.95624999981374,2,186.39
14551.0,17.968055555131286,2,186.23
15567.0,18.084722221828997,1,186.01
12641.0,114.97499999962747,1,185.9
17574.0,242.12708333320916,1,185.65
14199.0,217.96249999990687,1,185.4
16097.0,239.96041666623205,1,185.05
13482.0,231.82430555531755,1,184.64
17928.0,44.95694444421679,2,184.46
17680.0,23.00555555522442,1,184.4
16433.0,27.945138888899237,1,184.26
15124.0,22.111805555410683,2,184.19
14326.0,241.90694444440305,1,183.85
16914.0,35.890972222201526,1,183.76
16680.0,42.80208333302289,1,183.7
14059.0,266.11388888861984,1,183.6
13460.0,28.814583333209157,2,183.44
13059.0,249.09027777751908,1,183.4
14966.0,14.020833333022892,1,183.02
16448.0,197.84861111082137,1,182.99
14082.0,364.0749999997206,1,182.25
16594.0,74.94583333330229,1,181.09
15886.0,59.93402777751908,1,181.09
17904.0,20.995138888712972,1,181.07
15945.0,364.98333333292976,1,181.0
16835.0,127.95833333302289,2,180.85
18119.0,367.0354166664183,1,180.7
18280.0,277.12361111072823,1,180.6
13710.0,31.19027777761221,1,180.48
14722.0,146.91111111082137,1,180.42
12622.0,231.84097222192213,1,180.1
14666.0,23.995138888712972,1,179.95
15041.0,169.85694444412366,1,179.93
18147.0,45.044444444123656,2,179.34
15895.0,149.09930555522442,1,179.17
15454.0,361.9368055551313,1,179.1
16990.0,218.18055555550382,1,179.0
14705.0,198.00763888889924,1,179.0
16620.0,3.021527777425945,2,178.96
15139.0,239.04930555541068,2,178.96
15262.0,323.02361111110076,1,178.95
17660.0,140.96736111072823,1,178.75
13778.0,102.89236111100763,1,178.7
17879.0,173.0097222221084,1,178.52
15292.0,200.90972222201526,1,178.39
18045.0,44.98819444421679,1,178.34
17253.0,17.993749999906868,1,178.26
17356.0,311.07152777770534,1,178.22
18282.0,7.046527777798474,2,178.05
16403.0,311.96597222192213,1,177.5
13618.0,173.07013888889924,1,177.34
12618.0,21.069444444030523,1,177.31
13072.0,266.1930555552244,1,177.15
17947.0,36.98958333302289,1,176.68
14287.0,7.975694444030523,3,176.63
12893.0,30.0111111109145,1,176.55
12509.0,283.9201388885267,1,176.5
18274.0,29.82430555531755,1,175.92
17582.0,235.98055555531755,1,175.27
17331.0,123.03819444403052,1,175.2
16144.0,246.11180555541068,1,175.2
18010.0,256.0159722222015,1,174.8
14355.0,365.02361111110076,1,174.4
14518.0,63.921527777798474,1,174.37
18278.0,73.03611111082137,1,173.9
16861.0,59.15625,2,173.76
14798.0,52.077777777798474,3,173.74
16565.0,363.89513888861984,1,173.7
12441.0,366.0868055555038,1,173.55
17772.0,10.072916666511446,2,173.45
15565.0,49.928472221829,2,173.16
15670.0,296.0833333330229,1,173.05
14693.0,264.0,1,172.9
18048.0,202.91111111082137,2,172.29
13922.0,351.0916666663252,1,172.25
13690.0,58.907638888806105,1,172.25
12442.0,2.936111110728234,1,172.06
16773.0,56.92569444421679,1,171.59
12923.0,63.854166666511446,1,171.57
17245.0,204.08819444430992,1,171.45
13560.0,6.9854166666045785,1,171.42
15432.0,22.84722222201526,1,171.19
14536.0,259.02013888861984,1,170.95
17542.0,269.0451388885267,1,170.75
14860.0,18.939583333209157,1,170.32
15335.0,53.0,1,170.22
18058.0,9.174999999813735,1,170.16
15016.0,172.0305555551313,1,170.04
13962.0,21.168749999720603,2,169.55
14218.0,42.118055555503815,1,169.48
12367.0,3.834722221828997,1,168.9
14578.0,2.8138888888061047,1,168.63
18269.0,365.95624999981374,1,168.6
18099.0,126.87361111072823,1,168.31
16282.0,339.0472222222015,1,168.3
17737.0,8.898611111100763,2,168.24
15986.0,29.89791666623205,1,168.12
15374.0,128.11874999990687,1,168.0
12551.0,357.0604166663252,1,168.0
16952.0,108.990972221829,2,167.61
17367.0,237.9368055551313,1,167.55
16405.0,301.8930555554107,2,167.25
14295.0,39.875,1,166.2
17650.0,20.91527777770534,1,166.08
12817.0,280.84861111082137,1,166.04
18088.0,60.964583333116025,1,166.03
17561.0,18.99791666632518,1,165.12
18042.0,53.0423611109145,1,165.05
15316.0,326.05277777742594,1,165.0
13470.0,98.91180555522442,2,165.0
15904.0,7.916666666511446,1,164.68
17535.0,279.8958333330229,1,164.4
13603.0,25.870138888712972,1,164.34
14552.0,151.00069444440305,1,164.22
14354.0,5.0541666662320495,2,163.62
15920.0,153.89236111100763,3,163.55
17110.0,164.99444444430992,1,163.3
17301.0,20.96319444430992,1,163.24
13223.0,199.990972221829,2,163.2
14485.0,38.01736111100763,1,162.8
12920.0,16.90625,1,162.78
16517.0,276.9583333330229,1,162.7
15888.0,80.01388888852671,1,162.64
15733.0,282.15625,1,162.3
15325.0,103.03819444403052,1,161.74
17600.0,17.129861110821366,1,161.67
15458.0,24.987499999813735,1,161.64
16113.0,182.85694444412366,1,161.38
14237.0,372.97916666651145,1,161.0
13229.0,225.02986111072823,1,160.95
15852.0,186.06111111072823,2,160.71
12573.0,226.87361111072823,1,160.54
18203.0,156.9881944442168,1,160.42
18146.0,140.02916666632518,2,160.35
14714.0,23.988194444216788,1,160.19
12966.0,9.00833333330229,1,160.18
13598.0,46.93194444430992,1,160.04
13420.0,149.16805555531755,2,159.85
16213.0,78.115972221829,1,159.0
18224.0,263.09722222201526,1,158.95
13937.0,168.84375,1,158.85
15167.0,320.00624999962747,1,158.8
14089.0,56.09166666632518,1,158.75
17165.0,283.84097222192213,1,158.68
15160.0,356.94097222201526,1,158.16
15348.0,71.9812499997206,1,158.04
18004.0,361.96041666623205,1,157.92
17556.0,205.084722221829,1,157.9
14799.0,50.856944444123656,1,157.7
17344.0,45.995833333116025,1,157.62
14148.0,233.03333333320916,1,157.2
17128.0,334.03333333320916,1,157.09
14585.0,49.928472221829,1,157.05
17118.0,317.02152777742594,1,157.02
15007.0,158.86805555550382,1,156.91
15988.0,18.97708333330229,1,156.78
14406.0,118.83055555541068,1,156.75
15438.0,130.93819444440305,1,156.58
15263.0,106.09999999962747,1,156.51
17885.0,11.92361111100763,1,156.34
13898.0,325.09861111082137,1,155.93
17871.0,204.05416666623205,1,155.9
17832.0,49.046527777798474,1,155.37
12738.0,371.7659722222015,1,155.35
15447.0,330.058333333116,1,155.17
13809.0,304.9826388885267,1,155.05
14368.0,319.12361111072823,1,155.0
17698.0,260.05277777742594,1,154.95
15740.0,48.93124999990687,1,154.88
17026.0,184.93194444430992,2,154.83
17899.0,158.91111111082137,1,154.55
15226.0,310.0479166666046,1,154.41
16406.0,18.03680555522442,1,154.35
18014.0,27.890277777798474,1,154.27
16921.0,60.85277777770534,1,154.18
17517.0,308.04305555531755,1,153.94
16351.0,332.09999999962747,1,153.9
12602.0,58.061111110728234,1,153.12
17714.0,320.09583333320916,1,153.0
16720.0,25.85277777770534,1,152.95
16248.0,61.05416666623205,1,152.94
14813.0,369.0368055552244,2,152.88
17984.0,144.86874999990687,1,152.68
18138.0,294.9159722221084,1,152.65
14066.0,266.02013888861984,1,152.55
17707.0,184.9076388888061,2,152.4
14039.0,32.959722221829,1,152.2
13514.0,73.13263888889924,1,152.2
17898.0,84.91249999962747,2,152.06
16617.0,235.09375,1,151.85
14208.0,94.0013888888061,1,151.74
14046.0,283.91805555531755,1,151.59
14362.0,21.90416666632518,1,151.5
13462.0,252.0625,1,151.5
17286.0,21.002083333209157,1,151.37
13697.0,38.14999999990687,1,151.3
16337.0,36.115972221829,1,151.05
14073.0,31.875694444403052,1,151.04
14204.0,1.9666666663251817,1,150.61
18200.0,105.75347222201526,1,150.35
15717.0,233.9784722221084,1,150.3
16932.0,52.94305555522442,1,150.23
17234.0,182.0625,1,149.89
15869.0,276.8104166663252,2,149.64
17946.0,232.8263888885267,2,149.58
18262.0,139.86527777742594,1,149.48
15435.0,21.84097222192213,1,149.29
13003.0,105.08333333302289,3,149.05
17549.0,23.118749999906868,2,148.86
15526.0,32.90694444440305,2,148.44
14968.0,29.952777777798474,1,147.59
14098.0,36.109027777798474,1,147.35
14037.0,175.95347222220153,2,147.2
12864.0,137.990972221829,1,147.12
17030.0,63.1673611109145,1,146.87
14238.0,325.92361111100763,1,146.85
16893.0,366.0305555551313,1,145.93
12565.0,288.09444444440305,1,145.92
17935.0,137.98055555531755,2,145.79
13866.0,73.91388888889924,1,145.67
15937.0,63.876388888806105,1,145.35
16598.0,285.0472222222015,1,145.05
17524.0,360.92916666623205,1,145.0
16852.0,9.977777777705342,2,144.91
12974.0,197.13680555531755,1,144.8
15748.0,39.999305555131286,1,144.36
14109.0,72.10555555531755,1,144.2
17186.0,46.104166666511446,2,144.0
12587.0,7.002083333209157,1,144.0
17578.0,217.7583333333023,1,143.46
15705.0,200.88402777770534,1,143.1
16461.0,177.02986111072823,1,142.92
16287.0,169.15416666632518,1,142.5
13299.0,267.9965277775191,1,142.5
14386.0,296.12847222201526,1,142.4
13584.0,306.00069444440305,1,142.4
17859.0,304.09583333320916,1,141.92
13561.0,215.00763888889924,1,141.86
14041.0,265.9756944440305,1,141.41
15503.0,362.0784722222015,1,141.04
15388.0,269.95624999981374,1,140.54
13483.0,65.03958333330229,1,140.34
14494.0,25.14513888861984,1,139.56
17718.0,231.96597222192213,1,139.35
16483.0,191.98749999981374,1,139.35
14772.0,111.90694444440305,1,139.26
18209.0,28.029861110728234,1,139.1
15135.0,238.73194444412366,1,139.05
13273.0,112.9499999997206,1,138.98
12902.0,264.0305555551313,1,138.68
14581.0,16.007638888899237,1,138.6
17122.0,118.928472221829,1,138.32
13716.0,268.95902777742594,1,138.28
15663.0,105.875,1,138.14
16050.0,173.04583333292976,1,137.9
13279.0,77.80972222192213,1,137.75
17709.0,169.03819444403052,1,137.45
15836.0,49.817361110821366,1,137.37
14483.0,281.09999999962747,1,137.1
17468.0,9.886805555317551,2,137.0
15691.0,251.90069444430992,1,136.8
14247.0,277.89513888861984,1,136.77
16462.0,73.10138888889924,3,136.0
16412.0,53.010416666511446,1,135.99
12968.0,111.87916666641831,1,135.95
15042.0,198.85069444403052,1,135.93
14889.0,335.89652777742594,1,135.9
15419.0,24.143749999813735,1,135.86
16114.0,170.10902777779847,1,135.75
15174.0,322.1555555551313,1,135.75
16665.0,361.94930555531755,1,135.4
17972.0,241.02361111110076,1,135.19
13364.0,70.77569444430992,1,134.96
16055.0,220.14166666660458,1,134.8
14340.0,218.1291666664183,1,134.7
15562.0,351.1215277775191,1,134.55
14174.0,32.9812499997206,1,134.46
12837.0,172.8631944442168,1,134.1
14280.0,196.09236111072823,1,134.04
16424.0,190.96527777751908,1,133.56
14349.0,9.882638888899237,1,133.5
12445.0,21.754861110821366,1,133.4
17881.0,303.8152777776122,1,133.35
15709.0,283.0916666663252,1,133.25
17647.0,64.88333333330229,1,133.06
12512.0,65.91319444403052,2,132.18
17785.0,52.96319444430992,1,131.94
14438.0,305.91249999962747,1,131.9
12851.0,96.00624999962747,1,131.81
17455.0,203.01319444412366,1,131.7
14795.0,165.99027777742594,1,131.45
15844.0,45.896527777425945,1,130.74
16679.0,365.95763888861984,1,129.75
16611.0,185.8777777776122,1,129.49
16623.0,245.11180555541068,1,129.45
15276.0,65.84097222192213,1,128.63
16828.0,92.90277777751908,2,128.5
17297.0,16.921527777798474,1,128.18
17359.0,10.925694444216788,1,127.86
15543.0,287.8916666666046,1,127.86
13781.0,250.02916666632518,1,127.84
15578.0,161.990972221829,1,127.1
15923.0,372.02361111110076,1,127.08
14962.0,270.1305555552244,1,126.7
16414.0,21.13055555522442,2,126.25
15463.0,28.995138888712972,1,126.14
16988.0,4.8666666662320495,1,126.12
12814.0,101.02708333311602,1,125.92
13522.0,29.902083333116025,1,125.8
14861.0,51.99722222192213,1,125.79
14890.0,253.03680555522442,1,125.65
15017.0,33.095138888806105,1,125.58
12531.0,14.068055555224419,1,125.22
17148.0,51.11874999990687,1,124.88
16849.0,186.14861111110076,1,124.57
16569.0,2.8874999997206032,1,124.2
14495.0,50.015277777798474,2,123.8
16658.0,367.96041666623205,1,123.24
15917.0,247.09027777751908,1,123.1
13519.0,77.76805555541068,1,122.75
13876.0,63.10277777770534,1,122.7
13638.0,15.091666666325182,1,122.64
16073.0,296.88124999962747,1,122.4
18018.0,107.80069444421679,2,122.14
13244.0,92.04444444412366,1,121.74
13182.0,44.96111111110076,1,121.18
15049.0,273.0256944443099,1,121.17
14413.0,361.96736111072823,1,121.05
15512.0,155.10416666651145,2,121.0
13002.0,317.897222221829,1,120.95
17446.0,176.08888888871297,2,120.9
14165.0,275.00763888889924,1,120.44
18015.0,3.9173611109144986,1,120.03
14314.0,106.09097222192213,1,120.0
14259.0,141.08749999990687,1,120.0
14453.0,189.94097222201526,1,119.93
16542.0,53.08541666623205,1,119.62
15266.0,337.9652777775191,1,119.3
16666.0,18.950694444123656,1,118.98
15843.0,303.1048611109145,1,118.95
17079.0,77.8861111109145,1,118.8
14155.0,265.94236111082137,1,118.75
14076.0,128.89652777742594,1,118.67
13581.0,308.9229166666046,1,118.0
12929.0,311.0291666663252,1,117.85
17654.0,276.9812499997206,1,117.55
16959.0,86.9076388888061,1,117.35
13877.0,85.87569444440305,1,117.24
17117.0,287.9555555554107,1,116.2
17601.0,238.78333333320916,1,116.01
14143.0,133.1263888888061,1,115.8
15350.0,372.9701388888061,1,115.65
13067.0,81.96666666632518,1,115.46
18027.0,98.09166666632518,1,115.31
14972.0,127.91388888889924,1,114.77
13188.0,10.890277777798474,1,114.6
16247.0,169.93541666632518,1,114.56
14632.0,262.1673611109145,1,114.56
17852.0,11.009722222108394,2,114.34
17219.0,31.059027777519077,1,114.23
14652.0,76.93680555513129,1,114.18
12938.0,25.061805555131286,1,114.14
14582.0,40.03749999962747,1,114.11
12651.0,334.0027777776122,1,114.0
14457.0,310.13263888889924,1,113.64
17217.0,233.81319444440305,1,113.5
15445.0,263.9055555551313,1,113.5
18105.0,37.03194444440305,1,113.48
16913.0,289.995833333116,1,113.44
15280.0,171.8166666664183,1,113.12
14689.0,208.06111111072823,1,112.8
16697.0,240.81805555522442,1,112.75
13161.0,312.94930555531755,1,112.75
13807.0,366.8763888888061,1,112.6
18129.0,242.9402777776122,1,112.55
15610.0,51.093055555131286,1,112.46
17038.0,29.958333333022892,1,112.4
14271.0,225.00208333320916,1,112.32
17967.0,371.06319444440305,1,112.27
17900.0,189.92499999981374,2,112.2
13193.0,60.930555555503815,1,112.08
12756.0,86.13819444412366,1,112.08
17887.0,128.80624999990687,1,111.35
18120.0,213.96180555550382,1,111.15
13508.0,243.03611111082137,1,110.97
13144.0,332.06597222201526,1,110.95
15537.0,162.98611111100763,1,110.92
15853.0,51.09166666632518,1,110.8
17957.0,65.91111111082137,1,110.72
16963.0,186.959722221829,1,110.55
14641.0,21.088888888712972,1,110.46
12734.0,352.00208333320916,1,110.4
18277.0,57.89444444421679,1,110.38
17901.0,28.806249999906868,1,110.38
16792.0,281.9229166666046,2,110.38
17746.0,239.92986111110076,1,110.25
17836.0,46.859027777798474,1,109.83
13133.0,273.0965277776122,2,109.8
16363.0,52.941666666418314,1,109.36
14699.0,213.91388888889924,1,109.13
14345.0,38.124305555131286,1,108.98
13170.0,26.021527777425945,1,108.81
17639.0,275.8944444442168,1,108.5
16106.0,65.09236111072823,1,108.38
13226.0,272.9270833330229,1,108.21
12956.0,305.86249999981374,1,108.07
15935.0,238.97430555522442,1,108.04
14661.0,26.040972222108394,1,107.95
17274.0,34.981944444123656,1,107.82
16784.0,19.020833333022892,1,107.6
15395.0,325.0069444440305,1,107.45
17893.0,224.9583333330229,1,107.21
16757.0,318.0354166664183,1,106.83
15168.0,25.058333333116025,1,106.56
15070.0,372.0604166663252,1,106.2
17791.0,29.02847222192213,1,106.1
16581.0,182.1145833330229,1,105.84
15775.0,244.99583333311602,1,104.9
14027.0,60.15902777761221,1,104.82
15607.0,336.0041666664183,1,104.76
15958.0,73.96458333311602,1,104.35
18174.0,6.8291666666045785,1,104.0
18255.0,88.98194444412366,1,103.3
17548.0,233.0340277776122,1,103.3
14542.0,185.18819444440305,1,103.25
18011.0,372.8020833330229,1,102.79
14836.0,9.836805555503815,3,102.45
17962.0,141.9402777776122,1,102.41
14981.0,245.96180555550382,1,102.12
13948.0,360.10555555531755,1,102.0
15212.0,240.96180555550382,1,101.8
18068.0,288.91666666651145,1,101.7
16516.0,29.910416666418314,1,101.7
17643.0,372.92499999981374,1,101.55
16006.0,210.98472222220153,1,101.4
18086.0,273.96944444440305,1,101.34
13101.0,233.9256944442168,1,101.19
16344.0,157.875,1,101.1
16498.0,160.90486111072823,2,100.97
14946.0,13.970138888806105,1,100.9
17427.0,71.05624999990687,1,100.8
14371.0,294.84375,1,100.5
13703.0,317.98611111100763,1,99.5
17939.0,159.01597222220153,1,99.14
15256.0,148.0437499997206,1,98.45
17538.0,25.026388888712972,1,98.42
17349.0,178.93124999990687,1,98.25
15422.0,322.8562499997206,2,97.7
12984.0,18.00902777770534,1,97.5
17325.0,279.9868055554107,1,96.8
15216.0,87.04791666660458,1,96.6
14642.0,58.07083333330229,1,96.12
17024.0,44.96041666623205,3,95.85
17895.0,43.82638888852671,1,95.45
18249.0,16.904861110728234,1,95.34
12548.0,165.88541666651145,1,95.2
16387.0,322.05277777742594,1,94.36
16339.0,283.964583333116,1,94.05
15397.0,289.14236111100763,1,94.0
18033.0,64.80694444430992,1,93.82
15428.0,14.830555555410683,1,93.78
18227.0,217.01874999981374,1,93.75
13283.0,59.125,2,93.66
17991.0,224.86944444430992,2,93.35
12821.0,213.8743055551313,1,92.72
14054.0,64.87569444440305,1,92.46
12789.0,64.96944444440305,1,91.85
13551.0,318.91944444412366,1,91.8
13160.0,21.988194444216788,1,91.8
12659.0,29.03958333330229,1,91.68
15488.0,92.11041666660458,1,91.32
14353.0,214.86388888861984,1,90.6
13947.0,64.92222222220153,1,90.6
18084.0,15.953472222201526,1,90.48
16506.0,19.02291666623205,2,90.3
15552.0,216.9187499997206,1,90.12
16597.0,3.879166666418314,1,90.04
14117.0,143.12569444440305,1,90.0
14974.0,36.99236111110076,1,89.94
14219.0,3.8520833333022892,1,89.94
14760.0,296.8493055552244,1,89.2
12686.0,371.1243055551313,1,89.14
14436.0,98.10902777779847,1,89.06
12353.0,203.7937499997206,1,89.0
15083.0,256.022222221829,1,88.2
15180.0,366.9118055552244,1,87.5
13296.0,136.96111111110076,1,87.4
15541.0,113.91111111082137,1,85.13
15729.0,212.0097222221084,1,85.0
13841.0,252.02777777751908,1,85.0
13666.0,59.88263888889924,3,84.65
12401.0,302.9583333330229,1,84.3
17309.0,94.89583333302289,1,82.75
13006.0,55.959027777425945,1,81.57
17620.0,59.02916666632518,1,81.44
18281.0,180.08124999981374,1,80.82
16789.0,7.901388888712972,1,80.8
13967.0,145.03333333320916,1,80.7
17752.0,358.8548611109145,1,80.64
13747.0,373.09236111072823,1,79.6
16078.0,283.12708333320916,1,79.2
15753.0,304.00624999962747,1,79.2
13651.0,39.027083333116025,1,79.2
17942.0,7.086805555503815,1,77.5
14785.0,9.978472222108394,2,77.4
13132.0,261.0041666664183,1,77.3
13992.0,29.893749999813735,1,76.8
14373.0,357.8819444440305,1,76.55
17536.0,176.9770833333023,1,76.5
13106.0,132.90138888871297,1,76.5
18113.0,368.01319444412366,1,76.32
16148.0,295.95069444412366,1,76.32
15668.0,217.09097222192213,1,76.32
14090.0,324.08263888861984,1,76.32
17995.0,281.0138888885267,1,76.1
17628.0,80.89513888861984,1,75.75
16610.0,218.98402777779847,1,75.66
13403.0,17.18194444430992,1,75.0
16468.0,73.94236111082137,1,74.9
18050.0,358.9340277775191,1,74.4
13095.0,70.0326388888061,1,74.4
17960.0,170.94097222201526,1,73.78
18032.0,333.8874999997206,1,73.5
12506.0,232.16388888889924,1,73.5
16171.0,58.915972222108394,1,73.2
17906.0,246.80902777751908,1,72.9
13686.0,182.15277777751908,1,72.0
13938.0,34.92569444421679,1,71.66
17747.0,112.19236111082137,1,71.4
13185.0,267.03749999962747,1,71.4
17022.0,30.820138888899237,1,71.0
18037.0,153.96597222192213,6,70.02
15863.0,25.000694444403052,2,68.84
14393.0,217.77361111110076,1,67.95
17382.0,64.98958333302289,1,65.4
13684.0,285.1090277777985,1,65.13
13130.0,93.88888888852671,1,64.0
13302.0,154.78749999962747,1,63.75
17263.0,207.92916666623205,1,63.44
14437.0,365.1409722222015,1,63.0
12665.0,324.17777777742594,1,63.0
14840.0,267.03472222201526,1,62.85
13218.0,126.82708333292976,1,62.64
15516.0,44.08263888861984,3,62.43
13194.0,135.1590277776122,1,60.7
17174.0,217.0437499997206,1,59.9
13391.0,203.0833333330229,1,59.8
13682.0,186.9472222221084,1,59.5
14957.0,252.7854166664183,1,58.49
13080.0,178.9104166664183,1,58.08
17775.0,254.0833333330229,1,56.4
15899.0,368.0930555551313,1,56.25
13366.0,49.967361110728234,1,56.16
16349.0,290.0069444440305,1,53.5
15504.0,80.96180555550382,1,52.83
14865.0,6.850694444030523,2,52.2
13832.0,18.884722222108394,1,52.2
15313.0,109.86666666623205,1,52.0
14682.0,187.02638888871297,2,52.0
17844.0,106.05763888871297,1,51.56
14351.0,164.03749999962747,1,51.0
13011.0,371.81111111072823,1,50.55
18184.0,14.890277777798474,1,49.8
14821.0,366.1715277777985,1,48.8
15603.0,78.11527777742594,1,48.48
16257.0,176.11041666660458,1,46.95
14080.0,32.07013888889924,1,45.6
15423.0,37.950694444123656,1,43.5
14300.0,18.16180555522442,1,43.2
15992.0,3.076388888526708,1,41.99
15178.0,259.901388888713,1,40.5
14589.0,371.0472222222015,1,39.75
12977.0,155.84027777751908,1,39.24
16659.0,188.9076388888061,1,39.12
18019.0,51.02777777751908,1,38.45
12855.0,372.13402777770534,1,38.1
16162.0,251.9076388888061,1,37.4
17816.0,36.052777777425945,4,36.56
15940.0,310.85555555531755,1,35.8
17831.0,32.90347222192213,1,35.4
16856.0,14.160416666418314,1,35.4
14576.0,371.7909722221084,1,35.4
15744.0,77.12361111072823,1,34.8
16765.0,293.88124999962747,1,34.0
17408.0,162.99791666632518,1,32.65
13120.0,238.1048611109145,1,30.6
15657.0,22.021527777425945,1,30.0
18268.0,133.73402777779847,1,25.5
17102.0,261.11249999981374,1,25.5
17986.0,55.936111110728234,1,20.8
16953.0,29.87222222192213,1,20.8
16093.0,106.07013888889924,1,17.0
17763.0,262.9340277775191,1,15.0
13307.0,119.81666666641831,1,15.0
16878.0,83.79930555541068,1,13.3
17956.0,248.96041666623205,1,12.75
14792.0,63.146527777425945,1,6.2
16454.0,63.828472222201526,1,5.9
16738.0,297.1277777776122,1,3.75
